link_id,evidence_ref,target_object_type,target_object_id,evidence_use,confidence,quote_or_summary,source_id,notes
EVLINK_0001,EQ_PMC11833346_01,method_atom,ATOM_methods_report,method_atom,high,"Within the sixteen studies, there was a wide variety of applied processing software, with no two studies using the same processing pipeline or toolbox. Four studies did not report the software, while ",SRC_PMC11833346,From preprocessing_methods.software
EVLINK_0002,EQ_PMC11833346_02,background_only,,background_only,high,"six studies corrected for multiple comparisons (Bonferroni, false discovery rate, or family-wise error), one thresholded the t-maps at 50%, seven had no correction of alpha level, and one did not repo",SRC_PMC11833346,From analysis_methods.multiple_comparison_control
EVLINK_0003,EQ_PMC11833346_03,method_atom,ATOM_data_import,method_atom,high,"The number of channels differed along with technical advancement during the years the studies were conducted as well as the purpose of the studies (i.e., technical investigation or group-wise differen",SRC_PMC11833346,From acquisition.channels_n
EVLINK_0004,EQ_PMC11833346_04,background_only,ATOM_mbll_conversion,background_only,high,All included studies reported HbO2. The majority reported additionally HbR (N = 10) and only four studies reported total hemoglobin (HbT).,SRC_PMC11833346,From results_claims.CLM_PMC11833346_01
EVLINK_0005,EQ_PMC11833346_05,background_only,,background_only,high,"Especially the instruction on how the authors defined 'resting-state' is not reported in the majority of the studies. Another important point is that studies varied between eyes closed, eyes open, or ",SRC_PMC11833346,From risk_register.RSK_PMC11833346_04
EVLINK_0006,EQ_PMC11833346_06,background_only,,background_only,high,seven had no correction of alpha level,SRC_PMC11833346,From risk_register.RSK_PMC11833346_02
EVLINK_0007,EQ_PMC11833346_07,background_only,,background_only,high,"None of the studies was pre-registered. Also, data and code sharing, which is also mentioned by Yücel et al. (2021), would enable reproducibility.",SRC_PMC11833346,From risk_register.RSK_PMC11833346_06
EVLINK_0008,EQ_PMC11833346_08,method_atom,ATOM_signal_qc,risk_rule,high,"Ten of the 16 included studies reported clear rejection criteria based on signal-to-noise ratio or other signal quality metrics, but only three reported how many participants or channels were excluded",SRC_PMC11833346,From risk_register.RSK_PMC11833346_03
EVLINK_0009,EQ_PMC11833346_09,background_only,ATOM_resting_connectivity,background_only,high,"In Mild cognitive impairment, studies mainly found resting-state connectivity reductions in frontal regions. Hence, Mild cognitive impairment seems to be the only neurodegenerative disease that shows ",SRC_PMC11833346,From results_claims.CLM_PMC11833346_06
EVLINK_0010,EQ_PMC11833346_10,background_only,,background_only,high,"rsfNIRS seems to capture resting-state alterations related to neurodegenerative diseases... at the current state, we are far from finding a disease-specific biomarker due to study heterogeneity.",SRC_PMC11833346,From results_claims.CLM_PMC11833346_07
EVLINK_0011,EQ_PMC12929548_01,background_only,,background_only,high,"Most studies relied on unimodal neuroimaging, predominantly electroencephalography (EEG) or functional near-infrared spectroscopy (fNIRS), with only seven studies implementing multimodal combinations.",SRC_PMC12929548,From results_claims.CLM_PMC12929548_01
EVLINK_0012,EQ_PMC12929548_02,background_only,,background_only,high,"Analytically, functional connectivity dominated, whereas effective connectivity, multimodal fusion, and machine learning were scarcely used.",SRC_PMC12929548,From results_claims.CLM_PMC12929548_02
EVLINK_0013,EQ_PMC12929548_03,background_only,,background_only,high,"fNIRS emerged as the most versatile modality regarding analysis, appearing across nearly all analysis categories. It also represented the only instance of unsupervised machine learning within the incl",SRC_PMC12929548,From results_claims.CLM_PMC12929548_03
EVLINK_0014,EQ_PMC12929548_04,background_only,,background_only,high,"Executive function and social cognition consistently emerge as the most frequently investigated cognitive domains, forming the largest group of targeted cognitive functions.",SRC_PMC12929548,From results_claims.CLM_PMC12929548_04
EVLINK_0015,EQ_PMC12929548_05,background_only,,background_only,high,"Multimodal approaches remain rare. The most common pairing combined EEG with eye-tracking or ECG, the latter likely reflecting existing EEG measurement infrastructures. Notably, we did not identify an",SRC_PMC12929548,From risk_register.RSK_PMC12929548_01
EVLINK_0016,EQ_PMC12929548_06,background_only,,background_only,high,Only four out of 45 studies incorporated measures of effective connectivity. A possible explanation could be that effective connectivity measures require explicit biophysical or statistical generative,SRC_PMC12929548,From risk_register.RSK_PMC12929548_02
EVLINK_0017,EQ_PMC12929548_07,background_only,,background_only,high,"The degree of digitality modulates neural and behavioral responses, but the literature remains fragmented by different choices in task, measurement, and analysis. Findings from face-to-face hyperscann",SRC_PMC12929548,From results_claims.CLM_PMC12929548_05
EVLINK_0018,EQ_PMC12929548_08,background_only,,background_only,high,"We strongly encourage authors to report specific methodological details that directly impact the interpretation of inter-brain connectivity and synchronization. Based on our review of the literature, ",SRC_PMC12929548,From risk_register.RSK_PMC12929548_03
EVLINK_0019,EQ_PMC12505193_01,background_only,,background_only,high,"The dorsolateral PFC is identified as a critical area for Alzheimer's disease (AD) assessment using NIRS, correlating with cognitive performance.",SRC_PMC12505193,From results_claims.CLM_PMC12505193_01
EVLINK_0020,EQ_PMC12505193_02,background_only,ATOM_ml_classification,background_only,high,"Blood-based NIRS has emerged as a promising biomarker-driven approach for AD detection. Multivariate classification models of blood-based NIRS have achieved 92.8% accuracy, 87.5% sensitivity, and 96.1",SRC_PMC12505193,From results_claims.CLM_PMC12505193_02
EVLINK_0021,EQ_PMC12505193_03,method_atom,ATOM_methods_report,risk_rule,high,"Methodologically, the complexity of data processing poses another hurdle, as consistent preprocessing and reporting standards are lacking across studies. This complicates comparisons and undermines re",SRC_PMC12505193,From risk_register.RSK_PMC12505193_01
EVLINK_0022,EQ_PMC12505193_04,background_only,,background_only,high,"NIRS systems cost between $24,000 and $500,000, making them significantly more affordable than conventional neuroimaging methods. By comparison, MRI scanners can cost approximately $1.4 to $1.5 millio",SRC_PMC12505193,From results_claims.CLM_PMC12505193_04
EVLINK_0023,EQ_PMC12505193_05,background_only,,background_only,high,"Investigating NIRS findings in diverse ethnic groups, particularly underrepresented populations, is essential for a more inclusive understanding of neurological conditions and ensuring the equitable a",SRC_PMC12505193,From results_claims.CLM_PMC12505193_05
EVLINK_0024,EQ_PMC12061381_01,background_only,,background_only,high,"Neurophysiological metrics were observed to have superior sensitivity compared with peripheral autonomic measurements. EEG and fNIRS demonstrated 100% and 80% sensitivity, respectively, in detecting t",SRC_PMC12061381,From results_claims.CLM_PMC12061381_01
EVLINK_0025,EQ_PMC12061381_02,background_only,,background_only,high,Analysis by anatomical subregion identified workload-related activations across the bilateral DLPFC and VLPFC.,SRC_PMC12061381,From results_claims.CLM_PMC12061381_02
EVLINK_0026,EQ_PMC12061381_03,background_only,,background_only,high,CWL was not defined in 30 of 67 studies (44.8%).,SRC_PMC12061381,From results_claims.CLM_PMC12061381_03
EVLINK_0027,EQ_PMC12061381_04,background_only,,background_only,high,The specificity for cardiac and ocular systems was poor.,SRC_PMC12061381,From results_claims.CLM_PMC12061381_04
EVLINK_0028,EQ_PMC12061381_05,background_only,,background_only,high,"When >1 objective modality was used (multimodal studies), sensitivity increased.",SRC_PMC12061381,From results_claims.CLM_PMC12061381_05
EVLINK_0029,EQ_PMC12931874_01,background_only,,background_only,high,"Of the studies we identified, 5 of 10 in brain injury, 3 of 4 in brain development, 10 of 15 in neurodevelopment, 9 of 15 in AKI, and 1 of 3 in NEC reported associations with rSO2.",SRC_PMC12931874,From results_claims.CLM_PMC12931874_01
EVLINK_0030,EQ_PMC12931874_02,background_only,,background_only,high,The certainty of the evidence for all outcomes is regarded as low.,SRC_PMC12931874,From results_claims.CLM_PMC12931874_02
EVLINK_0031,EQ_PMC12931874_03,background_only,,background_only,high,"NIRS monitoring provides only a proxy for regional oxygenation, not a direct measure of oxygen delivery at a cellular level.",SRC_PMC12931874,From results_claims.CLM_PMC12931874_04
EVLINK_0032,EQ_PMC12931874_04,background_only,,background_only,high,Only seven studies performed quality control of NIRS measurements during data collection or processing.,SRC_PMC12931874,From risk_register.RSK_PMC12931874_02
EVLINK_0033,EQ_PMC12053328_01,background_only,,background_only,high,23 of the 41 studies reported increased HbO or HbT levels in the PFC during occupational workload.,SRC_PMC12053328,From results_claims.CLM_PMC12053328_01
EVLINK_0034,EQ_PMC12053328_02,background_only,,background_only,high,Only five studies examined typical office tasks.,SRC_PMC12053328,From results_claims.CLM_PMC12053328_02
EVLINK_0035,EQ_PMC12053328_03,background_only,,background_only,high,Only 17 explicitly implemented methods to correct systemic and extracerebral artifacts.,SRC_PMC12053328,From results_claims.CLM_PMC12053328_04
EVLINK_0036,EQ_PMC12053328_04,background_only,,background_only,high,Only two study conducted a sensitivity power analysis using G*Power 3 to determine sample size.,SRC_PMC12053328,From results_claims.CLM_PMC12053328_05
EVLINK_0037,EQ_PMC12053328_05,method_atom,ATOM_data_import,risk_rule,high,"Only two (63, 85) of the included studies employed this technique [short-separation channels], possibly due to hardware limitations in most fNIRS systems.",SRC_PMC12053328,From risk_register.RSK_PMC12053328_01
EVLINK_0038,EQ_PMC11221214_01,background_only,,background_only,high,"The incidence of postoperative delirium in the intervention group was significantly lower than that in the control group (OR, 0.657; 95% CI, 0.447–0.965; P = 0.032; I² = 0%).",SRC_PMC11221214,From results_claims.CLM_PMC11221214_01
EVLINK_0039,EQ_PMC11221214_02,background_only,,background_only,high,"There were no significant differences in the length of ICU stay (SMD, 0.005 days; 95% CI, −0.135–0.146; P = 0.940; I² = 39.3%).",SRC_PMC11221214,From results_claims.CLM_PMC11221214_02
EVLINK_0040,EQ_PMC11221214_03,background_only,,background_only,high,The definition criteria of cerebral oximetry desaturation in each study vary from below 75%–80% of baseline value or below 50%–60% of absolute value.,SRC_PMC11221214,From risk_register.RSK_PMC11221214_01
EVLINK_0041,EQ_PMC11221214_04,background_only,,background_only,high,Intraoperative rSO2 monitoring can reduce the incidence of POD and improve the postoperative quality of life.,SRC_PMC11221214,From results_claims.CLM_PMC11221214_04
EVLINK_0042,EQ_PMC7396619_01,background_only,,background_only,high,Several studies show that people can regulate hemodynamic signals from cortical brain regions with fNIRS-neurofeedback.,SRC_PMC7396619,From results_claims.CLM_PMC7396619_01
EVLINK_0043,EQ_PMC7396619_02,background_only,,background_only,high,The median sample size of the studies was 20 (12 per cell).,SRC_PMC7396619,From results_claims.CLM_PMC7396619_02
EVLINK_0044,EQ_PMC7396619_03,background_only,,background_only,high,Our results showed that the power was even insufficient to reliably detect large behavioral effects (0.43).,SRC_PMC7396619,From risk_register.RSK_PMC7396619_01
EVLINK_0045,EQ_PMC7396619_04,background_only,,background_only,high,Only one study reported a pre-registration of the experimental protocol.,SRC_PMC7396619,From risk_register.RSK_PMC7396619_03
EVLINK_0046,EQ_PMC7396619_05,background_only,ATOM_data_export,background_only,high,"None of the studies reported having uploaded materials, analysis scripts, code, or data to an open-access data repository.",SRC_PMC7396619,From results_claims.CLM_PMC7396619_05
EVLINK_0047,EQ_PMC3598807_01,background_only,,background_only,high,"By far, the most commonly used brand of system is Hitachi (58%). The second most common is Hamamatsu (20%).",SRC_PMC3598807,From results_claims.CLM_PMC3598807_01
EVLINK_0048,EQ_PMC3598807_02,background_only,,background_only,high,The lowest attrition rates are found in newborns and in 5- to 8-month-olds.,SRC_PMC3598807,From results_claims.CLM_PMC3598807_02
EVLINK_0049,EQ_PMC3598807_03,background_only,,background_only,high,"Oxy-Hb increased after stimulation in most of the entries (81 out of 95, or 85%).",SRC_PMC3598807,From results_claims.CLM_PMC3598807_03
EVLINK_0050,EQ_PMC3598807_04,background_only,ATOM_methods_report,background_only,high,We propose a set of strongly recommended and additional reporting guidelines.,SRC_PMC3598807,From results_claims.CLM_PMC3598807_04
EVLINK_0051,EQ_PMC12909569_01,background_only,,background_only,high,The mean accuracy across the studies was 93.39% with a standard deviation of 6.50%,SRC_PMC12909569,From results_claims.CLM_PMC12909569_01
EVLINK_0052,EQ_PMC12909569_02,background_only,,background_only,high,The inter-study agreement analysis demonstrated a strong heterogeneity regarding both neurophysiological findings and preprocessing strategies.,SRC_PMC12909569,From risk_register.RSK_PMC12909569_01
EVLINK_0053,EQ_PMC12909569_03,background_only,,background_only,high,"fNIRS studies focused on alterations in regions associated with language and social cognition, such as the inferior frontal gyrus (IFG) and temporal cortex (TC).",SRC_PMC12909569,From results_claims.CLM_PMC12909569_03
EVLINK_0054,EQ_PMC12909569_04,background_only,,background_only,high,"many studies employed in-house datasets, limiting reproducibility and preventing independent verification of the reported results.",SRC_PMC12909569,From results_claims.CLM_PMC12909569_04
EVLINK_0055,EQ_PMC12347915_01,background_only,,background_only,high,39 studies (83.0%) explicitly reported a positive association between fNIRS activation and symptom improvement.,SRC_PMC12347915,From results_claims.CLM_PMC12347915_01
EVLINK_0056,EQ_PMC12347915_02,background_only,,background_only,high,"Motion correction procedures were reported in 44.7% of the included studies (n = 21), while the remaining 55.3% (n = 26) did not apply or report any such correction.",SRC_PMC12347915,From risk_register.RSK_PMC12347915_01
EVLINK_0057,EQ_PMC12347915_03,background_only,,background_only,high,"The dorsolateral prefrontal cortex (DLPFC) was the most frequently measured region (55.3%), followed by broader prefrontal cortex (PFC) coverage (23.4%).",SRC_PMC12347915,From results_claims.CLM_PMC12347915_03
EVLINK_0058,EQ_PMC12347915_04,background_only,,background_only,high,Only 12.8% of studies explicitly stated whether a link between fNIRS signal change and clinical improvement was examined or found.,SRC_PMC12347915,From risk_register.RSK_PMC12347915_02
EVLINK_0059,EQ_PMC7868344_01,background_only,ATOM_ml_classification,background_only,high,"Fusing EEG and fNIRS is a well-known and established methodology proven to enhance brain-computer interface (BCI) performance in terms of classification accuracy, number of control commands, and respo",SRC_PMC7868344,From results_claims.CLM_PMC7868344_01
EVLINK_0060,EQ_PMC7868344_02,method_atom,ATOM_motion_correction,risk_rule,high,"since both modalities, EEG and fNIRS, are sensitive to motion artifacts, instrumental, and physiological noises, there is a quest for more robust and sophisticated signal processing algorithms.",SRC_PMC7868344,From risk_register.RSK_PMC7868344_01
EVLINK_0061,EQ_PMC7868344_03,background_only,,background_only,high,"hybrid temporal and spatial features, obtained by virtue of fusing EEG and fNIRS and associated with cortical activation, can help better identify the correlation between brain activation and gait.",SRC_PMC7868344,From results_claims.CLM_PMC7868344_03
EVLINK_0062,EQ_PMC12952035_01,background_only,,background_only,high,Functional near-infrared spectroscopy data suggested more efficient prefrontal recruitment during walking after interactive or enriched exercise.,SRC_PMC12952035,From results_claims.CLM_PMC12952035_03
EVLINK_0063,EQ_PMC12952035_02,background_only,,background_only,high,"Technology-assisted interventions that embedded cognitive demands in movement tasks produced small-to-moderate improvements in executive function, working memory, and dual-task gait.",SRC_PMC12952035,From results_claims.CLM_PMC12952035_01
EVLINK_0064,EQ_PMC12425739_01,background_only,,background_only,high,"Resting-state studies revealed reduced brain activation in the frontal, temporal, and parietal lobes in AD and MCI patients, along with significant reductions in tissue oxygenation index (TOI) and fun",SRC_PMC12425739,From results_claims.CLM_PMC12425739_01
EVLINK_0065,EQ_PMC12425739_02,background_only,,background_only,high,"Machine learning models applied to fNIRS data showed high accuracy in classifying MCI and AD, with some models achieving accuracy rates of up to 90%.",SRC_PMC12425739,From results_claims.CLM_PMC12425739_02
EVLINK_0066,EQ_PMC11428271_01,background_only,,background_only,high,There currently does not exist a robust gold-standard method for artifact management for these signals.,SRC_PMC11428271,From results_claims.CLM_PMC11428271_01
EVLINK_0067,EQ_PMC11428271_02,background_only,ATOM_motion_correction,background_only,high,The methods outlined in these articles were grouped under two major categories: (1) motion and other disconnection artifact removal methods; (2) data quality improvement and physiological/other noise ,SRC_PMC11428271,From results_claims.CLM_PMC11428271_02
EVLINK_0068,EQ_PMC10683738_01,background_only,,background_only,high,"Of 29 studies, 26 reported decreased NVC with increasing severity of cSVD, of which 18 were individually significant.",SRC_PMC10683738,From results_claims.CLM_PMC10683738_01
EVLINK_0069,EQ_PMC10683738_02,background_only,,background_only,high,"%BOLD occipital change to a visual stimulus was consistently reduced with more severe WMH (seven studies, SMD -1.51, p < 0.01) and increasing microbleeds (seven studies, SMD -1.31, p < 0.01).",SRC_PMC10683738,From results_claims.CLM_PMC10683738_02
EVLINK_0070,EQ_PMC10014824_01,background_only,,background_only,high,"The findings indicate that EEG is the preferred neuroimaging sensor for detecting brain activity patterns, compared to fMRI, fNIRS, and PET.",SRC_PMC10014824,From results_claims.CLM_PMC10014824_01
EVLINK_0072,EQ_PMC9245014_01,background_only,,background_only,high,"The findings from the review revealed that most of the articles have followed the social psychology paradigm, while 36% of the selected studies have an application in cognitive neuroscience.",SRC_PMC9245014,From results_claims.CLM_PMC9245014_01
EVLINK_0073,EQ_PMC9245014_02,background_only,,background_only,high,"While most of the experiments have control experiments as a part of their setup, a small number implemented algorithmic control, and only one study had interventional or a stimulus-induced control exp",SRC_PMC9245014,From risk_register.RSK_PMC9245014_01
EVLINK_0074,EQ_PMC8918582_01,background_only,,background_only,high,The random-effects modeling results confirmed a robust positive correlation between INS and learning outcomes.,SRC_PMC8918582,From results_claims.CLM_PMC8918582_01
EVLINK_0075,EQ_PMC8886122_01,background_only,,background_only,high,Chronic intervention effects (multiple sessions) were greater than acute intervention effects (single session).,SRC_PMC8886122,From results_claims.CLM_PMC8886122_01
EVLINK_0076,EQ_PMC8886122_02,background_only,,background_only,high,"studies found physical activity/movement intervention-related changes in neural activity, indicating normalization of cortical arousal in individuals with attention-deficit /hyperactivity disorder (AD",SRC_PMC8886122,From results_claims.CLM_PMC8886122_02
EVLINK_0077,EQ_PMC7827826_01,background_only,,background_only,high,"despite the lower Signal-to-Noise Ratio (SNR) of the EEG data that makes pre-processing of that data mandatory, we have found that the pre-processing has only been used in 21.28% of the cases by showi",SRC_PMC7827826,From results_claims.CLM_PMC7827826_01
EVLINK_0078,EQ_PMC2761652_01,background_only,,background_only,high,NIRS offers a higher temporal resolution and additional spectroscopic information about both oxyhemoglobin and deoxyhemoglobin changes in comparison with fMRI.,SRC_PMC2761652,From results_claims.CLM_PMC2761652_01
EVLINK_0079,EQ_PMC8888846_01,background_only,ATOM_first_level_glm,background_only,high,We found substantial evidence that surgical expertise can be delineated by differential activation and connectivity in the prefrontal cortex (PFC) across multiple task and neuroimaging modalities.,SRC_PMC8888846,From results_claims.CLM_PMC8888846_01
EVLINK_0080,EQ_PMC8881080_01,background_only,,background_only,high,"The advantages of using DL for DOI versus conventional inverse solvers cited in the literature reviewed herein are numerous. These include, among others, a decrease in analysis time (often by many ord",SRC_PMC8881080,From results_claims.CLM_PMC8881080_01
EVLINK_0082,EQ_PMC4309034_01,background_only,,background_only,high,"In relation to the prefrontal cortex, fNIRS showed a significant advantage due to no hair in detecting the cognitive tasks like mental arithmetic, music imagery, emotion induction, etc.",SRC_PMC4309034,From results_claims.CLM_PMC4309034_01
EVLINK_0083,EQ_PMC13290608_01,background_only,,background_only,high,"The results showed that the TMS-fNIRS combined protocol was safe and feasible, with six of the nine interventional studies reporting statistically significant improvements in motor function.",SRC_PMC13290608,From results_claims.CLM_PMC13290608_01
EVLINK_0084,EQ_PMC13290608_02,background_only,,background_only,high,"effective TMS interventions could enhance the activation of the ipsilesional primary motor cortex, facilitate the restoration of interhemispheric balance, and improve local and interhemispheric functi",SRC_PMC13290608,From results_claims.CLM_PMC13290608_02
EVLINK_0085,EQ_PMC13169947_01,background_only,,background_only,high,"Qualitative synthesis indicated that skilled ball kicking performance was generally accompanied by phase-specific cortical dynamics (e.g., within frontal, sensorimotor/central, and parieto-occipital r",SRC_PMC13169947,From results_claims.CLM_PMC13169947_01
EVLINK_0086,EQ_PMC13030400_01,background_only,,background_only,high,"Multimodal neuroimaging techniques, namely electroencephalography (EEG), functional magnetic resonance imaging (fMRI), and functional near-infrared spectroscopy (fNIRS), can non-invasively quantify ne",SRC_PMC13030400,From results_claims.CLM_PMC13030400_02
EVLINK_0087,EQ_PMC12680975_01,background_only,,background_only,high,se observa una alteración de CPFDL izquierda lo que puede ser indicador de patología y una activación CPFDL derecha ante estímulos agradables,SRC_PMC12680975,From results_claims.CLM_PMC12680975_01
EVLINK_0088,EQ_PMC11958174_01,background_only,,background_only,high,Combining fMRI's high spatial resolution with fNIRs's superior temporal resolution and portability enables robust spatiotemporal mapping of neural activity.,SRC_PMC11958174,From results_claims.CLM_PMC11958174_01
EVLINK_0089,EQ_PMC10790870_01,background_only,,background_only,high,"Novice surgeons exhibit greater haemodynamic responses across the pre-frontal cortex than experts during simple surgical tasks, whilst expert surgical performance is characterized by relative prefront",SRC_PMC10790870,From results_claims.CLM_PMC10790870_01
EVLINK_0090,EQ_PMC10259670_01,background_only,,background_only,high,"To facilitate the broader use of predictive models in FIT neuroimaging, we present a brief systematic review and primer on the methods used in current predictive modeling FIT studies.",SRC_PMC10259670,From results_claims.CLM_PMC10259670_01
EVLINK_0091,EQ_PMC9277676_01,background_only,,background_only,high,"The majority of studies investigated gait, showing that slower gait was associated with smaller hippocampal volume and prefrontal deactivation.",SRC_PMC9277676,From results_claims.CLM_PMC9277676_01
EVLINK_0092,EQ_PMC8517226_01,background_only,,background_only,high,"Across all studies, fNIRS demonstrated reduced cerebral hemodynamic changes in suicidal individuals when compared to non-suicidal individuals.",SRC_PMC8517226,From results_claims.CLM_PMC8517226_01
EVLINK_0093,EQ_PMC8081903_01,background_only,,background_only,high,"From birth, musical stimuli elicit distinct but immature electrical responses, with components of the auditory evoked response having longer latencies and variable amplitudes compared to their adult c",SRC_PMC8081903,From results_claims.CLM_PMC8081903_01
EVLINK_0094,EQ_PMC7893520_01,background_only,,background_only,high,"Though it is not without inherent challenges, fNIRS may have advantages over other neuroimaging techniques in the areas of speech and language impairment.",SRC_PMC7893520,From results_claims.CLM_PMC7893520_01
EVLINK_0095,EQ_PMC7232562_01,background_only,,background_only,high,fNIRS consistently demonstrated attenuated cerebral hemodynamic changes in depressed compared to healthy individuals.,SRC_PMC7232562,From results_claims.CLM_PMC7232562_01
EVLINK_0096,EQ_PMC6721320_01,background_only,,background_only,high,"Unlike fMRI, PET and SPECT, which are secondary measures of metabolism over much longer time scales, MEG directly measures neuronal activities associated with various brain functions of interest.",SRC_PMC6721320,From results_claims.CLM_PMC6721320_01
EVLINK_0097,EQ_PMC13275668_01,background_only,,background_only,high,"Across modalities, the most consistent pattern was the co-occurrence of favorable psychological or cognitive-emotional findings with Tai Chi-related neural change.",SRC_PMC13275668,From results_claims.CLM_PMC13275668_01
EVLINK_0098,EQ_PMC13273974_01,background_only,,background_only,high,"Oppositionality involved limbic-striatal and cerebello-cortical differences, with ODD+ADHD showing greater executive and emotion-processing deficits than ADHD alone.",SRC_PMC13273974,From results_claims.CLM_PMC13273974_01
EVLINK_0099,EQ_PMC13013050_01,background_only,,background_only,high,fNIRS studies reported increased activation in the left dorsolateral prefrontal cortex after art therapy.,SRC_PMC13013050,From results_claims.CLM_PMC13013050_01
EVLINK_0100,EQ_PMC12861188_01,background_only,,background_only,high,fNIRS studies found increased activation in the superior temporal sulcus-temporoparietal junction and prefrontal regions of the brain.,SRC_PMC12861188,From results_claims.CLM_PMC12861188_01
EVLINK_0101,EQ_PMC12014625_01,background_only,,background_only,high,ROI activation levels differed inconsistently between patients with MCI and individuals with normal cognition across studies.,SRC_PMC12014625,From results_claims.CLM_PMC12014625_01
EVLINK_0102,EQ_PMC11042249_01,background_only,,background_only,high,"Our results indicated that exercise interventions alter oxygenated hemoglobin levels in the prefrontal cortex and motor cortex, which are associated with improvements in higher cognitive functions.",SRC_PMC11042249,From results_claims.CLM_PMC11042249_01
EVLINK_0103,EQ_PMC11016629_01,background_only,,background_only,high,"MCI patients exhibited reduced resting-state FC, predominantly in the prefrontal, parietal, and occipital cortex.",SRC_PMC11016629,From results_claims.CLM_PMC11016629_01
EVLINK_0104,EQ_PMC11016629_02,background_only,,background_only,high,"fNIRS effectively identified abnormalities in FC between MCI and HC, indicating disrupted FC as potential markers for the early detection of MCI.",SRC_PMC11016629,From results_claims.CLM_PMC11016629_02
EVLINK_0105,EQ_PMC10469683_01,background_only,,background_only,high,"Compared to LL infants, EL infants exhibited (1) atypical language-related neural lateralization; (2) alterations in structural and functional connectivity; and (3) mixed profiles of neural sensitivit",SRC_PMC10469683,From results_claims.CLM_PMC10469683_01
EVLINK_0106,EQ_PMC10169732_01,background_only,,background_only,high,"Although it is demonstrated that neural correlates of meaningful activities can be measured objectively by neurophysiological registration techniques, ""meaning"" as such has not yet been investigated e",SRC_PMC10169732,From results_claims.CLM_PMC10169732_01
EVLINK_0107,EQ_PMC9980909_01,background_only,ATOM_first_level_glm,background_only,high,"The primary analysis showed more significant PFC activation in stroke patients performing dual-task walking than single-task walking (SMD = 0.340, P = 0.02, I2 = 7.853%, 95% CI = 0.054–0.626).",SRC_PMC9980909,From results_claims.CLM_PMC9980909_01
EVLINK_0108,EQ_PMC12394262_01,background_only,,background_only,high,Review explicitly states no studies used rs-fNIRS. Primarily about fMRI (1.5T or 3T scanners).,SRC_PMC12394262,From risk_register.RSK_PMC12394262_01
EVLINK_0109,EQ_PMC11528424_01,background_only,,background_only,high,"Not primarily about fNIRS. MEG, PET, fMRI more prominent.",SRC_PMC11528424,From risk_register.RSK_PMC11528424_01
EVLINK_0110,EQ_PMC12011959_01,background_only,,background_only,high,Clinical NIRS monitoring (CrSO2) in neonates during resuscitation. NOT functional fNIRS brain imaging.,SRC_PMC12011959,From risk_register.RSK_PMC12011959_01
EVLINK_0111,EQ_PMC12080153_01,background_only,,background_only,high,Clinical NIRS monitoring in neonatal transfusion. NOT functional fNIRS brain imaging.,SRC_PMC12080153,From risk_register.RSK_PMC12080153_01
EVLINK_0112,EQ_PMC11688251_01,background_only,,background_only,high,Clinical NIRS monitoring in pediatric CHD. NOT functional fNIRS brain imaging.,SRC_PMC11688251,From risk_register.RSK_PMC11688251_01
EVLINK_0113,EQ_PMC12340143_01,background_only,,background_only,high,The heterogeneity of the results together with the lack of a clear and consistent association between RSO2 values and AKI currently preclude recommending NIRS monitoring.,SRC_PMC12340143,From risk_register.RSK_PMC12340143_01
EVLINK_0114,EQ_PMC12619181_01,background_only,,background_only,high,Clinical NIRS monitoring in aSAH. NOT functional fNIRS brain imaging.,SRC_PMC12619181,From risk_register.RSK_PMC12619181_01
EVLINK_0115,EQ_PMC12744649_01,background_only,,background_only,high,Clinical NIRS monitoring in OHCA. NOT functional fNIRS brain imaging.,SRC_PMC12744649,From risk_register.RSK_PMC12744649_01
EVLINK_0116,EQ_PMC13049829_01,background_only,,background_only,high,Clinical NIRS monitoring (rSO2) in neonatal PDA. NOT functional fNIRS brain imaging.,SRC_PMC13049829,From risk_register.RSK_PMC13049829_01
EVLINK_0117,EQ_PMC13075027_01,background_only,,background_only,high,Clinical NIRS monitoring during CPR. NOT functional fNIRS brain imaging.,SRC_PMC13075027,From risk_register.RSK_PMC13075027_01
EVLINK_0118,EQ_PMC1764902_01,background_only,,background_only,high,Primarily about TCD monitoring. Mentions NIRS as complementary tool. NOT functional fNIRS.,SRC_PMC1764902,From risk_register.RSK_PMC1764902_01
EVLINK_0119,EQ_PMC3863709_01,background_only,,background_only,high,Clinical NIRS monitoring in cardiac surgery. NOT functional fNIRS brain imaging.,SRC_PMC3863709,From risk_register.RSK_PMC3863709_01
EVLINK_0120,EQ_PMC5595187_01,background_only,,background_only,high,Clinical NIRS monitoring in cardiac surgery. NOT functional fNIRS brain imaging.,SRC_PMC5595187,From risk_register.RSK_PMC5595187_01
EVLINK_0121,EQ_PMC5960703_01,background_only,,background_only,high,Clinical NIRS monitoring in neonates. NOT functional fNIRS brain imaging.,SRC_PMC5960703,From risk_register.RSK_PMC5960703_01
EVLINK_0122,EQ_PMC6491319_01,background_only,,background_only,high,Clinical NIRS monitoring (cerebral oximetry) in surgery. NOT functional fNIRS brain imaging.,SRC_PMC6491319,From risk_register.RSK_PMC6491319_01
EVLINK_0123,EQ_PMC7267214_01,background_only,,background_only,high,Clinical NIRS monitoring in HIE. NOT functional fNIRS brain imaging.,SRC_PMC7267214,From risk_register.RSK_PMC7267214_01
EVLINK_0124,EQ_PMC7438789_01,background_only,,background_only,high,Clinical NIRS monitoring in neonates. NOT functional fNIRS brain imaging.,SRC_PMC7438789,From risk_register.RSK_PMC7438789_01
EVLINK_0125,EQ_PMC7454961_01,background_only,,background_only,high,Clinical NIRS monitoring in cardiac arrest. NOT functional fNIRS brain imaging.,SRC_PMC7454961,From risk_register.RSK_PMC7454961_01
EVLINK_0126,EQ_PMC7952449_01,background_only,,background_only,high,Clinical NIRS monitoring in preterm infants. NOT functional fNIRS brain imaging.,SRC_PMC7952449,From risk_register.RSK_PMC7952449_01
EVLINK_0127,EQ_PMC9312707_01,background_only,,background_only,high,Muscle NIRS in exercise clinical trials. NOT functional brain fNIRS.,SRC_PMC9312707,From risk_register.RSK_PMC9312707_01
EVLINK_0128,EQ_PMC10202983_01,background_only,,background_only,high,Clinical NIRS monitoring in death determination. NOT functional fNIRS brain imaging.,SRC_PMC10202983,From risk_register.RSK_PMC10202983_01
EVLINK_0129,EQ_PMC11027033_01,background_only,,background_only,high,Clinical NIRS monitoring in HIE neonates during hypothermia. NOT functional fNIRS brain imaging.,SRC_PMC11027033,From risk_register.RSK_PMC11027033_01
EVLINK_0130,EQ_PMC9815777_01,background_only,,background_only,high,"This review finds that odor induced cortical activation is dependent on multiple factors, such as odorant type, gender and population type.",SRC_PMC9815777,From results_claims.CLM_PMC9815777_01
EVLINK_0131,EQ_PMC9815777_02,background_only,ATOM_data_import,background_only,high,"This review also finds that there is room for improvement in areas such as participant diversity, use of wearable fNIRS systems, physiological monitoring and multi-distance channels.",SRC_PMC9815777,From results_claims.CLM_PMC9815777_02
EVLINK_0132,EQ_PMC9815777_03,background_only,,background_only,high,"fNIRS coverage heavily favored the prefrontal cortex, temporal and parietal regions.",SRC_PMC9815777,From risk_register.RSK_PMC9815777_02
EVLINK_0133,EQ_PMC9047047_01,background_only,,background_only,high,No studies investigating NIRS and ONSD outside the ICU were found.,SRC_PMC9047047,From results_claims.CLM_PMC9047047_01
EVLINK_0134,EQ_PMC8851356_01,background_only,ATOM_mbll_conversion,background_only,high,"fNIRS showed distinct developmental trajectories in functional connectivity and regional oxyhemoglobin concentrations in high-risk infants, correlated with core ASD symptoms.",SRC_PMC8851356,From results_claims.CLM_PMC8851356_01
EVLINK_0135,EQ_PMC8414570_01,background_only,,background_only,high,Three studies found no effect of HbF on cerebral tissue oxygenation. One peripheral NIRS study found a positive correlation between HbF and peripheral fractional oxygen extraction.,SRC_PMC8414570,From results_claims.CLM_PMC8414570_01
EVLINK_0136,EQ_PMC8058208_01,background_only,,background_only,high,The effects of tDCS on cognitive performance and fNIRS metrics are most prominent in young healthy adults and appear to become less robust with increasing age.,SRC_PMC8058208,From results_claims.CLM_PMC8058208_01
EVLINK_0137,EQ_PMC12777921_01,background_only,,background_only,medium,Cochrane review of cerebral NIRS monitoring in very preterm infants. Update of 2017 review.,SRC_PMC12777921,From results_claims.CLM_PMC12777921_01
EVLINK_0138,EQ_PMC12821684_01,background_only,ATOM_mbll_conversion,background_only,high,"fNIRS operates on the principle of neurovascular coupling, measuring hemodynamic changes (HbO/HbR) in the cortex that peak 6–8 s after stimulation.",SRC_PMC12821684,From results_claims.CLM_PMC12821684_01
EVLINK_0139,EQ_PMC12731443_01,background_only,,background_only,high,The delirium group had a lower mean baseline rSO2 value.,SRC_PMC12731443,From results_claims.CLM_PMC12731443_01
EVLINK_0140,EQ_PMC12717444_01,background_only,,background_only,medium,Review of Intercerebral autoregulation index consistency.,SRC_PMC12717444,From results_claims.CLM_PMC12717444_01
EVLINK_0141,EQ_PMC12500479_01,background_only,,background_only,high,CrSO2 rising from 36-37% at one minute to 52-84% by seven to 15 minutes in preterm neonates.,SRC_PMC12500479,From results_claims.CLM_PMC12500479_01
EVLINK_0142,EQ_PMC12384336_01,background_only,,background_only,high,Not about fNIRS. EEG-focused review.,SRC_PMC12384336,From results_claims.CLM_PMC12384336_01
EVLINK_0143,EQ_PMC12134447_01,background_only,,background_only,high,"Preliminary observations suggest greater magnitude, extent, and ipsilateral hemispheric lateralization of sensorimotor cortex activity in CP.",SRC_PMC12134447,From results_claims.CLM_PMC12134447_01
EVLINK_0144,EQ_PMC10146120_01,background_only,,background_only,high,"When the intracerebral perfusion was altered, the correlations between Hb concentrations and intracerebral reference technique measurements ranged between |r| = 0.45–0.88.",SRC_PMC10146120,From results_claims.CLM_PMC10146120_01
EVLINK_0145,EQ_PMC9780687_01,background_only,ATOM_mbll_conversion,background_only,high,"Our review revealed five general practices for reporting fNIRS chromophores: (1) HbO only, (2) HbR only, (3) HbO and HbR, (4) correlation-based signal improvement, and (5) either the total (HbT) or di",SRC_PMC9780687,From results_claims.CLM_PMC9780687_01
EVLINK_0146,EQ_PMC9335366_01,background_only,,background_only,high,"Much of the literature supported a positive linear relationship between changes in CW-NIRS based metrics, particularly regional cerebral oxygen saturation (rSO2), and changes in CBF.",SRC_PMC9335366,From results_claims.CLM_PMC9335366_01
EVLINK_0147,EQ_PMC7315225_01,background_only,ATOM_first_level_glm,background_only,high,"At rest, an overall increase in cortical activation was observed in fNIRS responses at the site of stimulation. Conversely, during tasks, reduced cortical activation was observed during online stimula",SRC_PMC7315225,From results_claims.CLM_PMC7315225_01
EVLINK_0148,EQ_PMC6953699_01,background_only,,background_only,high,"The hybrid algorithm corrected 94% of the artifacts produced by JM, and it did not lead to spurious responses in the data.",SRC_PMC6953699,From results_claims.CLM_PMC6953699_01
EVLINK_0150,EQ_PMC11048695_01,background_only,,background_only,medium,Review of Remote wearable neuroimaging devices.,SRC_PMC11048695,From results_claims.CLM_PMC11048695_01
EVLINK_0151,EQ_PMC10863935_01,background_only,,background_only,medium,Review of Skin pigmentation impact on NIRS.,SRC_PMC10863935,From results_claims.CLM_PMC10863935_01
EVLINK_0152,EQ_PMC9442204_01,background_only,,background_only,medium,Review of NIRS cerebral oxygenation in pediatric CHD.,SRC_PMC9442204,From results_claims.CLM_PMC9442204_01
EVLINK_0153,EQ_PMC13031484_01,background_only,,background_only,medium,Review of Light propagation simulations in head tissues.,SRC_PMC13031484,From results_claims.CLM_PMC13031484_01
EVLINK_0154,EQ_PMC12877426_01,background_only,,background_only,high,"On average, signal quality improved by 50%, with the greatest improvements in anterior regions.",SRC_PMC12877426,From results_claims.CLM_PMC12877426_01
EVLINK_0155,EQ_PMC10277131_01,background_only,,background_only,medium,Protocol for systematic review of NIRS diagnostic accuracy for PV-IVH.,SRC_PMC10277131,From results_claims.CLM_PMC10277131_01
EVLINK_0156,EQ_PMC13102829_01,background_only,,background_only,low,Metadata only extraction.,SRC_PMC13102829,From results_claims.CLM_PMC13102829_01
EVLINK_0157,EQ_PMC8564674_01,background_only,,background_only,low,Metadata only extraction.,SRC_PMC8564674,From results_claims.CLM_PMC8564674_01
EVLINK_0158,EQ_PMC7586414_01,background_only,,background_only,low,Metadata only extraction.,SRC_PMC7586414,From results_claims.CLM_PMC7586414_01
EVLINK_0159,EQ_PMC7506757_01,background_only,,background_only,low,Metadata only extraction.,SRC_PMC7506757,From results_claims.CLM_PMC7506757_01
EVLINK_0160,EQ_PMC7139562_01,background_only,,background_only,low,Metadata only extraction.,SRC_PMC7139562,From results_claims.CLM_PMC7139562_01
EVLINK_0161,EQ_PMC6866983_01,background_only,,background_only,low,Metadata only extraction.,SRC_PMC6866983,From results_claims.CLM_PMC6866983_01
EVLINK_0162,EQ_PMC10297241_01,background_only,,background_only,low,Metadata only extraction.,SRC_PMC10297241,From results_claims.CLM_PMC10297241_01
EVLINK_0163,EQ_PMC9163532_01,background_only,,background_only,low,Metadata only extraction.,SRC_PMC9163532,From results_claims.CLM_PMC9163532_01
EVLINK_0164,EQ_PMC12942210_01,background_only,,background_only,low,Metadata only extraction.,SRC_PMC12942210,From results_claims.CLM_PMC12942210_01
EVLINK_0165,EQ_PMC12565398_01,background_only,,background_only,low,Metadata only extraction.,SRC_PMC12565398,From results_claims.CLM_PMC12565398_01
EVLINK_0166,EQ_PMC12563692_01,background_only,,background_only,low,Metadata only extraction.,SRC_PMC12563692,From results_claims.CLM_PMC12563692_01
EVLINK_0167,EQ_PMC12527594_01,background_only,,background_only,low,Metadata only extraction.,SRC_PMC12527594,From results_claims.CLM_PMC12527594_01
EVLINK_0168,EQ_PMC12329493_01,background_only,,background_only,low,Metadata only extraction.,SRC_PMC12329493,From results_claims.CLM_PMC12329493_01
EVLINK_0169,EQ_PMC11793855_01,background_only,,background_only,low,Metadata only extraction.,SRC_PMC11793855,From results_claims.CLM_PMC11793855_01
EVLINK_0170,EQ_PMC11592962_01,background_only,,background_only,low,Metadata only extraction.,SRC_PMC11592962,From results_claims.CLM_PMC11592962_01
EVLINK_0171,EQ_PMC11566259_01,background_only,,background_only,low,Metadata only extraction.,SRC_PMC11566259,From results_claims.CLM_PMC11566259_01
EVLINK_0172,EQ_PMC10856314_01,background_only,,background_only,low,Metadata only extraction.,SRC_PMC10856314,From results_claims.CLM_PMC10856314_01
EVLINK_0173,EQ_PMC10576530_01,background_only,,background_only,low,Metadata only extraction.,SRC_PMC10576530,From results_claims.CLM_PMC10576530_01
EVLINK_0174,EQ_PMC9062216_01,background_only,,background_only,low,Metadata only extraction.,SRC_PMC9062216,From results_claims.CLM_PMC9062216_01
EVLINK_0175,EQ_PMC8891065_01,background_only,,background_only,low,Metadata only extraction.,SRC_PMC8891065,From results_claims.CLM_PMC8891065_01
EVLINK_0176,EQ_PMC8062863_01,background_only,,background_only,low,Metadata only extraction.,SRC_PMC8062863,From results_claims.CLM_PMC8062863_01
EVLINK_0177,EQ_PMC7946992_01,background_only,,background_only,low,Metadata only extraction.,SRC_PMC7946992,From results_claims.CLM_PMC7946992_01
EVLINK_0178,EQ_PMC7865258_01,background_only,,background_only,low,Metadata only extraction.,SRC_PMC7865258,From results_claims.CLM_PMC7865258_01
EVLINK_0179,EQ_PMC7744464_01,background_only,,background_only,low,Metadata only extraction.,SRC_PMC7744464,From results_claims.CLM_PMC7744464_01
EVLINK_0180,EQ_PMC6438879_01,background_only,,background_only,low,Metadata only extraction.,SRC_PMC6438879,From results_claims.CLM_PMC6438879_01
EVLINK_0181,EQ_PMC5363470_01,background_only,,background_only,low,Metadata only extraction.,SRC_PMC5363470,From results_claims.CLM_PMC5363470_01
EVLINK_0182,EQ_PMC3800185_01,background_only,,background_only,low,Metadata only extraction.,SRC_PMC3800185,From results_claims.CLM_PMC3800185_01
EVLINK_0183,EQ_PMC3678374_01,background_only,,background_only,low,Metadata only extraction.,SRC_PMC3678374,From results_claims.CLM_PMC3678374_01
EVLINK_0184,EQ_PMC11258506_01,background_only,,background_only,low,Metadata only extraction.,SRC_PMC11258506,From results_claims.CLM_PMC11258506_01
EVLINK_0185,EQ_PMC11154537_01,background_only,,background_only,low,Metadata only extraction.,SRC_PMC11154537,From results_claims.CLM_PMC11154537_01
EVLINK_0186,EQ_PMC10604223_01,background_only,,background_only,low,Metadata only extraction.,SRC_PMC10604223,From results_claims.CLM_PMC10604223_01
EVLINK_0187,EQ_PMC10514737_01,background_only,,background_only,low,Metadata only extraction.,SRC_PMC10514737,From results_claims.CLM_PMC10514737_01
EVLINK_0188,EQ_PMC10460757_01,background_only,,background_only,low,Metadata only extraction.,SRC_PMC10460757,From results_claims.CLM_PMC10460757_01
EVLINK_0189,EQ_PMC10394887_01,background_only,,background_only,low,Metadata only extraction.,SRC_PMC10394887,From results_claims.CLM_PMC10394887_01
EVLINK_0190,EQ_PMC9832127_01,background_only,,background_only,low,Metadata only extraction.,SRC_PMC9832127,From results_claims.CLM_PMC9832127_01
EVLINK_0191,EQ_PMC9511429_01,background_only,,background_only,low,Metadata only extraction.,SRC_PMC9511429,From results_claims.CLM_PMC9511429_01
EVLINK_0192,EQ_PMC10265298_01,background_only,,background_only,low,Metadata only extraction.,SRC_PMC10265298,From results_claims.CLM_PMC10265298_01
EVLINK_0193,EQ_PMC6597627_01,background_only,,background_only,low,Metadata only extraction.,SRC_PMC6597627,From results_claims.CLM_PMC6597627_01
EVLINK_0194,EQ_PMC6213715_01,background_only,,background_only,low,Metadata only extraction.,SRC_PMC6213715,From results_claims.CLM_PMC6213715_01
EVLINK_0195,EQ_PMC4237713_01,background_only,,background_only,low,Metadata only extraction.,SRC_PMC4237713,From results_claims.CLM_PMC4237713_01
EVLINK_0196,EQ_PMC3020171_01,background_only,,background_only,low,Metadata only extraction.,SRC_PMC3020171,From results_claims.CLM_PMC3020171_01
EVLINK_0197,EQ_PMC2874048_01,background_only,,background_only,low,Metadata only extraction.,SRC_PMC2874048,From results_claims.CLM_PMC2874048_01
EVLINK_0198,EQ_PMC12209089_01,background_only,,background_only,medium,Article content extracted: Extraction for PMC12209089...,SRC_PMC12209089,From results_claims.CLM_PMC12209089_01
EVLINK_0199,EQ_PMC13273723_01,background_only,,background_only,medium,Article content extracted: Extraction for PMC13273723...,SRC_PMC13273723,From results_claims.CLM_PMC13273723_01
EVLINK_0200,EQ_PMC11971117_01,background_only,,background_only,medium,Article content extracted: Extraction for PMC11971117...,SRC_PMC11971117,From results_claims.CLM_PMC11971117_01
EVLINK_0201,EQ_PMC3593170_01,background_only,,background_only,medium,Methods paper: Research Review: Emanuel Miller Memorial Lecture 2012 – Neuroscientific studies of intervention for ,SRC_PMC3593170,From results_claims.CLM_PMC3593170_01
EVLINK_0202,EQ_PMC6297380_01,background_only,,background_only,medium,Methods paper: Initial-Dip Existence and Estimation in Relation to DPF and Data Drift,SRC_PMC6297380,From results_claims.CLM_PMC6297380_01
EVLINK_0203,EQ_PMC5603769_01,background_only,,background_only,medium,Methods paper: Imperial College near infrared spectroscopy neuroimaging analysis framework,SRC_PMC5603769,From results_claims.CLM_PMC5603769_01
EVLINK_0204,EQ_PMC12617279_01,background_only,,background_only,medium,Methods paper: How can near infrared spectroscopy be informative about the brain activation of children using a hea,SRC_PMC12617279,From results_claims.CLM_PMC12617279_01
EVLINK_0205,EQ_PMC11652482_01,background_only,,background_only,medium,Methods paper: Investigating the acute cognitive effects of dietary compounds using fNIRS: methodological limitatio,SRC_PMC11652482,From results_claims.CLM_PMC11652482_01
EVLINK_0206,EQ_PMC11633644_01,background_only,,background_only,medium,Methods paper: A short review of application of near-infrared spectroscopy (NIRS) for the assessment of microvascul,SRC_PMC11633644,From results_claims.CLM_PMC11633644_01
EVLINK_0207,EQ_PMC10740927_01,background_only,,background_only,medium,Methods paper: fNIRS-EEG BCIs for Motor Rehabilitation: A Review,SRC_PMC10740927,From results_claims.CLM_PMC10740927_01
EVLINK_0208,EQ_PMC10610697_01,background_only,,background_only,medium,Methods paper: Consumer-Grade Electroencephalogram and Functional Near-Infrared Spectroscopy Neurofeedback Technolo,SRC_PMC10610697,From results_claims.CLM_PMC10610697_01
EVLINK_0209,EQ_PMC7889942_01,background_only,,background_only,medium,Methods paper: An analysis framework for the integration of broadband NIRS and EEG to assess neurovascular and neur,SRC_PMC7889942,From results_claims.CLM_PMC7889942_01
EVLINK_0210,EQ_PMC6336925_01,background_only,,background_only,medium,Methods paper: Current Status and Issues Regarding Pre-processing of fNIRS Neuroimaging Data: An Investigation of D,SRC_PMC6336925,From results_claims.CLM_PMC6336925_01
EVLINK_0211,EQ_PMC6239960_01,background_only,,background_only,medium,Methods paper: Symbolic time series analysis of fNIRS signals in brain development assessment,SRC_PMC6239960,From results_claims.CLM_PMC6239960_01
EVLINK_0212,EQ_PMC4801878_01,background_only,,background_only,medium,Methods paper: Hemodynamic Response to Interictal Epileptiform Discharges Addressed by Personalized EEG-fNIRS Recor,SRC_PMC4801878,From results_claims.CLM_PMC4801878_01
EVLINK_0213,EQ_PMC2749167_01,background_only,,background_only,medium,Methods paper: Brain Cortical Mapping by Simultaneous Recording of Functional Near Infrared Spectroscopy and Electr,SRC_PMC2749167,From results_claims.CLM_PMC2749167_01
EVLINK_0214,EQ_PMC13324129_01,background_only,,background_only,medium,Methods paper: Differential cortical responses of robot-assisted active and mirror therapy task conditions in strok,SRC_PMC13324129,From results_claims.CLM_PMC13324129_01
EVLINK_0215,EQ_PMC13108770_01,background_only,,background_only,medium,Methods paper: A secondary head-to-head comparison of low-intensity focused ultrasound and repetitive transcranial ,SRC_PMC13108770,From results_claims.CLM_PMC13108770_01
EVLINK_0216,EQ_PMC12990250_01,background_only,,background_only,medium,Methods paper: Surface-based image reconstruction optimization for high-density functional near-infrared spectrosco,SRC_PMC12990250,From results_claims.CLM_PMC12990250_01
EVLINK_0217,EQ_PMC12375658_01,background_only,,background_only,medium,Methods paper: Feasibility of vagus nerve modulation (VNMM/taVNS) in cognitive-swallowing dual-task paradigms: a fN,SRC_PMC12375658,From results_claims.CLM_PMC12375658_01
EVLINK_0218,EQ_PMC12081164_01,background_only,,background_only,medium,"Methods paper: NIRSTORM: a Brainstorm extension dedicated to functional near-infrared spectroscopy data analysis, a",SRC_PMC12081164,From results_claims.CLM_PMC12081164_01
EVLINK_0219,EQ_PMC11915464_01,background_only,,background_only,medium,"Methods paper: Creating anatomically derived, standardized, customizable, and three-dimensional printable head caps",SRC_PMC11915464,From results_claims.CLM_PMC11915464_01
EVLINK_0220,EQ_PMC11892370_01,background_only,,background_only,medium,Methods paper: Cortical Activation and Functional Connectivity Response to Different Interactive Modes of Virtual R,SRC_PMC11892370,From results_claims.CLM_PMC11892370_01
EVLINK_0221,EQ_PMC11598675_01,background_only,,background_only,medium,Methods paper: Fast Multi-Distance Time-Domain NIRS and DCS System for Clinical Applications,SRC_PMC11598675,From results_claims.CLM_PMC11598675_01
EVLINK_0222,EQ_PMC11383710_01,background_only,,background_only,medium,"Methods paper: Creating anatomically-derived, standardized, customizable, and three-dimensional printable head caps",SRC_PMC11383710,From results_claims.CLM_PMC11383710_01
EVLINK_0223,EQ_PMC11191237_01,background_only,ATOM_first_level_glm,background_only,medium,Methods paper: Changes in temporal lobe activation during a sound stimulation task in patients with sensorineural t,SRC_PMC11191237,From results_claims.CLM_PMC11191237_01
EVLINK_0224,EQ_PMC10665481_01,background_only,,background_only,medium,Methods paper: Prefrontal cortex functional connectivity changes during verbal fluency test in adults with short-te,SRC_PMC10665481,From results_claims.CLM_PMC10665481_01
EVLINK_0226,EQ_PMC9950900_01,background_only,,background_only,medium,Methods paper: Single-leg stance on a challenging surface can enhance cortical activation in the right hemisphere –,SRC_PMC9950900,From results_claims.CLM_PMC9950900_01
EVLINK_0227,EQ_PMC9682186_01,background_only,ATOM_resting_connectivity,background_only,medium,Methods paper: Resting-state functional connectivity for determining outcomes in upper extremity function after str,SRC_PMC9682186,From results_claims.CLM_PMC9682186_01
EVLINK_0228,EQ_PMC7821565_01,background_only,,background_only,medium,Methods paper: The Role of the Prefrontal Cortex and Functional Connectivity during Maritime Operations: An fNIRS s,SRC_PMC7821565,From results_claims.CLM_PMC7821565_01
EVLINK_0229,EQ_PMC6921567_01,background_only,,background_only,medium,Methods paper: Detailed statistical analysis plan for the SafeBoosC III trial: a multinational randomised clinical ,SRC_PMC6921567,From results_claims.CLM_PMC6921567_01
EVLINK_0230,EQ_PMC5946767_01,background_only,,background_only,medium,Methods paper: Fast localization method of an anomaly in tissue based on differential optical density,SRC_PMC5946767,From results_claims.CLM_PMC5946767_01
EVLINK_0231,EQ_PMC4524732_01,background_only,,background_only,medium,Methods paper: Pressure modulation algorithm to separate cerebral hemodynamic signals from extracerebral artifacts,SRC_PMC4524732,From results_claims.CLM_PMC4524732_01
EVLINK_0232,EQ_PMC4497661_01,background_only,,background_only,medium,Methods paper: Effects of Increasing Neuromuscular Electrical Stimulation Current Intensity on Cortical Sensorimoto,SRC_PMC4497661,From results_claims.CLM_PMC4497661_01
EVLINK_0233,EQ_PMC4023650_01,background_only,,background_only,medium,Methods paper: Continuous correction of differential path length factor in near-infrared spectroscopy,SRC_PMC4023650,From results_claims.CLM_PMC4023650_01
EVLINK_0234,EQ_PMC3134125_01,background_only,,background_only,medium,Methods paper: An improved method for mapping cerebrovascular reserve using concurrent fMRI and near infrared spect,SRC_PMC3134125,From results_claims.CLM_PMC3134125_01
EVLINK_0235,EQ_PMC2758631_01,background_only,,background_only,medium,Methods paper: Real-time imaging of human brain function by near-infrared spectroscopy using an adaptive general li,SRC_PMC2758631,From results_claims.CLM_PMC2758631_01
EVLINK_0236,EQ_PMC12425098_01,background_only,ATOM_resting_connectivity,background_only,medium,Empirical study: Functional connectivity characteristics of epilepsy with anxiety: A resting-state functional near-in,SRC_PMC12425098,From results_claims.CLM_PMC12425098_01
EVLINK_0237,EQ_PMC4899446_01,background_only,,background_only,medium,Empirical study: Cortical Signal Analysis and Advances in Functional Near-Infrared Spectroscopy Signal: A Review,SRC_PMC4899446,From results_claims.CLM_PMC4899446_01
EVLINK_0238,EQ_PMC11506513_01,background_only,,background_only,medium,"Review: fNIRS-EEG dual-modality imaging covers ADHD, IQ estimation, infantile spasms, epilepsy, anesthesia depth monitoring. Combined EEG-fNIRS improves ADHD classification to 93.18% (vs 79.54% EEG al",SRC_PMC11506513,From results_claims.CLM_PMC11506513_01
EVLINK_0239,EQ_PMC11527908_01,background_only,,background_only,medium,Empirical study: Speech-evoked cortical activities and speech recognition in adult cochlear implant listeners: a revi,SRC_PMC11527908,From results_claims.CLM_PMC11527908_01
EVLINK_0240,EQ_PMC10338804_01,background_only,ATOM_data_import,background_only,high,"Shimadzu Portable Light NIRS was utilized for acquiring the blood oxygen signals at sampling frequency of 10 Hz, 20 channels, and 3 wavelengths (780, 805, and 830 nm).",SRC_PMC10338804,From results_claims.CLM_PMC10338804_01
EVLINK_0241,EQ_PMC8901827_01,background_only,,background_only,medium,Empirical study: Causal connectivity from right DLPFC to IPL in schizophrenia patients: a pilot study,SRC_PMC8901827,From results_claims.CLM_PMC8901827_01
EVLINK_0242,EQ_PMC7364176_01,background_only,,background_only,medium,Empirical study: Functional Near-Infrared Spectroscopy and Its Clinical Application in the Field of Neuroscience: Adv,SRC_PMC7364176,From results_claims.CLM_PMC7364176_01
EVLINK_0243,EQ_PMC6448561_01,background_only,,background_only,medium,Empirical study: Cortical activity during walking and balance tasks in older adults and Parkinson’s disease: a struct,SRC_PMC6448561,From results_claims.CLM_PMC6448561_01
EVLINK_0244,EQ_PMC5104184_01,background_only,,background_only,medium,Empirical study: Imaging in Pleural Mesothelioma: A Review of the 13th International Conference of the International ,SRC_PMC5104184,From results_claims.CLM_PMC5104184_01
EVLINK_0245,EQ_PMC13191380_01,background_only,,background_only,medium,Empirical study: Intermittent Theta-Burst Stimulation for Depressive Symptoms in Parkinson Disease: A Randomized Clin,SRC_PMC13191380,From results_claims.CLM_PMC13191380_01
EVLINK_0246,EQ_PMC12425317_01,background_only,,background_only,medium,Empirical study: Evaluating the effects of multimodal EEG-fNIRS neurofeedback for motor imagery: An experimental plat,SRC_PMC12425317,From results_claims.CLM_PMC12425317_01
EVLINK_0247,EQ_PMC12306464_01,background_only,,background_only,medium,Empirical study: Effects of acoustic startle priming on poststroke dysarthria rehabilitation: study protocol for a do,SRC_PMC12306464,From results_claims.CLM_PMC12306464_01
EVLINK_0248,EQ_PMC11752877_01,background_only,,background_only,medium,Empirical study: Age-related differences of subjective visual vertical perception in adults—a functional near-infrare,SRC_PMC11752877,From results_claims.CLM_PMC11752877_01
EVLINK_0249,EQ_PMC13254259_01,background_only,,background_only,medium,ML paper: The current status of foundation models in decoding inner speech from non-invasive brain signals: a ,SRC_PMC13254259,From results_claims.CLM_PMC13254259_01
EVLINK_0250,EQ_PMC12938511_01,background_only,,background_only,medium,ML paper: Interpretable Network-Level Biomarker Discovery for Alzheimer’s Stage Assessment Using Resting-State,SRC_PMC12938511,From results_claims.CLM_PMC12938511_01
EVLINK_0251,EQ_PMC12803311_01,background_only,,background_only,medium,ML paper: Cedalion Tutorial: A Python-based framework for comprehensive analysis of multimodal fNIRS &amp; DOT,SRC_PMC12803311,From results_claims.CLM_PMC12803311_01
EVLINK_0252,EQ_PMC12747172_01,background_only,ATOM_signal_qc,background_only,medium,ML paper: DL-QC-fNIRS: a deep learning tool for automated quality control in functional near-infrared spectros,SRC_PMC12747172,From results_claims.CLM_PMC12747172_01
EVLINK_0253,EQ_PMC12793994_01,background_only,,background_only,medium,ML paper: Objective monitoring of acute pain and nociception in anaesthesia and intensive care: evidence and a,SRC_PMC12793994,From results_claims.CLM_PMC12793994_01
EVLINK_0254,EQ_PMC12618017_01,background_only,,background_only,medium,ML paper: Transformer-based deep learning model for predicting fNIRS short-channel signals,SRC_PMC12618017,From results_claims.CLM_PMC12618017_01
EVLINK_0255,EQ_PMC12549712_01,background_only,,background_only,medium,ML paper: Attention-based Transformer-LSTM architecture for early diagnosis and staging of early-stage Parkins,SRC_PMC12549712,From results_claims.CLM_PMC12549712_01
EVLINK_0256,EQ_PMC12468679_01,background_only,,background_only,medium,ML paper: Exploring Imagined Movement for Brain–Computer Interface Control: An fNIRS and EEG Review,SRC_PMC12468679,From results_claims.CLM_PMC12468679_01
EVLINK_0257,EQ_PMC9917717_01,background_only,,background_only,medium,ML paper: Two-in-one system and behavior-specific brain synchrony during goal-free cooperative creation: an an,SRC_PMC9917717,From results_claims.CLM_PMC9917717_01
EVLINK_0258,EQ_PMC9301871_01,background_only,,background_only,medium,ML paper: Deep learning in fNIRS: a review,SRC_PMC9301871,From results_claims.CLM_PMC9301871_01
EVLINK_0259,EQ_PMC9003428_01,background_only,,background_only,medium,ML paper: LASSO Homotopy-Based Sparse Representation Classification for fNIRS-BCI,SRC_PMC9003428,From results_claims.CLM_PMC9003428_01
EVLINK_0260,EQ_PMC8901194_01,background_only,,background_only,medium,ML paper: Characterizing reproducibility of cerebral hemodynamic responses when applying short-channel regress,SRC_PMC8901194,From results_claims.CLM_PMC8901194_01
EVLINK_0261,EQ_PMC7040364_01,background_only,,background_only,medium,ML paper: Using the General Linear Model to Improve Performance in fNIRS Single Trial Analysis and Classificat,SRC_PMC7040364,From results_claims.CLM_PMC7040364_01
EVLINK_0262,EQ_PMC5001212_01,background_only,,background_only,medium,ML paper: 25th Annual Computational Neuroscience Meeting: CNS-2016,SRC_PMC5001212,From results_claims.CLM_PMC5001212_01
EVLINK_0263,EQ_PMC13269331_01,background_only,,background_only,medium,ML paper: Reduced left dorsolateral prefrontal activation and right inferior frontal de-oxygenation differ bet,SRC_PMC13269331,From results_claims.CLM_PMC13269331_01
EVLINK_0264,EQ_PMC13244843_01,background_only,ATOM_first_level_glm,background_only,medium,"ML paper: The gait performance, sensorimotor cortical activation and their correlation during walking task amo",SRC_PMC13244843,From results_claims.CLM_PMC13244843_01
EVLINK_0265,EQ_PMC13136355_01,background_only,,background_only,medium,ML paper: An early detection framework for young Chinese learners at risk of reading difficulty using fNIRS an,SRC_PMC13136355,From results_claims.CLM_PMC13136355_01
EVLINK_0266,EQ_PMC12944262_01,background_only,,background_only,medium,ML paper: Toward Mobile Neuroimaging: Design of a Multi-Modal EEG/fNIRS Instrument for Real-Time Use,SRC_PMC12944262,From results_claims.CLM_PMC12944262_01
EVLINK_0268,EQ_PMC11564592_01,background_only,,background_only,medium,ML paper: Classification algorithm for motor imagery fusing CNN and attentional mechanisms based on functional,SRC_PMC11564592,From results_claims.CLM_PMC11564592_01
EVLINK_0269,EQ_PMC11548208_01,background_only,,background_only,medium,ML paper: Computer Vision-Driven Movement Annotations to Advance fNIRS Pre-Processing Algorithms,SRC_PMC11548208,From results_claims.CLM_PMC11548208_01
EVLINK_0270,EQ_PMC10790918_01,background_only,,background_only,medium,ML paper: Benchmarking framework for machine learning classification from fNIRS data,SRC_PMC10790918,From results_claims.CLM_PMC10790918_01
EVLINK_0271,EQ_PMC10683641_01,background_only,ATOM_motion_correction,background_only,medium,ML paper: Learning based motion artifacts processing in fNIRS: a mini review,SRC_PMC10683641,From results_claims.CLM_PMC10683641_01
EVLINK_0272,EQ_PMC10549729_01,background_only,,background_only,medium,ML paper: Stroke analysis and recognition in functional near-infrared spectroscopy signals using machine learn,SRC_PMC10549729,From results_claims.CLM_PMC10549729_01
EVLINK_0273,EQ_PMC9688708_01,background_only,,background_only,medium,ML paper: Intersubject Variability in Cerebrovascular Hemodynamics and Systemic Physiology during a Verbal Flu,SRC_PMC9688708,From results_claims.CLM_PMC9688708_01
EVLINK_0274,EQ_PMC8659988_01,background_only,,background_only,medium,ML paper: Classification of Individual Finger Movements from Right Hand Using fNIRS Signals,SRC_PMC8659988,From results_claims.CLM_PMC8659988_01
EVLINK_0275,EQ_PMC8066873_01,background_only,,background_only,medium,ML paper: Evidence of Neurovascular Un-Coupling in Mild Alzheimer’s Disease through Multimodal EEG-fNIRS and M,SRC_PMC8066873,From results_claims.CLM_PMC8066873_01
EVLINK_0276,EQ_PMC7892769_01,background_only,,background_only,medium,ML paper: Predicting Student Performance Using Machine Learning in fNIRS Data,SRC_PMC7892769,From results_claims.CLM_PMC7892769_01
EVLINK_0277,EQ_PMC7824905_01,background_only,,background_only,medium,ML paper: Individual Differences in Hemodynamic Responses Measured on the Head Due to a Long-Term Stimulation ,SRC_PMC7824905,From results_claims.CLM_PMC7824905_01
EVLINK_0278,EQ_PMC5788966_01,background_only,,background_only,medium,ML paper: Detecting Pilot&#x27;s Engagement Using fNIRS Connectivity Features in an Automated vs. Manual Landi,SRC_PMC5788966,From results_claims.CLM_PMC5788966_01
EVLINK_0279,EQ_PMC5512010_01,background_only,,background_only,medium,ML paper: Enhancing Classification Performance of Functional Near-Infrared Spectroscopy- Brain–Computer Interf,SRC_PMC5512010,From results_claims.CLM_PMC5512010_01
EVLINK_0280,EQ_PMC13291161_01,background_only,,background_only,medium,ML paper: An interpretable TimeMIL framework for fNIRS: differential diagnosis between schizophrenia and bipol,SRC_PMC13291161,From results_claims.CLM_PMC13291161_01
EVLINK_0281,EQ_PMC13119916_01,background_only,,background_only,medium,ML paper: Evaluating and Classifying Gentleness in VR-Based Surgical Simulation: A VR + fNIRS Study,SRC_PMC13119916,From results_claims.CLM_PMC13119916_01
EVLINK_0282,EQ_PMC12947160_01,background_only,,background_only,medium,ML paper: Neuroradiological features across major psychiatric disorders and behavioral variant of Alzheimer’s ,SRC_PMC12947160,From results_claims.CLM_PMC12947160_01
EVLINK_0283,EQ_PMC12581266_01,background_only,,background_only,medium,ML paper: The PAthways to Resilience And Mental health (PARAM) project: protocol for a multi-site developmenta,SRC_PMC12581266,From results_claims.CLM_PMC12581266_01
EVLINK_0284,EQ_PMC12523926_01,background_only,,background_only,medium,ML paper: Diagnostic Efficacy of Olfactory Function Test Using Functional Near-Infrared Spectroscopy with Mach,SRC_PMC12523926,From results_claims.CLM_PMC12523926_01
EVLINK_0285,EQ_PMC12286323_01,background_only,,background_only,medium,ML paper: An ICEEMDAN and SAX-based method for determining English reading comprehension status using function,SRC_PMC12286323,From results_claims.CLM_PMC12286323_01
EVLINK_0286,EQ_PMC12105807_01,background_only,,background_only,medium,ML paper: Enhanced Joint Heart and Respiratory Rates Extraction from Functional Near-infrared Spectroscopy Sig,SRC_PMC12105807,From results_claims.CLM_PMC12105807_01
EVLINK_0287,EQ_PMC11918759_01,background_only,,background_only,medium,ML paper: Functional Near-Infrared Spectroscopy-Based Computer-Aided Diagnosis of Major Depressive Disorder Us,SRC_PMC11918759,From results_claims.CLM_PMC11918759_01
EVLINK_0288,EQ_PMC12270413_01,background_only,,background_only,medium,"ML paper: A Deep-Learning Empowered, Real-Time Processing Platform of fNIRS/DOT for Brain Computer Interfaces ",SRC_PMC12270413,From results_claims.CLM_PMC12270413_01
EVLINK_0289,EQ_PMC11762704_01,background_only,,background_only,medium,ML paper: Age group classification based on optical measurement of brain pulsation using machine learning,SRC_PMC11762704,From results_claims.CLM_PMC11762704_01
EVLINK_0290,EQ_PMC11679405_01,background_only,,background_only,medium,ML paper: Multivariate Modelling and Prediction of High-Frequency Sensor-Based Cerebral Physiologic Signals: N,SRC_PMC11679405,From results_claims.CLM_PMC11679405_01
EVLINK_0291,EQ_PMC10295283_01,background_only,,background_only,high,"An innovative method not using the dHRF is proposed, which extracts fluctuating signals during the resting state using maximal overlap discrete wavelet transform, identifies low-frequency wavelets cor",SRC_PMC10295283,From results_claims.CLM_PMC10295283_01
EVLINK_0292,EQ_PMC10068680_01,background_only,,background_only,medium,ML paper: Using functional near-infrared spectroscopy to study the early developing brain: future directions a,SRC_PMC10068680,From results_claims.CLM_PMC10068680_01
EVLINK_0293,EQ_PMC9896013_01,background_only,,background_only,medium,ML paper: Revealing the spatiotemporal requirements for accurate subject identification with resting-state fun,SRC_PMC9896013,From results_claims.CLM_PMC9896013_01
EVLINK_0294,EQ_PMC9174890_01,background_only,,background_only,medium,ML paper: Multivariate Kalman filter regression of confounding physiological signals for real-time classificat,SRC_PMC9174890,From results_claims.CLM_PMC9174890_01
EVLINK_0295,EQ_PMC8889124_01,background_only,,background_only,medium,ML paper: Dedicated near-infrared oximeter to monitor oxygenation in the superior sagittal sinus in newborn in,SRC_PMC8889124,From results_claims.CLM_PMC8889124_01
EVLINK_0296,EQ_PMC7642297_01,background_only,,background_only,medium,ML paper: Mental Condition Monitoring Based on Multimodality Biometry,SRC_PMC7642297,From results_claims.CLM_PMC7642297_01
EVLINK_0297,EQ_PMC6032997_01,background_only,ATOM_ml_feature_extraction,background_only,medium,ML paper: Feature Extraction and Classification Methods for Hybrid fNIRS-EEG Brain-Computer Interfaces,SRC_PMC6032997,From results_claims.CLM_PMC6032997_01
EVLINK_0298,EQ_PMC5605645_01,background_only,ATOM_data_import,background_only,medium,ML paper: Enhancing Performance of a Hybrid EEG-fNIRS System Using Channel Selection and Early Temporal Featur,SRC_PMC5605645,From results_claims.CLM_PMC5605645_01
EVLINK_0299,EQ_PMC5522881_01,background_only,ATOM_ml_classification,background_only,medium,ML paper: Hybrid Brain–Computer Interface Techniques for Improved Classification Accuracy and Increased Number,SRC_PMC5522881,From results_claims.CLM_PMC5522881_01
EVLINK_0300,EQ_PMC5380755_01,background_only,,background_only,medium,ML paper: Assessing the Driver’s Current Level of Working Memory Load with High Density Functional Near-infrar,SRC_PMC5380755,From results_claims.CLM_PMC5380755_01
EVLINK_0301,EQ_PMC4893204_01,background_only,,background_only,medium,ML paper: Characterization of the relative contributions from systemic physiological noise to whole-brain rest,SRC_PMC4893204,From results_claims.CLM_PMC4893204_01
EVLINK_0302,EQ_PMC13210414_01,background_only,,background_only,medium,ML paper: Connectivity-Based Pain Recognition from fNIRS: Parsimonious Subject-Independent Classification,SRC_PMC13210414,From results_claims.CLM_PMC13210414_01
EVLINK_0303,EQ_PMC13203350_01,background_only,,background_only,medium,ML paper: fNIRS as a Biomarker for Preoperative Assessment: Correlating Brain Activity with Clinical Evaluatio,SRC_PMC13203350,From results_claims.CLM_PMC13203350_01
EVLINK_0304,EQ_PMC12947967_01,background_only,,background_only,medium,ML paper: Enhanced fNIRS-Based MCI Detection via Resting-State and Task-State Integration With Spatial–Tempora,SRC_PMC12947967,From results_claims.CLM_PMC12947967_01
EVLINK_0305,EQ_PMC12781209_01,background_only,,background_only,medium,ML paper: Machine Learning Based Identification of Depressive Symptoms Among Students in a Chinese University ,SRC_PMC12781209,From results_claims.CLM_PMC12781209_01
EVLINK_0306,EQ_PMC12673338_01,background_only,,background_only,medium,ML paper: Improving interference control without conflict exposure: prefrontal fNIRS-decoded neurofeedback tra,SRC_PMC12673338,From results_claims.CLM_PMC12673338_01
EVLINK_0307,EQ_PMC12627794_01,background_only,,background_only,medium,ML paper: HEFMI-ICH: a hybrid EEG-fNIRS motor imagery dataset for brain-computer interface in intracerebral he,SRC_PMC12627794,From results_claims.CLM_PMC12627794_01
EVLINK_0308,EQ_PMC12592382_01,background_only,,background_only,medium,ML paper: Multimodal fNIRS–EEG sensor fusion: Review of data-driven methods and perspective for naturalistic b,SRC_PMC12592382,From results_claims.CLM_PMC12592382_01
EVLINK_0309,EQ_PMC12567750_01,background_only,,background_only,medium,ML paper: DrSVision: A Machine Learning Tool for Cortical Region-Specific fNIRS Calibration Based on Cadaveric,SRC_PMC12567750,From results_claims.CLM_PMC12567750_01
EVLINK_0310,EQ_PMC12546995_01,background_only,,background_only,medium,ML paper: Improving neuroimaging headgear placement robustness using facial-landmark-guided augmented reality,SRC_PMC12546995,From results_claims.CLM_PMC12546995_01
EVLINK_0311,EQ_PMC12157042_01,background_only,,background_only,medium,ML paper: Simultaneous EEG-fNIRS study of visual cognitive processing: ERP analysis and decision-related hemod,SRC_PMC12157042,From results_claims.CLM_PMC12157042_01
EVLINK_0312,EQ_PMC12407257_01,background_only,,background_only,medium,"ML paper: BrainFusion: a Low‐Code, Reproducible, and Deployable Software Framework for Multimodal Brain‒Comput",SRC_PMC12407257,From results_claims.CLM_PMC12407257_01
EVLINK_0313,EQ_PMC11125334_01,background_only,ATOM_ml_classification,background_only,medium,ML paper: Enhancing Classification Accuracy with Integrated Contextual Gate Network: Deep Learning Approach fo,SRC_PMC11125334,From results_claims.CLM_PMC11125334_01
EVLINK_0314,EQ_PMC11110533_01,background_only,,background_only,medium,ML paper: Exploratory insights into prefrontal cortex activity in continuous glucose monitoring: findings from,SRC_PMC11110533,From results_claims.CLM_PMC11110533_01
EVLINK_0315,EQ_PMC10957543_01,background_only,,background_only,medium,ML paper: Exploring the application and challenges of fNIRS technology in early detection of Parkinson’s disea,SRC_PMC10957543,From results_claims.CLM_PMC10957543_01
EVLINK_0316,EQ_PMC10942712_01,background_only,,background_only,medium,ML paper: Evaluation of the learning state of online video courses based on functional near infrared spectrosc,SRC_PMC10942712,From results_claims.CLM_PMC10942712_01
EVLINK_0317,EQ_PMC11154386_01,background_only,,background_only,medium,ML paper: Multilevel Pain Assessment with Functional Near-Infrared Spectroscopy: Evaluating ΔHBO2 and ΔHHB Mea,SRC_PMC11154386,From results_claims.CLM_PMC11154386_01
EVLINK_0318,EQ_PMC10362671_01,background_only,,background_only,high,"We measured the activation of the prefrontal cortex during olfactory stimulation (N2; N.CER Co.Ltd, Gwangju, South Korea). One cycle of the olfactory stimulation process was performed before a break o",SRC_PMC10362671,From results_claims.CLM_PMC10362671_01
EVLINK_0319,EQ_PMC10137986_01,background_only,,background_only,medium,ML paper: Study of Motion Sickness Model Based on fNIRS Multiband Features during Car Rides,SRC_PMC10137986,From results_claims.CLM_PMC10137986_01
EVLINK_0320,EQ_PMC9910791_01,background_only,,background_only,medium,ML paper: Differentiating people with schizophrenia from healthy controls in a developing Country: An evaluati,SRC_PMC9910791,From results_claims.CLM_PMC9910791_01
EVLINK_0321,EQ_PMC9742284_01,background_only,,background_only,medium,ML paper: Screening for Alzheimer&#x27;s disease using prefrontal resting-state functional near-infrared spect,SRC_PMC9742284,From results_claims.CLM_PMC9742284_01
EVLINK_0322,EQ_PMC9692288_01,background_only,,background_only,medium,ML paper: Identification of Functional Cortical Plasticity in Children with Cerebral Palsy Associated to Robot,SRC_PMC9692288,From results_claims.CLM_PMC9692288_01
EVLINK_0323,EQ_PMC9593203_01,background_only,,background_only,medium,ML paper: Applying antagonistic activation pattern to the single-trial classification of mental arithmetic,SRC_PMC9593203,From results_claims.CLM_PMC9593203_01
EVLINK_0324,EQ_PMC8263279_01,background_only,,background_only,medium,ML paper: Recognition of Flexion and Extension Imagery Involving the Right and Left Arms Based on Deep Belief ,SRC_PMC8263279,From results_claims.CLM_PMC8263279_01
EVLINK_0325,EQ_PMC7677412_01,background_only,,background_only,medium,ML paper: Performance Improvement for Detecting Brain Function Using fNIRS: A Multi-Distance Probe Configurati,SRC_PMC7677412,From results_claims.CLM_PMC7677412_01
EVLINK_0326,EQ_PMC8202129_01,background_only,,background_only,medium,ML paper: Brain activation patterns underlying upper limb bilateral motor coordination in unilateral cerebral ,SRC_PMC8202129,From results_claims.CLM_PMC8202129_01
EVLINK_0327,EQ_PMC5829061_01,background_only,,background_only,medium,ML paper: A Ternary Hybrid EEG-NIRS Brain-Computer Interface for the Classification of Brain Activation Patter,SRC_PMC5829061,From results_claims.CLM_PMC5829061_01
EVLINK_0328,EQ_PMC4719469_01,background_only,,background_only,medium,ML paper: Processing Functional Near Infrared Spectroscopy Signal with a Kalman Filter to Assess Working Memor,SRC_PMC4719469,From results_claims.CLM_PMC4719469_01
EVLINK_0329,EQ_PMC3759001_01,background_only,,background_only,medium,ML paper: Temporal hemodynamic classification of two hands tapping using functional near—infrared spectroscopy,SRC_PMC3759001,From results_claims.CLM_PMC3759001_01
EVLINK_0330,EQ_PMC12714936_01,background_only,,background_only,medium,QC paper: fNIRS vs. EEG in audiological diagnostics: novel approaches to recording brain responses to auditory,SRC_PMC12714936,From results_claims.CLM_PMC12714936_01
EVLINK_0331,EQ_PMC11314658_01,background_only,,background_only,medium,QC paper: Hybrid Integrated Wearable Patch for Brain EEG-fNIRS Monitoring,SRC_PMC11314658,From results_claims.CLM_PMC11314658_01
EVLINK_0332,EQ_PMC10681683_01,background_only,ATOM_motion_correction,background_only,medium,QC paper: Controlling jaw-related motion artifacts in functional near-infrared spectroscopy,SRC_PMC10681683,From results_claims.CLM_PMC10681683_01
EVLINK_0333,EQ_PMC9587749_01,background_only,,background_only,medium,QC paper: How much do time-domain functional near-infrared spectroscopy (fNIRS) moments improve estimation of ,SRC_PMC9587749,From results_claims.CLM_PMC9587749_01
EVLINK_0334,EQ_PMC9555616_01,background_only,,background_only,medium,QC paper: Performance comparison of systemic activity correction in functional near-infrared spectroscopy for ,SRC_PMC9555616,From results_claims.CLM_PMC9555616_01
EVLINK_0335,EQ_PMC9386281_01,background_only,,background_only,medium,QC paper: Correction of global physiology in resting-state functional near-infrared spectroscopy,SRC_PMC9386281,From results_claims.CLM_PMC9386281_01
EVLINK_0336,EQ_PMC9116886_01,background_only,ATOM_signal_qc,background_only,medium,QC paper: Investigation of functional near-infrared spectroscopy signal quality and development of the hemodyn,SRC_PMC9116886,From results_claims.CLM_PMC9116886_01
EVLINK_0337,EQ_PMC8869971_01,background_only,,background_only,medium,QC paper: Early Skin-to-Skin Contact Does Not Affect Cerebral Tissue Oxygenation in Preterm Infants &lt;32 Wee,SRC_PMC8869971,From results_claims.CLM_PMC8869971_01
EVLINK_0338,EQ_PMC8231828_01,background_only,,background_only,medium,QC paper: A Guide to Parent-Child fNIRS Hyperscanning Data Processing and Analysis,SRC_PMC8231828,From results_claims.CLM_PMC8231828_01
EVLINK_0339,EQ_PMC8093202_01,background_only,,background_only,medium,QC paper: Neurovascular coupling (NVC) in newborns using processed EEG versus amplitude-EEG,SRC_PMC8093202,From results_claims.CLM_PMC8093202_01
EVLINK_0340,EQ_PMC7829673_01,background_only,,background_only,medium,QC paper: NIRS-KIT: a MATLAB toolbox for both resting-state and task fNIRS data analysis,SRC_PMC7829673,From results_claims.CLM_PMC7829673_01
EVLINK_0341,EQ_PMC7511246_01,background_only,,background_only,medium,QC paper: Quantitative comparison of correction techniques for removing systemic physiological signal in funct,SRC_PMC7511246,From results_claims.CLM_PMC7511246_01
EVLINK_0342,EQ_PMC6257082_01,background_only,,background_only,medium,QC paper: In vivo validation of cerebral near-infrared spectroscopy: a review,SRC_PMC6257082,From results_claims.CLM_PMC6257082_01
EVLINK_0343,EQ_PMC5971219_01,background_only,,background_only,medium,QC paper: Dynamic causal modelling on infant fNIRS data: A validation study on a simultaneously recorded fNIRS,SRC_PMC5971219,From results_claims.CLM_PMC5971219_01
EVLINK_0344,EQ_PMC4913108_01,background_only,,background_only,medium,QC paper: Computational Pipeline for NIRS-EEG Joint Imaging of tDCS-Evoked Cerebral Responses—An Application i,SRC_PMC4913108,From results_claims.CLM_PMC4913108_01
EVLINK_0345,EQ_PMC4619753_01,background_only,,background_only,medium,QC paper: FC-NIRS: A Functional Connectivity Analysis Tool for Near-Infrared Spectroscopy Data,SRC_PMC4619753,From results_claims.CLM_PMC4619753_01
EVLINK_0346,EQ_PMC3756568_01,background_only,,background_only,medium,QC paper: Autoregressive model based algorithm for correcting motion and serially correlated errors in fNIRS,SRC_PMC3756568,From results_claims.CLM_PMC3756568_01
EVLINK_0347,EQ_PMC4524535_01,background_only,,background_only,medium,QC paper: Depth-compensated diffuse optical tomography enhanced by general linear model analysis and an anatom,SRC_PMC4524535,From results_claims.CLM_PMC4524535_01
EVLINK_0348,EQ_PMC3665655_01,background_only,,background_only,medium,QC paper: Further improvement in reducing superficial contamination in NIRS using double short separation meas,SRC_PMC3665655,From results_claims.CLM_PMC3665655_01
EVLINK_0349,EQ_PMC3348501_01,background_only,,background_only,medium,QC paper: The physiological origin of task-evoked systemic artefacts in functional near infrared spectroscopy,SRC_PMC3348501,From results_claims.CLM_PMC3348501_01
EVLINK_0350,EQ_PMC3288700_01,background_only,,background_only,medium,QC paper: The utility of near-infrared spectroscopy in the regression of low-frequency physiological noise fro,SRC_PMC3288700,From results_claims.CLM_PMC3288700_01
EVLINK_0351,EQ_PMC3254723_01,background_only,,background_only,medium,QC paper: Short separation channel location impacts the performance of short channel regression in NIRS,SRC_PMC3254723,From results_claims.CLM_PMC3254723_01
EVLINK_0352,EQ_PMC13030481_01,background_only,,background_only,medium,QC paper: Unsupervised Dynamic Time Warping Clustering for Robust Functional Network Identification in fNIRS M,SRC_PMC13030481,From results_claims.CLM_PMC13030481_01
EVLINK_0353,EQ_PMC12912286_01,background_only,,background_only,medium,QC paper: Optimizing short-channel regression in fNIRS: an empirical evaluation with ecological audiovisual st,SRC_PMC12912286,From results_claims.CLM_PMC12912286_01
EVLINK_0354,EQ_PMC11945418_01,background_only,,background_only,medium,QC paper: Time-Normalization Approach for fNIRS Data During Tasks with High Variability in Duration,SRC_PMC11945418,From results_claims.CLM_PMC11945418_01
EVLINK_0355,EQ_PMC12179319_01,background_only,,background_only,medium,QC paper: Comparative Neuroexcitation Patterns using fNIRS in Women with Overactive Bladder,SRC_PMC12179319,From results_claims.CLM_PMC12179319_01
EVLINK_0356,EQ_PMC11188482_01,background_only,ATOM_signal_qc,background_only,medium,QC paper: Optimizing spatial specificity and signal quality in fNIRS: an overview of potential challenges and ,SRC_PMC11188482,From results_claims.CLM_PMC11188482_01
EVLINK_0357,EQ_PMC11125330_01,background_only,ATOM_motion_correction,background_only,medium,QC paper: Hammerstein–Wiener Motion Artifact Correction for Functional Near-Infrared Spectroscopy: A Novel Ine,SRC_PMC11125330,From results_claims.CLM_PMC11125330_01
EVLINK_0358,EQ_PMC10741372_01,background_only,,background_only,medium,QC paper: Feasibility of using fNIRS to explore motor-related regional haemodynamic signal changes in patients,SRC_PMC10741372,From results_claims.CLM_PMC10741372_01
EVLINK_0359,EQ_PMC9576156_01,background_only,ATOM_motion_correction,background_only,medium,QC paper: Motion artifacts removal and evaluation techniques for functional near-infrared spectroscopy signals,SRC_PMC9576156,From results_claims.CLM_PMC9576156_01
EVLINK_0360,EQ_PMC9366124_01,background_only,,background_only,medium,"QC paper: NIRS: Past, Present, and Future in Functional Urology",SRC_PMC9366124,From results_claims.CLM_PMC9366124_01
EVLINK_0361,EQ_PMC8831678_01,background_only,,background_only,medium,QC paper: Diffuse optical reconstructions of functional near infrared spectroscopy data using maximum entropy ,SRC_PMC8831678,From results_claims.CLM_PMC8831678_01
EVLINK_0362,EQ_PMC8170390_01,background_only,,background_only,medium,QC paper: High optode-density wearable diffuse optical probe for monitoring paced breathing hemodynamics in br,SRC_PMC8170390,From results_claims.CLM_PMC8170390_01
EVLINK_0363,EQ_PMC8113412_01,background_only,,background_only,medium,QC paper: Wavelet Autoregulation Monitoring Identifies Blood Pressures Associated With Brain Injury in Neonata,SRC_PMC8113412,From results_claims.CLM_PMC8113412_01
EVLINK_0364,EQ_PMC7745044_01,background_only,,background_only,medium,QC paper: fNIRS-based functional connectivity estimation using semi-metric analysis to study decision making b,SRC_PMC7745044,From results_claims.CLM_PMC7745044_01
EVLINK_0365,EQ_PMC7047008_01,background_only,ATOM_resting_connectivity,background_only,medium,QC paper: Optimization of wavelet coherence analysis as a measure of neural synchrony during hyperscanning usi,SRC_PMC7047008,From results_claims.CLM_PMC7047008_01
EVLINK_0366,EQ_PMC7703677_01,background_only,,background_only,medium,QC paper: Improved physiological noise regression in fNIRS: A multimodal extension of the General Linear Model,SRC_PMC7703677,From results_claims.CLM_PMC7703677_01
EVLINK_0367,EQ_PMC6820049_01,background_only,,background_only,medium,QC paper: Contribution of speckle noise in near-infrared spectroscopy measurements,SRC_PMC6820049,From results_claims.CLM_PMC6820049_01
EVLINK_0368,EQ_PMC6769087_01,background_only,,background_only,medium,QC paper: Signal Processing in fNIRS: A Case for the Removal of Systemic Activity for Single Trial Data,SRC_PMC6769087,From results_claims.CLM_PMC6769087_01
EVLINK_0369,EQ_PMC6191612_01,background_only,,background_only,medium,QC paper: Wavelet-based method for removing global physiological noise in functional near-infrared spectroscop,SRC_PMC6191612,From results_claims.CLM_PMC6191612_01
EVLINK_0370,EQ_PMC6323003_01,background_only,ATOM_signal_qc,background_only,medium,QC paper: Ensuring Signal Quality of Cerebral Near Infrared Spectroscopy During Continuous Longterm Monitoring,SRC_PMC6323003,From results_claims.CLM_PMC6323003_01
EVLINK_0371,EQ_PMC5766679_01,background_only,,background_only,medium,QC paper: Signal Processing in Functional Near-Infrared Spectroscopy (fNIRS): Methodological Differences Lead ,SRC_PMC5766679,From results_claims.CLM_PMC5766679_01
EVLINK_0372,EQ_PMC5175555_01,background_only,,background_only,medium,QC paper: PHOEBE: a method for real time mapping of optodes-scalp coupling in functional near-infrared spectro,SRC_PMC5175555,From results_claims.CLM_PMC5175555_01
EVLINK_0373,EQ_PMC4773699_01,background_only,,background_only,medium,QC paper: Commentary on the statistical properties of noise and its implication on general linear models in fu,SRC_PMC4773699,From results_claims.CLM_PMC4773699_01
EVLINK_0374,EQ_PMC4704972_01,background_only,,background_only,medium,QC paper: The Effect of Patient-Specific Cerebral Oxygenation Monitoring on Postoperative Cognitive Function: ,SRC_PMC4704972,From results_claims.CLM_PMC4704972_01
EVLINK_0375,EQ_PMC4679556_01,background_only,,background_only,medium,QC paper: Nonlinear extension of a hemodynamic linear model for coherent hemodynamics spectroscopy,SRC_PMC4679556,From results_claims.CLM_PMC4679556_01
EVLINK_0376,EQ_PMC3859838_01,background_only,ATOM_data_import,background_only,medium,QC paper: A Wearable Multi-Channel fNIRS System for Brain Imaging in Freely Moving Subjects,SRC_PMC3859838,From results_claims.CLM_PMC3859838_01
EVLINK_0377,EQ_PMC13199322_01,background_only,,background_only,medium,QC paper: Haemodynamic correlates of bilateral 6 Hz transcranial alternating current stimulation during workin,SRC_PMC13199322,From results_claims.CLM_PMC13199322_01
EVLINK_0378,EQ_PMC12818463_01,background_only,,background_only,medium,QC paper: Group-level test–retest reliability assessment using systemic physiology augmented functional near-i,SRC_PMC12818463,From results_claims.CLM_PMC12818463_01
EVLINK_0379,EQ_PMC12717063_01,background_only,,background_only,medium,QC paper: An fNIRS hyperscanning dataset on the modulation of synchrony by social relationship during social t,SRC_PMC12717063,From results_claims.CLM_PMC12717063_01
EVLINK_0380,EQ_PMC12634216_01,background_only,,background_only,medium,QC paper: HRfunc: a tool for modeling hemodynamic response variability in fNIRS,SRC_PMC12634216,From results_claims.CLM_PMC12634216_01
EVLINK_0381,EQ_PMC12319887_01,background_only,,background_only,medium,QC paper: Analytical pipeline optimisation in developmental fNIRS hyperscanning data: Neural coherence between,SRC_PMC12319887,From results_claims.CLM_PMC12319887_01
EVLINK_0382,EQ_PMC11679141_01,background_only,,background_only,medium,QC paper: A NIRS-Based Technique for Monitoring Brain Tissue Oxygenation in Stroke Patients,SRC_PMC11679141,From results_claims.CLM_PMC11679141_01
EVLINK_0383,EQ_PMC11059326_01,background_only,,background_only,medium,QC paper: Why behaviour matters: Studying inter-brain coordination during child-caregiver interaction,SRC_PMC11059326,From results_claims.CLM_PMC11059326_01
EVLINK_0384,EQ_PMC10765727_01,background_only,,background_only,medium,QC paper: A review of combined functional neuroimaging and motion capture for motor rehabilitation,SRC_PMC10765727,From results_claims.CLM_PMC10765727_01
EVLINK_0385,EQ_PMC10410636_01,background_only,,background_only,medium,QC paper: Comparison of peripheral blood saturation with brain oxygenation in patients undergoing thoracic sur,SRC_PMC10410636,From results_claims.CLM_PMC10410636_01
EVLINK_0386,EQ_PMC10342995_01,background_only,,background_only,high,"Frontal lobe cerebral oxygenation was monitored using NIRS (Portalite, Artinis Medical Systems B.V.) to derive the values of the tissue saturation index (TSI) and changes in the concentration of oxyhe",SRC_PMC10342995,From results_claims.CLM_PMC10342995_01
EVLINK_0387,EQ_PMC10199511_01,background_only,,background_only,medium,QC paper: Measuring cognitively demanding activities in pediatric out-of-hospital cardiac arrest,SRC_PMC10199511,From results_claims.CLM_PMC10199511_01
EVLINK_0388,EQ_PMC11506513_02,method_atom,ATOM_data_import,method_atom,high,"fNIRS-EEG systems: fNIRS channels 16-128, EEG channels 8-64. fNIRS sampling 1.81-12.5 Hz, EEG 250-4000 Hz. Wavelengths 650-850nm. Detector spacing 15-35mm. Helmet fusion via elastic caps, 3D printing,",SRC_PMC11506513,From acquisition.ACQ_PMC11506513
EVLINK_0389,EQ_PMC11506513_03,background_only,ATOM_motion_correction,background_only,medium,"Preprocessing patterns: denoising, filtering, artifact removal. Adaptive filtering and CNNs used. Bandpass filtering typical (0.01-0.2 Hz fNIRS, 0.5-40 Hz EEG). Motion correction via wavelet, spline, ",SRC_PMC11506513,From preprocessing.PP_PMC11506513
EVLINK_0390,EQ_PMC11506513_04,method_atom,ATOM_mbll_conversion,method_atom,high,"ML classification: Naïve Bayes 93.18% ADHD accuracy (combined EEG-fNIRS vs 79.54% EEG alone). Features: HbO/HbR changes, PSD, ERP (P3), complexity measures. Fusion: early, late, hybrid. Real-time anal",SRC_PMC11506513,From analysis_methods.ANA_PMC11506513
EVLINK_0391,EQ_PMC8901827_02,background_only,ATOM_bandpass_filter,background_only,high,Channels with CV > 7.5% excluded. Band-pass filter 0.01 Hz low-frequency cutoff and 0.2 Hz high-frequency cutoff with 15% roll-off width. MBLL conversion using Gratzer absorption spectra.,SRC_PMC8901827,From preprocessing.PP_PMC8901827
EVLINK_0392,EQ_PMC8901827_03,method_atom,ATOM_first_level_glm,method_atom,high,"GLM was applied using both HRF and its derivative. t-test was used, with FDR correction, to compare beta values. HRF defined from 0 to 32s after onset. Highest and lowest peaks at 6 and 16s. Design ma",SRC_PMC8901827,From analysis_methods.ANA_PMC8901827
EVLINK_0393,EQ_PMC8901827_04,background_only,,background_only,high,"SZ showed a smaller decrease in HbO levels in the bilateral IPL than HC (p = 0.05). Timecourse analysis revealed an immediate decrease in parietal HbO levels in HC, but not in SZ. Significant differen",SRC_PMC8901827,From results_claims.CLM_PMC8901827_01
EVLINK_0394,EV_PMC10010439,background_only,,background_only,low,Review — no own evidence.,SRC_PMC10010439,From studies.article_type
EVLINK_0395,EV_PMC10017489,background_only,,background_only,medium,not_reported,SRC_PMC10017489,From studies.article_type
EVLINK_0396,EV_PMC10017540,background_only,,background_only,low,Review — no own evidence.,SRC_PMC10017540,From studies.article_type
EVLINK_0397,EV_PMC10021069,background_only,,background_only,medium,not_reported,SRC_PMC10021069,From studies.article_type
EVLINK_0398,EV_PMC10032375,background_only,,background_only,medium,not_reported,SRC_PMC10032375,From studies.article_type
EVLINK_0399,EV_PMC10038196,background_only,,background_only,medium,not_reported,SRC_PMC10038196,From studies.article_type
EVLINK_0400,EV_PMC10042481,background_only,,background_only,medium,not_reported,SRC_PMC10042481,From studies.article_type
EVLINK_0401,EV_PMC10047611,background_only,,background_only,medium,not_reported,SRC_PMC10047611,From studies.article_type
EVLINK_0402,EV_PMC10048721,background_only,,background_only,low,Review — no own evidence.,SRC_PMC10048721,From studies.article_type
EVLINK_0403,EV_PMC10066817,background_only,,background_only,medium,not_reported,SRC_PMC10066817,From studies.article_type
EVLINK_0404,EV_PMC10072005,background_only,,background_only,medium,not_reported,SRC_PMC10072005,From studies.article_type
EVLINK_0405,EV_PMC10078617,background_only,,background_only,low,Review — no own evidence.,SRC_PMC10078617,From studies.article_type
EVLINK_0406,EV_PMC10098071,background_only,,background_only,medium,not_reported,SRC_PMC10098071,From studies.article_type
EVLINK_0407,EV_PMC10098203,background_only,,background_only,medium,not_reported,SRC_PMC10098203,From studies.article_type
EVLINK_0408,EV_PMC10098559,background_only,,background_only,medium,not_reported,SRC_PMC10098559,From studies.article_type
EVLINK_0409,EV_PMC10112026,background_only,,background_only,medium,not_reported,SRC_PMC10112026,From studies.article_type
EVLINK_0410,EV_PMC10113489,background_only,,background_only,medium,not_reported,SRC_PMC10113489,From studies.article_type
EVLINK_0411,EV_PMC10126326,background_only,,background_only,medium,not_reported,SRC_PMC10126326,From studies.article_type
EVLINK_0412,EV_PMC10131980,background_only,,background_only,medium,not_reported,SRC_PMC10131980,From studies.article_type
EVLINK_0413,EV_PMC10137138,background_only,,background_only,low,Review — no own evidence.,SRC_PMC10137138,From studies.article_type
EVLINK_0414,EV_PMC10146128,background_only,,background_only,medium,not_reported,SRC_PMC10146128,From studies.article_type
EVLINK_0415,EV_PMC10160767,background_only,,background_only,medium,not_reported,SRC_PMC10160767,From studies.article_type
EVLINK_0416,EV_PMC10175462,background_only,,background_only,medium,not_reported,SRC_PMC10175462,From studies.article_type
EVLINK_0417,EV_PMC10176292,background_only,,background_only,medium,not_reported,SRC_PMC10176292,From studies.article_type
EVLINK_0418,EV_PMC10181802,background_only,,background_only,medium,not_reported,SRC_PMC10181802,From studies.article_type
EVLINK_0419,EV_PMC10191326,background_only,,background_only,medium,not_reported,SRC_PMC10191326,From studies.article_type
EVLINK_0420,EV_PMC10191645,background_only,,background_only,medium,not_reported,SRC_PMC10191645,From studies.article_type
EVLINK_0421,EV_PMC10194605,background_only,,background_only,low,Review — no own evidence.,SRC_PMC10194605,From studies.article_type
EVLINK_0422,EV_PMC10200033,background_only,,background_only,medium,not_reported,SRC_PMC10200033,From studies.article_type
EVLINK_0423,EV_PMC10203458,background_only,,background_only,low,Review — no own evidence.,SRC_PMC10203458,From studies.article_type
EVLINK_0424,EV_PMC10203730,background_only,,background_only,medium,not_reported,SRC_PMC10203730,From studies.article_type
EVLINK_0425,EV_PMC10204936,background_only,,background_only,medium,not_reported,SRC_PMC10204936,From studies.article_type
EVLINK_0426,EV_PMC10212684,background_only,,background_only,medium,not_reported,SRC_PMC10212684,From studies.article_type
EVLINK_0427,EV_PMC10215946,background_only,,background_only,medium,not_reported,SRC_PMC10215946,From studies.article_type
EVLINK_0428,EV_PMC10226994,background_only,,background_only,medium,not_reported,SRC_PMC10226994,From studies.article_type
EVLINK_0429,EV_PMC10251357,background_only,,background_only,medium,not_reported,SRC_PMC10251357,From studies.article_type
EVLINK_0430,EV_PMC10261976,background_only,,background_only,medium,not_reported,SRC_PMC10261976,From studies.article_type
EVLINK_0431,EV_PMC10263189,background_only,,background_only,medium,not_reported,SRC_PMC10263189,From studies.article_type
EVLINK_0432,EV_PMC10270252,background_only,,background_only,medium,not_reported,SRC_PMC10270252,From studies.article_type
EVLINK_0433,EV_PMC10275383,background_only,,background_only,medium,not_reported,SRC_PMC10275383,From studies.article_type
EVLINK_0434,EV_PMC10276494,background_only,,background_only,medium,not_reported,SRC_PMC10276494,From studies.article_type
EVLINK_0435,EV_PMC10277126,background_only,,background_only,medium,not_reported,SRC_PMC10277126,From studies.article_type
EVLINK_0436,EV_PMC10282188,background_only,,background_only,medium,not_reported,SRC_PMC10282188,From studies.article_type
EVLINK_0437,EV_PMC10286962,background_only,,background_only,medium,not_reported,SRC_PMC10286962,From studies.article_type
EVLINK_0438,EV_PMC10294811,background_only,,background_only,medium,not_reported,SRC_PMC10294811,From studies.article_type
EVLINK_0439,EV_PMC10322191,background_only,,background_only,medium,not_reported,SRC_PMC10322191,From studies.article_type
EVLINK_0440,EV_PMC10323750,background_only,,background_only,medium,not_reported,SRC_PMC10323750,From studies.article_type
EVLINK_0441,EV_PMC10336405,background_only,,background_only,low,Review — no own evidence.,SRC_PMC10336405,From studies.article_type
EVLINK_0442,EV_PMC10338207,background_only,,background_only,medium,not_reported,SRC_PMC10338207,From studies.article_type
EVLINK_0443,EV_PMC10348778,background_only,,background_only,medium,not_reported,SRC_PMC10348778,From studies.article_type
EVLINK_0444,EV_PMC10351877,background_only,,background_only,medium,not_reported,SRC_PMC10351877,From studies.article_type
EVLINK_0445,EV_PMC10354649,background_only,,background_only,low,Review — no own evidence.,SRC_PMC10354649,From studies.article_type
EVLINK_0446,EV_PMC10356754,background_only,,background_only,medium,not_reported,SRC_PMC10356754,From studies.article_type
EVLINK_0447,EV_PMC10368025,background_only,,background_only,low,Review — no own evidence.,SRC_PMC10368025,From studies.article_type
EVLINK_0448,EV_PMC10368065,background_only,,background_only,medium,not_reported,SRC_PMC10368065,From studies.article_type
EVLINK_0449,EV_PMC10384622,background_only,,background_only,medium,not_reported,SRC_PMC10384622,From studies.article_type
EVLINK_0450,EV_PMC10400010,background_only,,background_only,medium,not_reported,SRC_PMC10400010,From studies.article_type
EVLINK_0451,EV_PMC10405458,background_only,,background_only,medium,not_reported,SRC_PMC10405458,From studies.article_type
EVLINK_0452,EV_PMC10413572,background_only,,background_only,medium,not_reported,SRC_PMC10413572,From studies.article_type
EVLINK_0453,EV_PMC10424168,background_only,,background_only,medium,not_reported,SRC_PMC10424168,From studies.article_type
EVLINK_0454,EV_PMC10431651,background_only,,background_only,medium,not_reported,SRC_PMC10431651,From studies.article_type
EVLINK_0455,EV_PMC10437114,background_only,,background_only,medium,not_reported,SRC_PMC10437114,From studies.article_type
EVLINK_0456,EV_PMC10443643,background_only,,background_only,medium,not_reported,SRC_PMC10443643,From studies.article_type
EVLINK_0457,EV_PMC10450247,background_only,,background_only,medium,not_reported,SRC_PMC10450247,From studies.article_type
EVLINK_0458,EV_PMC10453436,background_only,,background_only,medium,not_reported,SRC_PMC10453436,From studies.article_type
EVLINK_0459,EV_PMC10453558,background_only,,background_only,medium,not_reported,SRC_PMC10453558,From studies.article_type
EVLINK_0460,EV_PMC10460200,background_only,,background_only,medium,not_reported,SRC_PMC10460200,From studies.article_type
EVLINK_0461,EV_PMC10467271,background_only,,background_only,medium,not_reported,SRC_PMC10467271,From studies.article_type
EVLINK_0462,EV_PMC10481867,background_only,,background_only,medium,not_reported,SRC_PMC10481867,From studies.article_type
EVLINK_0463,EV_PMC10482352,background_only,,background_only,medium,not_reported,SRC_PMC10482352,From studies.article_type
EVLINK_0464,EV_PMC10483285,background_only,,background_only,medium,not_reported,SRC_PMC10483285,From studies.article_type
EVLINK_0465,EV_PMC10499935,background_only,,background_only,medium,not_reported,SRC_PMC10499935,From studies.article_type
EVLINK_0466,EV_PMC10500026,background_only,,background_only,medium,not_reported,SRC_PMC10500026,From studies.article_type
EVLINK_0467,EV_PMC10506050,background_only,,background_only,medium,not_reported,SRC_PMC10506050,From studies.article_type
EVLINK_0468,EV_PMC10507902,background_only,,background_only,medium,not_reported,SRC_PMC10507902,From studies.article_type
EVLINK_0469,EV_PMC10507988,background_only,,background_only,medium,not_reported,SRC_PMC10507988,From studies.article_type
EVLINK_0470,EV_PMC10508753,background_only,,background_only,medium,not_reported,SRC_PMC10508753,From studies.article_type
EVLINK_0471,EV_PMC10512885,background_only,,background_only,medium,not_reported,SRC_PMC10512885,From studies.article_type
EVLINK_0472,EV_PMC10536152,background_only,,background_only,medium,not_reported,SRC_PMC10536152,From studies.article_type
EVLINK_0473,EV_PMC10543119,background_only,,background_only,medium,not_reported,SRC_PMC10543119,From studies.article_type
EVLINK_0474,EV_PMC10543291,background_only,,background_only,medium,not_reported,SRC_PMC10543291,From studies.article_type
EVLINK_0475,EV_PMC10549743,background_only,,background_only,medium,not_reported,SRC_PMC10549743,From studies.article_type
EVLINK_0476,EV_PMC10576436,background_only,,background_only,medium,not_reported,SRC_PMC10576436,From studies.article_type
EVLINK_0477,EV_PMC10591175,background_only,,background_only,medium,not_reported,SRC_PMC10591175,From studies.article_type
EVLINK_0478,EV_PMC10593988,background_only,,background_only,medium,not_reported,SRC_PMC10593988,From studies.article_type
EVLINK_0479,EV_PMC10605074,background_only,,background_only,medium,not_reported,SRC_PMC10605074,From studies.article_type
EVLINK_0480,EV_PMC10605412,background_only,,background_only,medium,not_reported,SRC_PMC10605412,From studies.article_type
EVLINK_0481,EV_PMC10611153,background_only,,background_only,medium,not_reported,SRC_PMC10611153,From studies.article_type
EVLINK_0482,EV_PMC10624614,background_only,,background_only,medium,not_reported,SRC_PMC10624614,From studies.article_type
EVLINK_0483,EV_PMC10630897,background_only,,background_only,medium,not_reported,SRC_PMC10630897,From studies.article_type
EVLINK_0484,EV_PMC10634523,background_only,,background_only,medium,not_reported,SRC_PMC10634523,From studies.article_type
EVLINK_0485,EV_PMC10638741,background_only,,background_only,medium,not_reported,SRC_PMC10638741,From studies.article_type
EVLINK_0486,EV_PMC10641510,background_only,,background_only,medium,not_reported,SRC_PMC10641510,From studies.article_type
EVLINK_0487,EV_PMC10643392,background_only,,background_only,medium,not_reported,SRC_PMC10643392,From studies.article_type
EVLINK_0488,EV_PMC10644271,background_only,,background_only,medium,not_reported,SRC_PMC10644271,From studies.article_type
EVLINK_0489,EV_PMC10651596,background_only,,background_only,medium,not_reported,SRC_PMC10651596,From studies.article_type
EVLINK_0490,EV_PMC10659362,background_only,,background_only,medium,not_reported,SRC_PMC10659362,From studies.article_type
EVLINK_0491,EV_PMC10662857,background_only,,background_only,medium,not_reported,SRC_PMC10662857,From studies.article_type
EVLINK_0492,EV_PMC10676135,background_only,,background_only,medium,not_reported,SRC_PMC10676135,From studies.article_type
EVLINK_0493,EV_PMC10676732,background_only,,background_only,medium,not_reported,SRC_PMC10676732,From studies.article_type
EVLINK_0494,EV_PMC10689865,background_only,,background_only,medium,not_reported,SRC_PMC10689865,From studies.article_type
EVLINK_0495,EV_PMC10691063,background_only,,background_only,medium,not_reported,SRC_PMC10691063,From studies.article_type
EVLINK_0496,EV_PMC10704020,background_only,,background_only,medium,not_reported,SRC_PMC10704020,From studies.article_type
EVLINK_0497,EV_PMC10709586,background_only,,background_only,medium,not_reported,SRC_PMC10709586,From studies.article_type
EVLINK_0498,EV_PMC10722812,background_only,,background_only,medium,not_reported,SRC_PMC10722812,From studies.article_type
EVLINK_0499,EV_PMC10723778,background_only,,background_only,medium,not_reported,SRC_PMC10723778,From studies.article_type
EVLINK_0500,EV_PMC1073439,background_only,,background_only,medium,not_reported,SRC_PMC1073439,From studies.article_type
EVLINK_0501,EV_PMC10740470,background_only,,background_only,medium,not_reported,SRC_PMC10740470,From studies.article_type
EVLINK_0502,EV_PMC10756643,background_only,,background_only,medium,not_reported,SRC_PMC10756643,From studies.article_type
EVLINK_0503,EV_PMC10762371,background_only,,background_only,medium,not_reported,SRC_PMC10762371,From studies.article_type
EVLINK_0504,EV_PMC10769970,background_only,,background_only,medium,not_reported,SRC_PMC10769970,From studies.article_type
EVLINK_0505,EV_PMC10773254,background_only,,background_only,medium,not_reported,SRC_PMC10773254,From studies.article_type
EVLINK_0506,EV_PMC10773788,background_only,,background_only,medium,not_reported,SRC_PMC10773788,From studies.article_type
EVLINK_0507,EV_PMC10782756,background_only,,background_only,medium,not_reported,SRC_PMC10782756,From studies.article_type
EVLINK_0508,EV_PMC10783912,background_only,,background_only,medium,not_reported,SRC_PMC10783912,From studies.article_type
EVLINK_0509,EV_PMC10789214,background_only,,background_only,medium,not_reported,SRC_PMC10789214,From studies.article_type
EVLINK_0510,EV_PMC10790469,background_only,,background_only,medium,not_reported,SRC_PMC10790469,From studies.article_type
EVLINK_0511,EV_PMC10790833,background_only,,background_only,medium,not_reported,SRC_PMC10790833,From studies.article_type
EVLINK_0512,EV_PMC10790863,background_only,,background_only,medium,not_reported,SRC_PMC10790863,From studies.article_type
EVLINK_0513,EV_PMC10790908,background_only,,background_only,medium,not_reported,SRC_PMC10790908,From studies.article_type
EVLINK_0514,EV_PMC10794389,background_only,,background_only,medium,not_reported,SRC_PMC10794389,From studies.article_type
EVLINK_0515,EV_PMC10797163,background_only,,background_only,medium,not_reported,SRC_PMC10797163,From studies.article_type
EVLINK_0516,EV_PMC10812856,background_only,,background_only,medium,not_reported,SRC_PMC10812856,From studies.article_type
EVLINK_0517,EV_PMC10816546,background_only,,background_only,medium,not_reported,SRC_PMC10816546,From studies.article_type
EVLINK_0518,EV_PMC10817743,background_only,,background_only,medium,not_reported,SRC_PMC10817743,From studies.article_type
EVLINK_0519,EV_PMC10818714,background_only,,background_only,medium,not_reported,SRC_PMC10818714,From studies.article_type
EVLINK_0520,EV_PMC10818961,background_only,,background_only,medium,not_reported,SRC_PMC10818961,From studies.article_type
EVLINK_0521,EV_PMC10821781,background_only,,background_only,medium,not_reported,SRC_PMC10821781,From studies.article_type
EVLINK_0522,EV_PMC10827877,background_only,,background_only,medium,not_reported,SRC_PMC10827877,From studies.article_type
EVLINK_0523,EV_PMC10848249,background_only,,background_only,medium,not_reported,SRC_PMC10848249,From studies.article_type
EVLINK_0524,EV_PMC10849700,background_only,,background_only,medium,not_reported,SRC_PMC10849700,From studies.article_type
EVLINK_0525,EV_PMC10859010,background_only,,background_only,medium,not_reported,SRC_PMC10859010,From studies.article_type
EVLINK_0526,EV_PMC10903079,background_only,,background_only,medium,not_reported,SRC_PMC10903079,From studies.article_type
EVLINK_0527,EV_PMC10904609,background_only,,background_only,medium,not_reported,SRC_PMC10904609,From studies.article_type
EVLINK_0528,EV_PMC10908418,background_only,,background_only,medium,not_reported,SRC_PMC10908418,From studies.article_type
EVLINK_0529,EV_PMC10926346,background_only,,background_only,medium,not_reported,SRC_PMC10926346,From studies.article_type
EVLINK_0530,EV_PMC10930295,background_only,,background_only,medium,not_reported,SRC_PMC10930295,From studies.article_type
EVLINK_0531,EV_PMC10940915,background_only,,background_only,medium,not_reported,SRC_PMC10940915,From studies.article_type
EVLINK_0532,EV_PMC10951157,background_only,,background_only,medium,not_reported,SRC_PMC10951157,From studies.article_type
EVLINK_0533,EV_PMC10961353,background_only,,background_only,medium,not_reported,SRC_PMC10961353,From studies.article_type
EVLINK_0534,EV_PMC10964554,background_only,,background_only,medium,not_reported,SRC_PMC10964554,From studies.article_type
EVLINK_0535,EV_PMC10967028,background_only,,background_only,medium,not_reported,SRC_PMC10967028,From studies.article_type
EVLINK_0536,EV_PMC10974257,background_only,,background_only,medium,not_reported,SRC_PMC10974257,From studies.article_type
EVLINK_0537,EV_PMC10974548,background_only,,background_only,medium,not_reported,SRC_PMC10974548,From studies.article_type
EVLINK_0538,EV_PMC10990628,background_only,,background_only,medium,not_reported,SRC_PMC10990628,From studies.article_type
EVLINK_0539,EV_PMC11007108,background_only,,background_only,medium,not_reported,SRC_PMC11007108,From studies.article_type
EVLINK_0540,EV_PMC11008455,background_only,,background_only,medium,not_reported,SRC_PMC11008455,From studies.article_type
EVLINK_0541,EV_PMC11010726,background_only,,background_only,medium,not_reported,SRC_PMC11010726,From studies.article_type
EVLINK_0542,EV_PMC11018039,background_only,,background_only,medium,not_reported,SRC_PMC11018039,From studies.article_type
EVLINK_0543,EV_PMC11043130,background_only,,background_only,medium,not_reported,SRC_PMC11043130,From studies.article_type
EVLINK_0544,EV_PMC11044905,background_only,,background_only,medium,not_reported,SRC_PMC11044905,From studies.article_type
EVLINK_0545,EV_PMC11047915,background_only,,background_only,medium,not_reported,SRC_PMC11047915,From studies.article_type
EVLINK_0546,EV_PMC11048441,background_only,,background_only,medium,not_reported,SRC_PMC11048441,From studies.article_type
EVLINK_0547,EV_PMC11048477,background_only,,background_only,medium,not_reported,SRC_PMC11048477,From studies.article_type
EVLINK_0548,EV_PMC11054207,background_only,,background_only,medium,not_reported,SRC_PMC11054207,From studies.article_type
EVLINK_0549,EV_PMC11066545,background_only,,background_only,medium,not_reported,SRC_PMC11066545,From studies.article_type
EVLINK_0550,EV_PMC11068267,background_only,,background_only,medium,not_reported,SRC_PMC11068267,From studies.article_type
EVLINK_0551,EV_PMC11069416,background_only,,background_only,medium,not_reported,SRC_PMC11069416,From studies.article_type
EVLINK_0552,EV_PMC11072713,background_only,,background_only,medium,not_reported,SRC_PMC11072713,From studies.article_type
EVLINK_0553,EV_PMC11082417,background_only,,background_only,medium,not_reported,SRC_PMC11082417,From studies.article_type
EVLINK_0554,EV_PMC11084304,background_only,,background_only,medium,not_reported,SRC_PMC11084304,From studies.article_type
EVLINK_0555,EV_PMC11092069,background_only,,background_only,medium,not_reported,SRC_PMC11092069,From studies.article_type
EVLINK_0556,EV_PMC11094294,background_only,,background_only,medium,not_reported,SRC_PMC11094294,From studies.article_type
EVLINK_0557,EV_PMC11101423,background_only,,background_only,medium,not_reported,SRC_PMC11101423,From studies.article_type
EVLINK_0558,EV_PMC11112281,background_only,,background_only,medium,not_reported,SRC_PMC11112281,From studies.article_type
EVLINK_0559,EV_PMC11118627,background_only,,background_only,medium,not_reported,SRC_PMC11118627,From studies.article_type
EVLINK_0560,EV_PMC1112605,background_only,,background_only,medium,not_reported,SRC_PMC1112605,From studies.article_type
EVLINK_0561,EV_PMC11134420,background_only,,background_only,medium,not_reported,SRC_PMC11134420,From studies.article_type
EVLINK_0562,EV_PMC11135058,background_only,,background_only,medium,not_reported,SRC_PMC11135058,From studies.article_type
EVLINK_0563,EV_PMC11146205,background_only,,background_only,medium,not_reported,SRC_PMC11146205,From studies.article_type
EVLINK_0564,EV_PMC11155497,background_only,,background_only,medium,not_reported,SRC_PMC11155497,From studies.article_type
EVLINK_0565,EV_PMC11177928,background_only,,background_only,medium,not_reported,SRC_PMC11177928,From studies.article_type
EVLINK_0566,EV_PMC11178101,background_only,,background_only,medium,not_reported,SRC_PMC11178101,From studies.article_type
EVLINK_0567,EV_PMC11188690,background_only,,background_only,medium,not_reported,SRC_PMC11188690,From studies.article_type
EVLINK_0568,EV_PMC11196085,background_only,,background_only,medium,not_reported,SRC_PMC11196085,From studies.article_type
EVLINK_0569,EV_PMC11200721,background_only,,background_only,medium,not_reported,SRC_PMC11200721,From studies.article_type
EVLINK_0570,EV_PMC11210076,background_only,,background_only,medium,not_reported,SRC_PMC11210076,From studies.article_type
EVLINK_0571,EV_PMC11218834,background_only,,background_only,medium,not_reported,SRC_PMC11218834,From studies.article_type
EVLINK_0572,EV_PMC11221108,background_only,,background_only,medium,not_reported,SRC_PMC11221108,From studies.article_type
EVLINK_0573,EV_PMC11244119,background_only,,background_only,medium,not_reported,SRC_PMC11244119,From studies.article_type
EVLINK_0574,EV_PMC11247181,background_only,,background_only,medium,not_reported,SRC_PMC11247181,From studies.article_type
EVLINK_0575,EV_PMC11276379,background_only,,background_only,medium,not_reported,SRC_PMC11276379,From studies.article_type
EVLINK_0576,EV_PMC11277785,background_only,,background_only,medium,not_reported,SRC_PMC11277785,From studies.article_type
EVLINK_0577,EV_PMC11283272,background_only,,background_only,medium,not_reported,SRC_PMC11283272,From studies.article_type
EVLINK_0578,EV_PMC11284241,background_only,,background_only,medium,not_reported,SRC_PMC11284241,From studies.article_type
EVLINK_0579,EV_PMC11288115,background_only,,background_only,medium,not_reported,SRC_PMC11288115,From studies.article_type
EVLINK_0580,EV_PMC11297873,background_only,,background_only,medium,not_reported,SRC_PMC11297873,From studies.article_type
EVLINK_0581,EV_PMC11298368,background_only,,background_only,medium,not_reported,SRC_PMC11298368,From studies.article_type
EVLINK_0582,EV_PMC11302996,background_only,,background_only,medium,not_reported,SRC_PMC11302996,From studies.article_type
EVLINK_0583,EV_PMC11303590,background_only,,background_only,medium,not_reported,SRC_PMC11303590,From studies.article_type
EVLINK_0584,EV_PMC11335481,background_only,,background_only,medium,not_reported,SRC_PMC11335481,From studies.article_type
EVLINK_0585,EV_PMC11347583,background_only,,background_only,medium,not_reported,SRC_PMC11347583,From studies.article_type
EVLINK_0586,EV_PMC11347808,background_only,,background_only,medium,not_reported,SRC_PMC11347808,From studies.article_type
EVLINK_0587,EV_PMC11348010,background_only,,background_only,medium,not_reported,SRC_PMC11348010,From studies.article_type
EVLINK_0588,EV_PMC11350141,background_only,,background_only,medium,not_reported,SRC_PMC11350141,From studies.article_type
EVLINK_0589,EV_PMC11351350,background_only,,background_only,medium,not_reported,SRC_PMC11351350,From studies.article_type
EVLINK_0590,EV_PMC11363059,background_only,,background_only,medium,not_reported,SRC_PMC11363059,From studies.article_type
EVLINK_0591,EV_PMC11363815,background_only,,background_only,medium,not_reported,SRC_PMC11363815,From studies.article_type
EVLINK_0592,EV_PMC11370459,background_only,,background_only,medium,not_reported,SRC_PMC11370459,From studies.article_type
EVLINK_0593,EV_PMC11374618,background_only,,background_only,medium,not_reported,SRC_PMC11374618,From studies.article_type
EVLINK_0594,EV_PMC11379445,background_only,,background_only,medium,not_reported,SRC_PMC11379445,From studies.article_type
EVLINK_0595,EV_PMC11382456,background_only,,background_only,medium,not_reported,SRC_PMC11382456,From studies.article_type
EVLINK_0596,EV_PMC11392768,background_only,,background_only,medium,not_reported,SRC_PMC11392768,From studies.article_type
EVLINK_0597,EV_PMC11404838,background_only,,background_only,medium,not_reported,SRC_PMC11404838,From studies.article_type
EVLINK_0598,EV_PMC11407240,background_only,,background_only,medium,not_reported,SRC_PMC11407240,From studies.article_type
EVLINK_0599,EV_PMC11421663,background_only,,background_only,medium,not_reported,SRC_PMC11421663,From studies.article_type
EVLINK_0600,EV_PMC11427210,background_only,,background_only,medium,not_reported,SRC_PMC11427210,From studies.article_type
EVLINK_0601,EV_PMC11429964,background_only,,background_only,medium,not_reported,SRC_PMC11429964,From studies.article_type
EVLINK_0602,EV_PMC11432853,background_only,,background_only,medium,not_reported,SRC_PMC11432853,From studies.article_type
EVLINK_0603,EV_PMC11437797,background_only,,background_only,medium,not_reported,SRC_PMC11437797,From studies.article_type
EVLINK_0604,EV_PMC11443291,background_only,,background_only,medium,not_reported,SRC_PMC11443291,From studies.article_type
EVLINK_0605,EV_PMC11450226,background_only,,background_only,medium,not_reported,SRC_PMC11450226,From studies.article_type
EVLINK_0606,EV_PMC11460616,background_only,,background_only,medium,not_reported,SRC_PMC11460616,From studies.article_type
EVLINK_0607,EV_PMC11461194,background_only,,background_only,medium,not_reported,SRC_PMC11461194,From studies.article_type
EVLINK_0608,EV_PMC11467741,background_only,,background_only,medium,not_reported,SRC_PMC11467741,From studies.article_type
EVLINK_0609,EV_PMC11470749,background_only,,background_only,medium,not_reported,SRC_PMC11470749,From studies.article_type
EVLINK_0610,EV_PMC11479381,background_only,,background_only,medium,not_reported,SRC_PMC11479381,From studies.article_type
EVLINK_0611,EV_PMC11482185,background_only,,background_only,medium,not_reported,SRC_PMC11482185,From studies.article_type
EVLINK_0612,EV_PMC11487584,background_only,,background_only,medium,not_reported,SRC_PMC11487584,From studies.article_type
EVLINK_0613,EV_PMC11493908,background_only,,background_only,medium,not_reported,SRC_PMC11493908,From studies.article_type
EVLINK_0614,EV_PMC11498316,background_only,,background_only,medium,not_reported,SRC_PMC11498316,From studies.article_type
EVLINK_0615,EV_PMC11505713,background_only,,background_only,medium,not_reported,SRC_PMC11505713,From studies.article_type
EVLINK_0616,EV_PMC11512011,background_only,,background_only,medium,not_reported,SRC_PMC11512011,From studies.article_type
EVLINK_0617,EV_PMC11518980,background_only,,background_only,medium,not_reported,SRC_PMC11518980,From studies.article_type
EVLINK_0618,EV_PMC11519002,background_only,,background_only,medium,not_reported,SRC_PMC11519002,From studies.article_type
EVLINK_0619,EV_PMC11521827,background_only,,background_only,medium,not_reported,SRC_PMC11521827,From studies.article_type
EVLINK_0620,EV_PMC11527621,background_only,,background_only,medium,not_reported,SRC_PMC11527621,From studies.article_type
EVLINK_0621,EV_PMC11540188,background_only,,background_only,medium,not_reported,SRC_PMC11540188,From studies.article_type
EVLINK_0622,EV_PMC11545383,background_only,,background_only,medium,not_reported,SRC_PMC11545383,From studies.article_type
EVLINK_0623,EV_PMC11548375,background_only,,background_only,medium,not_reported,SRC_PMC11548375,From studies.article_type
EVLINK_0624,EV_PMC11555064,background_only,,background_only,medium,not_reported,SRC_PMC11555064,From studies.article_type
EVLINK_0625,EV_PMC11557353,background_only,,background_only,medium,not_reported,SRC_PMC11557353,From studies.article_type
EVLINK_0626,EV_PMC11565806,background_only,,background_only,medium,not_reported,SRC_PMC11565806,From studies.article_type
EVLINK_0627,EV_PMC11568197,background_only,,background_only,medium,not_reported,SRC_PMC11568197,From studies.article_type
EVLINK_0628,EV_PMC11573361,background_only,,background_only,medium,not_reported,SRC_PMC11573361,From studies.article_type
EVLINK_0629,EV_PMC11573864,background_only,,background_only,medium,not_reported,SRC_PMC11573864,From studies.article_type
EVLINK_0630,EV_PMC11581048,background_only,,background_only,medium,not_reported,SRC_PMC11581048,From studies.article_type
EVLINK_0631,EV_PMC11584861,background_only,,background_only,medium,not_reported,SRC_PMC11584861,From studies.article_type
EVLINK_0632,EV_PMC11587096,background_only,,background_only,medium,not_reported,SRC_PMC11587096,From studies.article_type
EVLINK_0633,EV_PMC11587899,background_only,,background_only,medium,not_reported,SRC_PMC11587899,From studies.article_type
EVLINK_0634,EV_PMC11591234,background_only,,background_only,medium,not_reported,SRC_PMC11591234,From studies.article_type
EVLINK_0636,EV_PMC11606037,background_only,,background_only,medium,not_reported,SRC_PMC11606037,From studies.article_type
EVLINK_0637,EV_PMC11608255,background_only,,background_only,medium,not_reported,SRC_PMC11608255,From studies.article_type
EVLINK_0638,EV_PMC11609993,background_only,,background_only,medium,not_reported,SRC_PMC11609993,From studies.article_type
EVLINK_0639,EV_PMC11615565,background_only,,background_only,medium,not_reported,SRC_PMC11615565,From studies.article_type
EVLINK_0640,EV_PMC11620557,background_only,,background_only,medium,not_reported,SRC_PMC11620557,From studies.article_type
EVLINK_0641,EV_PMC11622424,background_only,,background_only,medium,not_reported,SRC_PMC11622424,From studies.article_type
EVLINK_0642,EV_PMC11629311,background_only,,background_only,medium,not_reported,SRC_PMC11629311,From studies.article_type
EVLINK_0643,EV_PMC11635295,background_only,,background_only,medium,not_reported,SRC_PMC11635295,From studies.article_type
EVLINK_0644,EV_PMC11640565,background_only,,background_only,medium,not_reported,SRC_PMC11640565,From studies.article_type
EVLINK_0645,EV_PMC11651083,background_only,,background_only,medium,not_reported,SRC_PMC11651083,From studies.article_type
EVLINK_0646,EV_PMC11651133,background_only,,background_only,medium,not_reported,SRC_PMC11651133,From studies.article_type
EVLINK_0647,EV_PMC11651663,background_only,,background_only,medium,not_reported,SRC_PMC11651663,From studies.article_type
EVLINK_0648,EV_PMC11655732,background_only,,background_only,medium,not_reported,SRC_PMC11655732,From studies.article_type
EVLINK_0649,EV_PMC11658069,background_only,,background_only,medium,not_reported,SRC_PMC11658069,From studies.article_type
EVLINK_0650,EV_PMC11661058,background_only,,background_only,medium,not_reported,SRC_PMC11661058,From studies.article_type
EVLINK_0651,EV_PMC11665088,background_only,,background_only,medium,not_reported,SRC_PMC11665088,From studies.article_type
EVLINK_0652,EV_PMC11668775,background_only,,background_only,medium,not_reported,SRC_PMC11668775,From studies.article_type
EVLINK_0653,EV_PMC11687848,background_only,,background_only,medium,not_reported,SRC_PMC11687848,From studies.article_type
EVLINK_0654,EV_PMC11698844,background_only,,background_only,medium,not_reported,SRC_PMC11698844,From studies.article_type
EVLINK_0655,EV_PMC11700699,background_only,,background_only,medium,not_reported,SRC_PMC11700699,From studies.article_type
EVLINK_0656,EV_PMC11708974,background_only,,background_only,medium,not_reported,SRC_PMC11708974,From studies.article_type
EVLINK_0657,EV_PMC11724951,background_only,,background_only,medium,not_reported,SRC_PMC11724951,From studies.article_type
EVLINK_0658,EV_PMC11750998,background_only,,background_only,medium,not_reported,SRC_PMC11750998,From studies.article_type
EVLINK_0659,EV_PMC11751059,background_only,,background_only,medium,not_reported,SRC_PMC11751059,From studies.article_type
EVLINK_0660,EV_PMC11768738,background_only,,background_only,medium,not_reported,SRC_PMC11768738,From studies.article_type
EVLINK_0661,EV_PMC11769814,background_only,,background_only,medium,not_reported,SRC_PMC11769814,From studies.article_type
EVLINK_0662,EV_PMC11771054,background_only,,background_only,medium,not_reported,SRC_PMC11771054,From studies.article_type
EVLINK_0663,EV_PMC11772744,background_only,,background_only,medium,not_reported,SRC_PMC11772744,From studies.article_type
EVLINK_0664,EV_PMC11783108,background_only,,background_only,medium,not_reported,SRC_PMC11783108,From studies.article_type
EVLINK_0665,EV_PMC11785794,background_only,,background_only,medium,not_reported,SRC_PMC11785794,From studies.article_type
EVLINK_0666,EV_PMC11793863,background_only,,background_only,medium,not_reported,SRC_PMC11793863,From studies.article_type
EVLINK_0667,EV_PMC11808466,background_only,,background_only,medium,not_reported,SRC_PMC11808466,From studies.article_type
EVLINK_0668,EV_PMC11812511,background_only,,background_only,medium,not_reported,SRC_PMC11812511,From studies.article_type
EVLINK_0669,EV_PMC11819900,background_only,,background_only,medium,not_reported,SRC_PMC11819900,From studies.article_type
EVLINK_0670,EV_PMC11821374,background_only,,background_only,medium,not_reported,SRC_PMC11821374,From studies.article_type
EVLINK_0671,EV_PMC11828439,background_only,,background_only,medium,not_reported,SRC_PMC11828439,From studies.article_type
EVLINK_0672,EV_PMC11828630,background_only,,background_only,medium,not_reported,SRC_PMC11828630,From studies.article_type
EVLINK_0673,EV_PMC11828717,background_only,,background_only,medium,not_reported,SRC_PMC11828717,From studies.article_type
EVLINK_0674,EV_PMC11830608,background_only,,background_only,medium,not_reported,SRC_PMC11830608,From studies.article_type
EVLINK_0675,EV_PMC11841225,background_only,,background_only,medium,not_reported,SRC_PMC11841225,From studies.article_type
EVLINK_0676,EV_PMC11842388,background_only,,background_only,medium,not_reported,SRC_PMC11842388,From studies.article_type
EVLINK_0677,EV_PMC11852277,background_only,,background_only,medium,not_reported,SRC_PMC11852277,From studies.article_type
EVLINK_0678,EV_PMC11857250,background_only,,background_only,medium,not_reported,SRC_PMC11857250,From studies.article_type
EVLINK_0679,EV_PMC11896818,background_only,,background_only,medium,not_reported,SRC_PMC11896818,From studies.article_type
EVLINK_0680,EV_PMC11903437,background_only,,background_only,medium,not_reported,SRC_PMC11903437,From studies.article_type
EVLINK_0681,EV_PMC11906991,background_only,,background_only,medium,not_reported,SRC_PMC11906991,From studies.article_type
EVLINK_0682,EV_PMC11908070,background_only,,background_only,medium,not_reported,SRC_PMC11908070,From studies.article_type
EVLINK_0683,EV_PMC11910571,background_only,,background_only,medium,not_reported,SRC_PMC11910571,From studies.article_type
EVLINK_0684,EV_PMC11912640,background_only,,background_only,medium,not_reported,SRC_PMC11912640,From studies.article_type
EVLINK_0685,EV_PMC11922126,background_only,,background_only,medium,not_reported,SRC_PMC11922126,From studies.article_type
EVLINK_0686,EV_PMC11924667,background_only,,background_only,medium,not_reported,SRC_PMC11924667,From studies.article_type
EVLINK_0687,EV_PMC11934110,background_only,,background_only,medium,not_reported,SRC_PMC11934110,From studies.article_type
EVLINK_0688,EV_PMC11939202,background_only,,background_only,medium,not_reported,SRC_PMC11939202,From studies.article_type
EVLINK_0689,EV_PMC11946344,background_only,,background_only,medium,not_reported,SRC_PMC11946344,From studies.article_type
EVLINK_0690,EV_PMC11946373,background_only,,background_only,medium,not_reported,SRC_PMC11946373,From studies.article_type
EVLINK_0691,EV_PMC11950063,background_only,,background_only,medium,not_reported,SRC_PMC11950063,From studies.article_type
EVLINK_0692,EV_PMC11956216,background_only,,background_only,medium,not_reported,SRC_PMC11956216,From studies.article_type
EVLINK_0693,EV_PMC11979500,background_only,,background_only,medium,not_reported,SRC_PMC11979500,From studies.article_type
EVLINK_0694,EV_PMC11985426,background_only,,background_only,medium,not_reported,SRC_PMC11985426,From studies.article_type
EVLINK_0695,EV_PMC11988768,background_only,,background_only,medium,not_reported,SRC_PMC11988768,From studies.article_type
EVLINK_0696,EV_PMC12001566,background_only,,background_only,medium,not_reported,SRC_PMC12001566,From studies.article_type
EVLINK_0697,EV_PMC12005509,background_only,,background_only,medium,not_reported,SRC_PMC12005509,From studies.article_type
EVLINK_0698,EV_PMC12012285,background_only,,background_only,medium,not_reported,SRC_PMC12012285,From studies.article_type
EVLINK_0699,EV_PMC12025269,background_only,,background_only,medium,not_reported,SRC_PMC12025269,From studies.article_type
EVLINK_0700,EV_PMC12034530,background_only,,background_only,medium,not_reported,SRC_PMC12034530,From studies.article_type
EVLINK_0701,EV_PMC12035826,background_only,,background_only,medium,not_reported,SRC_PMC12035826,From studies.article_type
EVLINK_0702,EV_PMC12036635,background_only,,background_only,medium,not_reported,SRC_PMC12036635,From studies.article_type
EVLINK_0703,EV_PMC12049316,background_only,,background_only,medium,not_reported,SRC_PMC12049316,From studies.article_type
EVLINK_0704,EV_PMC12054330,background_only,,background_only,medium,not_reported,SRC_PMC12054330,From studies.article_type
EVLINK_0705,EV_PMC12076020,background_only,,background_only,medium,not_reported,SRC_PMC12076020,From studies.article_type
EVLINK_0706,EV_PMC12077575,background_only,,background_only,medium,not_reported,SRC_PMC12077575,From studies.article_type
EVLINK_0707,EV_PMC12084981,background_only,,background_only,medium,not_reported,SRC_PMC12084981,From studies.article_type
EVLINK_0708,EV_PMC12089058,background_only,,background_only,medium,not_reported,SRC_PMC12089058,From studies.article_type
EVLINK_0709,EV_PMC12097611,background_only,,background_only,medium,not_reported,SRC_PMC12097611,From studies.article_type
EVLINK_0710,EV_PMC12098621,background_only,,background_only,medium,not_reported,SRC_PMC12098621,From studies.article_type
EVLINK_0711,EV_PMC12110038,background_only,,background_only,medium,not_reported,SRC_PMC12110038,From studies.article_type
EVLINK_0712,EV_PMC12110572,background_only,,background_only,medium,not_reported,SRC_PMC12110572,From studies.article_type
EVLINK_0713,EV_PMC12119335,background_only,,background_only,medium,not_reported,SRC_PMC12119335,From studies.article_type
EVLINK_0714,EV_PMC12119631,background_only,,background_only,medium,not_reported,SRC_PMC12119631,From studies.article_type
EVLINK_0715,EV_PMC12135919,background_only,,background_only,medium,not_reported,SRC_PMC12135919,From studies.article_type
EVLINK_0716,EV_PMC12144309,background_only,,background_only,medium,not_reported,SRC_PMC12144309,From studies.article_type
EVLINK_0717,EV_PMC12151435,background_only,,background_only,medium,not_reported,SRC_PMC12151435,From studies.article_type
EVLINK_0718,EV_PMC12155569,background_only,,background_only,medium,not_reported,SRC_PMC12155569,From studies.article_type
EVLINK_0720,EV_PMC12176596,background_only,,background_only,medium,not_reported,SRC_PMC12176596,From studies.article_type
EVLINK_0721,EV_PMC12176816,background_only,,background_only,medium,not_reported,SRC_PMC12176816,From studies.article_type
EVLINK_0722,EV_PMC12206696,background_only,,background_only,medium,not_reported,SRC_PMC12206696,From studies.article_type
EVLINK_0723,EV_PMC12211333,background_only,,background_only,medium,not_reported,SRC_PMC12211333,From studies.article_type
EVLINK_0724,EV_PMC12211554,background_only,,background_only,medium,not_reported,SRC_PMC12211554,From studies.article_type
EVLINK_0725,EV_PMC12213380,background_only,,background_only,medium,not_reported,SRC_PMC12213380,From studies.article_type
EVLINK_0726,EV_PMC12215065,background_only,,background_only,medium,not_reported,SRC_PMC12215065,From studies.article_type
EVLINK_0727,EV_PMC12247563,background_only,,background_only,medium,not_reported,SRC_PMC12247563,From studies.article_type
EVLINK_0728,EV_PMC12258558,background_only,,background_only,medium,not_reported,SRC_PMC12258558,From studies.article_type
EVLINK_0729,EV_PMC12279310,background_only,,background_only,medium,not_reported,SRC_PMC12279310,From studies.article_type
EVLINK_0730,EV_PMC12286108,background_only,,background_only,medium,not_reported,SRC_PMC12286108,From studies.article_type
EVLINK_0731,EV_PMC12290587,background_only,,background_only,medium,not_reported,SRC_PMC12290587,From studies.article_type
EVLINK_0732,EV_PMC12292983,background_only,,background_only,medium,not_reported,SRC_PMC12292983,From studies.article_type
EVLINK_0733,EV_PMC12294917,background_only,,background_only,medium,not_reported,SRC_PMC12294917,From studies.article_type
EVLINK_0734,EV_PMC12296015,background_only,,background_only,medium,not_reported,SRC_PMC12296015,From studies.article_type
EVLINK_0735,EV_PMC12303396,background_only,,background_only,medium,not_reported,SRC_PMC12303396,From studies.article_type
EVLINK_0736,EV_PMC12313475,background_only,,background_only,medium,not_reported,SRC_PMC12313475,From studies.article_type
EVLINK_0737,EV_PMC12314427,background_only,,background_only,medium,not_reported,SRC_PMC12314427,From studies.article_type
EVLINK_0738,EV_PMC12318581,background_only,,background_only,medium,not_reported,SRC_PMC12318581,From studies.article_type
EVLINK_0739,EV_PMC12319745,background_only,,background_only,medium,not_reported,SRC_PMC12319745,From studies.article_type
EVLINK_0740,EV_PMC12319781,background_only,,background_only,medium,not_reported,SRC_PMC12319781,From studies.article_type
EVLINK_0741,EV_PMC12322209,background_only,,background_only,medium,not_reported,SRC_PMC12322209,From studies.article_type
EVLINK_0742,EV_PMC12368614,background_only,,background_only,medium,not_reported,SRC_PMC12368614,From studies.article_type
EVLINK_0743,EV_PMC12375792,background_only,,background_only,medium,not_reported,SRC_PMC12375792,From studies.article_type
EVLINK_0744,EV_PMC12382210,background_only,,background_only,medium,not_reported,SRC_PMC12382210,From studies.article_type
EVLINK_0745,EV_PMC12384115,background_only,,background_only,medium,not_reported,SRC_PMC12384115,From studies.article_type
EVLINK_0746,EV_PMC12389796,background_only,,background_only,medium,not_reported,SRC_PMC12389796,From studies.article_type
EVLINK_0747,EV_PMC12390546,background_only,,background_only,medium,not_reported,SRC_PMC12390546,From studies.article_type
EVLINK_0748,EV_PMC12394502,background_only,,background_only,medium,not_reported,SRC_PMC12394502,From studies.article_type
EVLINK_0749,EV_PMC12395922,background_only,,background_only,medium,not_reported,SRC_PMC12395922,From studies.article_type
EVLINK_0750,EV_PMC12413766,background_only,,background_only,medium,not_reported,SRC_PMC12413766,From studies.article_type
EVLINK_0751,EV_PMC12424754,background_only,,background_only,medium,not_reported,SRC_PMC12424754,From studies.article_type
EVLINK_0752,EV_PMC12430896,background_only,,background_only,medium,not_reported,SRC_PMC12430896,From studies.article_type
EVLINK_0753,EV_PMC12431000,background_only,,background_only,medium,not_reported,SRC_PMC12431000,From studies.article_type
EVLINK_0754,EV_PMC12431421,background_only,,background_only,medium,not_reported,SRC_PMC12431421,From studies.article_type
EVLINK_0755,EV_PMC12433872,background_only,,background_only,medium,not_reported,SRC_PMC12433872,From studies.article_type
EVLINK_0756,EV_PMC12447979,background_only,,background_only,medium,not_reported,SRC_PMC12447979,From studies.article_type
EVLINK_0757,EV_PMC12451471,background_only,,background_only,medium,not_reported,SRC_PMC12451471,From studies.article_type
EVLINK_0758,EV_PMC12460188,background_only,,background_only,medium,not_reported,SRC_PMC12460188,From studies.article_type
EVLINK_0759,EV_PMC12464127,background_only,,background_only,medium,not_reported,SRC_PMC12464127,From studies.article_type
EVLINK_0760,EV_PMC12467443,background_only,,background_only,medium,not_reported,SRC_PMC12467443,From studies.article_type
EVLINK_0761,EV_PMC12467613,background_only,,background_only,medium,not_reported,SRC_PMC12467613,From studies.article_type
EVLINK_0762,EV_PMC12467839,background_only,,background_only,medium,not_reported,SRC_PMC12467839,From studies.article_type
EVLINK_0763,EV_PMC12473395,background_only,,background_only,medium,not_reported,SRC_PMC12473395,From studies.article_type
EVLINK_0764,EV_PMC12476264,background_only,,background_only,medium,not_reported,SRC_PMC12476264,From studies.article_type
EVLINK_0765,EV_PMC12481472,background_only,,background_only,medium,not_reported,SRC_PMC12481472,From studies.article_type
EVLINK_0766,EV_PMC12487057,background_only,,background_only,medium,not_reported,SRC_PMC12487057,From studies.article_type
EVLINK_0767,EV_PMC12489784,background_only,,background_only,medium,not_reported,SRC_PMC12489784,From studies.article_type
EVLINK_0768,EV_PMC12496052,background_only,,background_only,medium,not_reported,SRC_PMC12496052,From studies.article_type
EVLINK_0769,EV_PMC12503683,background_only,,background_only,medium,not_reported,SRC_PMC12503683,From studies.article_type
EVLINK_0771,EV_PMC12504255,background_only,,background_only,medium,not_reported,SRC_PMC12504255,From studies.article_type
EVLINK_0772,EV_PMC12517010,background_only,,background_only,medium,not_reported,SRC_PMC12517010,From studies.article_type
EVLINK_0773,EV_PMC12521986,background_only,,background_only,medium,not_reported,SRC_PMC12521986,From studies.article_type
EVLINK_0774,EV_PMC12522307,background_only,,background_only,medium,not_reported,SRC_PMC12522307,From studies.article_type
EVLINK_0775,EV_PMC12523035,background_only,,background_only,medium,not_reported,SRC_PMC12523035,From studies.article_type
EVLINK_0776,EV_PMC12524852,background_only,,background_only,medium,not_reported,SRC_PMC12524852,From studies.article_type
EVLINK_0777,EV_PMC12526594,background_only,,background_only,medium,not_reported,SRC_PMC12526594,From studies.article_type
EVLINK_0778,EV_PMC12562941,background_only,,background_only,medium,not_reported,SRC_PMC12562941,From studies.article_type
EVLINK_0779,EV_PMC12594995,background_only,,background_only,medium,not_reported,SRC_PMC12594995,From studies.article_type
EVLINK_0780,EV_PMC12619298,background_only,,background_only,medium,not_reported,SRC_PMC12619298,From studies.article_type
EVLINK_0781,EV_PMC12631896,background_only,,background_only,medium,not_reported,SRC_PMC12631896,From studies.article_type
EVLINK_0782,EV_PMC12640596,background_only,,background_only,medium,not_reported,SRC_PMC12640596,From studies.article_type
EVLINK_0783,EV_PMC12645990,background_only,,background_only,medium,not_reported,SRC_PMC12645990,From studies.article_type
EVLINK_0784,EV_PMC12647615,background_only,,background_only,medium,not_reported,SRC_PMC12647615,From studies.article_type
EVLINK_0785,EV_PMC12651047,background_only,,background_only,medium,not_reported,SRC_PMC12651047,From studies.article_type
EVLINK_0786,EV_PMC12661853,background_only,,background_only,medium,not_reported,SRC_PMC12661853,From studies.article_type
EVLINK_0787,EV_PMC12669267,background_only,,background_only,medium,not_reported,SRC_PMC12669267,From studies.article_type
EVLINK_0788,EV_PMC12680568,background_only,,background_only,medium,not_reported,SRC_PMC12680568,From studies.article_type
EVLINK_0789,EV_PMC12680803,background_only,,background_only,medium,not_reported,SRC_PMC12680803,From studies.article_type
EVLINK_0790,EV_PMC12684069,background_only,,background_only,medium,not_reported,SRC_PMC12684069,From studies.article_type
EVLINK_0791,EV_PMC12685386,background_only,,background_only,medium,not_reported,SRC_PMC12685386,From studies.article_type
EVLINK_0792,EV_PMC12686880,background_only,,background_only,medium,not_reported,SRC_PMC12686880,From studies.article_type
EVLINK_0793,EV_PMC12689357,background_only,,background_only,medium,not_reported,SRC_PMC12689357,From studies.article_type
EVLINK_0794,EV_PMC12696154,background_only,,background_only,medium,not_reported,SRC_PMC12696154,From studies.article_type
EVLINK_0795,EV_PMC12696340,background_only,,background_only,medium,not_reported,SRC_PMC12696340,From studies.article_type
EVLINK_0796,EV_PMC12704090,background_only,,background_only,medium,not_reported,SRC_PMC12704090,From studies.article_type
EVLINK_0797,EV_PMC12728002,background_only,,background_only,medium,not_reported,SRC_PMC12728002,From studies.article_type
EVLINK_0798,EV_PMC12733924,background_only,,background_only,medium,not_reported,SRC_PMC12733924,From studies.article_type
EVLINK_0799,EV_PMC12740935,background_only,,background_only,medium,not_reported,SRC_PMC12740935,From studies.article_type
EVLINK_0800,EV_PMC12746691,background_only,,background_only,medium,not_reported,SRC_PMC12746691,From studies.article_type
EVLINK_0801,EV_PMC12748957,background_only,,background_only,medium,not_reported,SRC_PMC12748957,From studies.article_type
EVLINK_0802,EV_PMC12751410,background_only,,background_only,medium,not_reported,SRC_PMC12751410,From studies.article_type
EVLINK_0803,EV_PMC12751561,background_only,,background_only,medium,not_reported,SRC_PMC12751561,From studies.article_type
EVLINK_0804,EV_PMC12777288,background_only,,background_only,medium,not_reported,SRC_PMC12777288,From studies.article_type
EVLINK_0805,EV_PMC12788351,background_only,,background_only,medium,not_reported,SRC_PMC12788351,From studies.article_type
EVLINK_0806,EV_PMC12833299,background_only,,background_only,medium,not_reported,SRC_PMC12833299,From studies.article_type
EVLINK_0807,EV_PMC12834323,background_only,,background_only,medium,not_reported,SRC_PMC12834323,From studies.article_type
EVLINK_0808,EV_PMC12836396,background_only,,background_only,medium,not_reported,SRC_PMC12836396,From studies.article_type
EVLINK_0809,EV_PMC12838736,background_only,,background_only,medium,not_reported,SRC_PMC12838736,From studies.article_type
EVLINK_0810,EV_PMC12842157,background_only,,background_only,medium,not_reported,SRC_PMC12842157,From studies.article_type
EVLINK_0811,EV_PMC12852004,background_only,,background_only,medium,not_reported,SRC_PMC12852004,From studies.article_type
EVLINK_0812,EV_PMC12859723,background_only,,background_only,medium,not_reported,SRC_PMC12859723,From studies.article_type
EVLINK_0813,EV_PMC12865808,background_only,,background_only,medium,not_reported,SRC_PMC12865808,From studies.article_type
EVLINK_0814,EV_PMC12868789,background_only,,background_only,medium,not_reported,SRC_PMC12868789,From studies.article_type
EVLINK_0815,EV_PMC12870292,background_only,,background_only,medium,not_reported,SRC_PMC12870292,From studies.article_type
EVLINK_0816,EV_PMC12875935,background_only,,background_only,medium,not_reported,SRC_PMC12875935,From studies.article_type
EVLINK_0817,EV_PMC12876175,background_only,,background_only,medium,not_reported,SRC_PMC12876175,From studies.article_type
EVLINK_0818,EV_PMC12885967,background_only,,background_only,medium,not_reported,SRC_PMC12885967,From studies.article_type
EVLINK_0819,EV_PMC12889770,background_only,,background_only,medium,not_reported,SRC_PMC12889770,From studies.article_type
EVLINK_0820,EV_PMC12890182,background_only,,background_only,medium,not_reported,SRC_PMC12890182,From studies.article_type
EVLINK_0821,EV_PMC12895585,background_only,,background_only,medium,not_reported,SRC_PMC12895585,From studies.article_type
EVLINK_0822,EV_PMC12917544,background_only,,background_only,medium,not_reported,SRC_PMC12917544,From studies.article_type
EVLINK_0823,EV_PMC12917968,background_only,,background_only,medium,not_reported,SRC_PMC12917968,From studies.article_type
EVLINK_0824,EV_PMC12920601,background_only,,background_only,medium,not_reported,SRC_PMC12920601,From studies.article_type
EVLINK_0825,EV_PMC12928930,background_only,,background_only,medium,not_reported,SRC_PMC12928930,From studies.article_type
EVLINK_0826,EV_PMC12929534,background_only,,background_only,medium,not_reported,SRC_PMC12929534,From studies.article_type
EVLINK_0827,EV_PMC12938391,background_only,,background_only,medium,not_reported,SRC_PMC12938391,From studies.article_type
EVLINK_0828,EV_PMC12938437,background_only,,background_only,medium,not_reported,SRC_PMC12938437,From studies.article_type
EVLINK_0829,EV_PMC12938450,background_only,,background_only,medium,not_reported,SRC_PMC12938450,From studies.article_type
EVLINK_0830,EV_PMC12944312,background_only,,background_only,medium,not_reported,SRC_PMC12944312,From studies.article_type
EVLINK_0831,EV_PMC12956378,background_only,,background_only,medium,not_reported,SRC_PMC12956378,From studies.article_type
EVLINK_0832,EV_PMC12958933,background_only,,background_only,medium,not_reported,SRC_PMC12958933,From studies.article_type
EVLINK_0833,EV_PMC12959832,background_only,,background_only,medium,not_reported,SRC_PMC12959832,From studies.article_type
EVLINK_0834,EV_PMC12960153,background_only,,background_only,medium,not_reported,SRC_PMC12960153,From studies.article_type
EVLINK_0835,EV_PMC12963401,background_only,,background_only,medium,not_reported,SRC_PMC12963401,From studies.article_type
EVLINK_0836,EV_PMC12973308,background_only,,background_only,medium,not_reported,SRC_PMC12973308,From studies.article_type
EVLINK_0837,EV_PMC12975482,background_only,,background_only,medium,not_reported,SRC_PMC12975482,From studies.article_type
EVLINK_0838,EV_PMC12982450,background_only,,background_only,medium,not_reported,SRC_PMC12982450,From studies.article_type
EVLINK_0839,EV_PMC12988624,background_only,,background_only,medium,not_reported,SRC_PMC12988624,From studies.article_type
EVLINK_0840,EV_PMC12988767,background_only,,background_only,medium,not_reported,SRC_PMC12988767,From studies.article_type
EVLINK_0841,EV_PMC12989946,background_only,,background_only,medium,not_reported,SRC_PMC12989946,From studies.article_type
EVLINK_0842,EV_PMC13013206,background_only,,background_only,medium,not_reported,SRC_PMC13013206,From studies.article_type
EVLINK_0843,EV_PMC13014019,background_only,,background_only,medium,not_reported,SRC_PMC13014019,From studies.article_type
EVLINK_0844,EV_PMC13035650,background_only,,background_only,medium,not_reported,SRC_PMC13035650,From studies.article_type
EVLINK_0845,EV_PMC13037069,background_only,,background_only,medium,not_reported,SRC_PMC13037069,From studies.article_type
EVLINK_0846,EV_PMC13039844,background_only,,background_only,medium,not_reported,SRC_PMC13039844,From studies.article_type
EVLINK_0847,EV_PMC13046713,background_only,,background_only,medium,not_reported,SRC_PMC13046713,From studies.article_type
EVLINK_0848,EV_PMC13053280,background_only,,background_only,medium,not_reported,SRC_PMC13053280,From studies.article_type
EVLINK_0849,EV_PMC13068759,background_only,,background_only,medium,not_reported,SRC_PMC13068759,From studies.article_type
EVLINK_0850,EV_PMC13075312,background_only,,background_only,medium,not_reported,SRC_PMC13075312,From studies.article_type
EVLINK_0851,EV_PMC13076052,background_only,,background_only,medium,not_reported,SRC_PMC13076052,From studies.article_type
EVLINK_0852,EV_PMC13080462,background_only,,background_only,medium,not_reported,SRC_PMC13080462,From studies.article_type
EVLINK_0853,EV_PMC13080780,background_only,,background_only,medium,not_reported,SRC_PMC13080780,From studies.article_type
EVLINK_0854,EV_PMC13083323,background_only,,background_only,medium,not_reported,SRC_PMC13083323,From studies.article_type
EVLINK_0855,EV_PMC13087541,background_only,,background_only,medium,not_reported,SRC_PMC13087541,From studies.article_type
EVLINK_0856,EV_PMC13089269,background_only,,background_only,medium,not_reported,SRC_PMC13089269,From studies.article_type
EVLINK_0857,EV_PMC13091529,background_only,,background_only,medium,not_reported,SRC_PMC13091529,From studies.article_type
EVLINK_0858,EV_PMC13093394,background_only,,background_only,medium,not_reported,SRC_PMC13093394,From studies.article_type
EVLINK_0859,EV_PMC13098740,background_only,,background_only,medium,not_reported,SRC_PMC13098740,From studies.article_type
EVLINK_0860,EV_PMC13102777,background_only,,background_only,medium,not_reported,SRC_PMC13102777,From studies.article_type
EVLINK_0861,EV_PMC13105909,background_only,,background_only,medium,not_reported,SRC_PMC13105909,From studies.article_type
EVLINK_0862,EV_PMC13106591,background_only,,background_only,medium,not_reported,SRC_PMC13106591,From studies.article_type
EVLINK_0863,EV_PMC13114163,background_only,,background_only,medium,not_reported,SRC_PMC13114163,From studies.article_type
EVLINK_0864,EV_PMC13115468,background_only,,background_only,medium,not_reported,SRC_PMC13115468,From studies.article_type
EVLINK_0865,EV_PMC13125256,background_only,,background_only,medium,not_reported,SRC_PMC13125256,From studies.article_type
EVLINK_0866,EV_PMC13129505,background_only,,background_only,medium,not_reported,SRC_PMC13129505,From studies.article_type
EVLINK_0867,EV_PMC13135031,background_only,,background_only,medium,not_reported,SRC_PMC13135031,From studies.article_type
EVLINK_0868,EV_PMC13135322,background_only,,background_only,medium,not_reported,SRC_PMC13135322,From studies.article_type
EVLINK_0869,EV_PMC13135486,background_only,,background_only,medium,not_reported,SRC_PMC13135486,From studies.article_type
EVLINK_0870,EV_PMC13140217,background_only,,background_only,medium,not_reported,SRC_PMC13140217,From studies.article_type
EVLINK_0871,EV_PMC13143948,background_only,,background_only,medium,not_reported,SRC_PMC13143948,From studies.article_type
EVLINK_0872,EV_PMC13149234,background_only,,background_only,medium,not_reported,SRC_PMC13149234,From studies.article_type
EVLINK_0873,EV_PMC13149402,background_only,,background_only,medium,not_reported,SRC_PMC13149402,From studies.article_type
EVLINK_0874,EV_PMC13152242,background_only,,background_only,medium,not_reported,SRC_PMC13152242,From studies.article_type
EVLINK_0875,EV_PMC13155818,background_only,,background_only,medium,not_reported,SRC_PMC13155818,From studies.article_type
EVLINK_0876,EV_PMC13159245,background_only,,background_only,medium,not_reported,SRC_PMC13159245,From studies.article_type
EVLINK_0877,EV_PMC13164507,background_only,,background_only,medium,not_reported,SRC_PMC13164507,From studies.article_type
EVLINK_0878,EV_PMC13172792,background_only,,background_only,medium,not_reported,SRC_PMC13172792,From studies.article_type
EVLINK_0879,EV_PMC13178610,background_only,,background_only,medium,not_reported,SRC_PMC13178610,From studies.article_type
EVLINK_0880,EV_PMC13180941,background_only,,background_only,medium,not_reported,SRC_PMC13180941,From studies.article_type
EVLINK_0881,EV_PMC13183809,background_only,,background_only,medium,not_reported,SRC_PMC13183809,From studies.article_type
EVLINK_0882,EV_PMC13185023,background_only,,background_only,medium,not_reported,SRC_PMC13185023,From studies.article_type
EVLINK_0883,EV_PMC13189826,background_only,,background_only,medium,not_reported,SRC_PMC13189826,From studies.article_type
EVLINK_0884,EV_PMC13190425,background_only,,background_only,medium,not_reported,SRC_PMC13190425,From studies.article_type
EVLINK_0885,EV_PMC13204091,background_only,,background_only,medium,not_reported,SRC_PMC13204091,From studies.article_type
EVLINK_0886,EV_PMC13219647,background_only,,background_only,medium,not_reported,SRC_PMC13219647,From studies.article_type
EVLINK_0887,EV_PMC13221298,background_only,,background_only,medium,not_reported,SRC_PMC13221298,From studies.article_type
EVLINK_0888,EV_PMC13249213,background_only,,background_only,medium,not_reported,SRC_PMC13249213,From studies.article_type
EVLINK_0889,EV_PMC13250493,background_only,,background_only,medium,not_reported,SRC_PMC13250493,From studies.article_type
EVLINK_0890,EV_PMC13252048,background_only,,background_only,medium,not_reported,SRC_PMC13252048,From studies.article_type
EVLINK_0891,EV_PMC13256807,background_only,,background_only,low,Review — no own evidence.,SRC_PMC13256807,From studies.article_type
EVLINK_0892,EV_PMC13257068,background_only,,background_only,medium,not_reported,SRC_PMC13257068,From studies.article_type
EVLINK_0893,EV_PMC13259229,background_only,,background_only,medium,not_reported,SRC_PMC13259229,From studies.article_type
EVLINK_0894,EV_PMC13263633,background_only,,background_only,medium,not_reported,SRC_PMC13263633,From studies.article_type
EVLINK_0895,EV_PMC13264803,background_only,,background_only,medium,not_reported,SRC_PMC13264803,From studies.article_type
EVLINK_0896,EV_PMC13268875,background_only,,background_only,medium,not_reported,SRC_PMC13268875,From studies.article_type
EVLINK_0897,EV_PMC13270676,background_only,,background_only,medium,not_reported,SRC_PMC13270676,From studies.article_type
EVLINK_0898,EV_PMC13270702,background_only,,background_only,medium,not_reported,SRC_PMC13270702,From studies.article_type
EVLINK_0899,EV_PMC13272446,background_only,,background_only,medium,not_reported,SRC_PMC13272446,From studies.article_type
EVLINK_0900,EV_PMC13275666,background_only,,background_only,low,Review — no own evidence.,SRC_PMC13275666,From studies.article_type
EVLINK_0901,EV_PMC13277839,background_only,,background_only,medium,not_reported,SRC_PMC13277839,From studies.article_type
EVLINK_0902,EV_PMC13283837,background_only,,background_only,medium,not_reported,SRC_PMC13283837,From studies.article_type
EVLINK_0903,EV_PMC13287691,background_only,,background_only,medium,not_reported,SRC_PMC13287691,From studies.article_type
EVLINK_0904,EV_PMC13291108,background_only,,background_only,medium,not_reported,SRC_PMC13291108,From studies.article_type
EVLINK_0905,EV_PMC13296683,background_only,,background_only,medium,not_reported,SRC_PMC13296683,From studies.article_type
EVLINK_0906,EV_PMC13297946,background_only,,background_only,medium,not_reported,SRC_PMC13297946,From studies.article_type
EVLINK_0907,EV_PMC13302186,background_only,,background_only,medium,not_reported,SRC_PMC13302186,From studies.article_type
EVLINK_0908,EV_PMC13310975,background_only,,background_only,medium,not_reported,SRC_PMC13310975,From studies.article_type
EVLINK_0909,EV_PMC13317487,background_only,,background_only,medium,not_reported,SRC_PMC13317487,From studies.article_type
EVLINK_0910,EV_PMC13321269,background_only,,background_only,medium,not_reported,SRC_PMC13321269,From studies.article_type
EVLINK_0911,EV_PMC13323713,background_only,,background_only,medium,not_reported,SRC_PMC13323713,From studies.article_type
EVLINK_0912,EV_PMC13326666,background_only,,background_only,medium,not_reported,SRC_PMC13326666,From studies.article_type
EVLINK_0913,EV_PMC13330157,background_only,,background_only,medium,not_reported,SRC_PMC13330157,From studies.article_type
EVLINK_0914,EV_PMC1388736,background_only,,background_only,medium,not_reported,SRC_PMC1388736,From studies.article_type
EVLINK_0915,EV_PMC1691962,background_only,,background_only,medium,not_reported,SRC_PMC1691962,From studies.article_type
EVLINK_0916,EV_PMC2151357,background_only,,background_only,medium,not_reported,SRC_PMC2151357,From studies.article_type
EVLINK_0917,EV_PMC2276122,background_only,,background_only,medium,not_reported,SRC_PMC2276122,From studies.article_type
EVLINK_0918,EV_PMC2377358,background_only,,background_only,medium,not_reported,SRC_PMC2377358,From studies.article_type
EVLINK_0919,EV_PMC2613302,background_only,,background_only,medium,not_reported,SRC_PMC2613302,From studies.article_type
EVLINK_0920,EV_PMC2637815,background_only,,background_only,medium,not_reported,SRC_PMC2637815,From studies.article_type
EVLINK_0921,EV_PMC2637816,background_only,,background_only,medium,not_reported,SRC_PMC2637816,From studies.article_type
EVLINK_0922,EV_PMC2692693,background_only,,background_only,medium,not_reported,SRC_PMC2692693,From studies.article_type
EVLINK_0923,EV_PMC2698776,background_only,,background_only,medium,not_reported,SRC_PMC2698776,From studies.article_type
EVLINK_0924,EV_PMC2703809,background_only,,background_only,medium,not_reported,SRC_PMC2703809,From studies.article_type
EVLINK_0925,EV_PMC2760387,background_only,,background_only,medium,not_reported,SRC_PMC2760387,From studies.article_type
EVLINK_0926,EV_PMC2778627,background_only,,background_only,medium,not_reported,SRC_PMC2778627,From studies.article_type
EVLINK_0927,EV_PMC2779792,background_only,,background_only,medium,not_reported,SRC_PMC2779792,From studies.article_type
EVLINK_0928,EV_PMC2782535,background_only,,background_only,medium,not_reported,SRC_PMC2782535,From studies.article_type
EVLINK_0929,EV_PMC2782610,background_only,,background_only,medium,not_reported,SRC_PMC2782610,From studies.article_type
EVLINK_0930,EV_PMC2782727,background_only,,background_only,medium,not_reported,SRC_PMC2782727,From studies.article_type
EVLINK_0931,EV_PMC2785436,background_only,,background_only,medium,not_reported,SRC_PMC2785436,From studies.article_type
EVLINK_0932,EV_PMC2786114,background_only,,background_only,medium,not_reported,SRC_PMC2786114,From studies.article_type
EVLINK_0933,EV_PMC2806654,background_only,,background_only,medium,not_reported,SRC_PMC2806654,From studies.article_type
EVLINK_0934,EV_PMC2818571,background_only,,background_only,medium,not_reported,SRC_PMC2818571,From studies.article_type
EVLINK_0935,EV_PMC2826357,background_only,,background_only,medium,not_reported,SRC_PMC2826357,From studies.article_type
EVLINK_0936,EV_PMC2826558,background_only,,background_only,medium,not_reported,SRC_PMC2826558,From studies.article_type
EVLINK_0937,EV_PMC2829712,background_only,,background_only,medium,not_reported,SRC_PMC2829712,From studies.article_type
EVLINK_0938,EV_PMC2846950,background_only,,background_only,medium,not_reported,SRC_PMC2846950,From studies.article_type
EVLINK_0939,EV_PMC2852445,background_only,,background_only,medium,not_reported,SRC_PMC2852445,From studies.article_type
EVLINK_0940,EV_PMC2868516,background_only,,background_only,medium,not_reported,SRC_PMC2868516,From studies.article_type
EVLINK_0941,EV_PMC2874047,background_only,,background_only,medium,not_reported,SRC_PMC2874047,From studies.article_type
EVLINK_0942,EV_PMC2911688,background_only,,background_only,medium,not_reported,SRC_PMC2911688,From studies.article_type
EVLINK_0943,EV_PMC2914577,background_only,,background_only,medium,not_reported,SRC_PMC2914577,From studies.article_type
EVLINK_0944,EV_PMC2945235,background_only,,background_only,medium,not_reported,SRC_PMC2945235,From studies.article_type
EVLINK_0945,EV_PMC2997227,background_only,,background_only,medium,not_reported,SRC_PMC2997227,From studies.article_type
EVLINK_0946,EV_PMC3005169,background_only,,background_only,medium,not_reported,SRC_PMC3005169,From studies.article_type
EVLINK_0947,EV_PMC3021967,background_only,,background_only,medium,not_reported,SRC_PMC3021967,From studies.article_type
EVLINK_0948,EV_PMC3068111,background_only,,background_only,medium,not_reported,SRC_PMC3068111,From studies.article_type
EVLINK_0949,EV_PMC3081862,background_only,,background_only,medium,not_reported,SRC_PMC3081862,From studies.article_type
EVLINK_0950,EV_PMC3085546,background_only,,background_only,medium,not_reported,SRC_PMC3085546,From studies.article_type
EVLINK_0951,EV_PMC3115198,background_only,,background_only,medium,not_reported,SRC_PMC3115198,From studies.article_type
EVLINK_0952,EV_PMC3133548,background_only,,background_only,medium,not_reported,SRC_PMC3133548,From studies.article_type
EVLINK_0953,EV_PMC3143038,background_only,,background_only,medium,not_reported,SRC_PMC3143038,From studies.article_type
EVLINK_0954,EV_PMC3148759,background_only,,background_only,medium,not_reported,SRC_PMC3148759,From studies.article_type
EVLINK_0955,EV_PMC3166314,background_only,,background_only,medium,not_reported,SRC_PMC3166314,From studies.article_type
EVLINK_0956,EV_PMC3169814,background_only,,background_only,medium,not_reported,SRC_PMC3169814,From studies.article_type
EVLINK_0957,EV_PMC3170398,background_only,,background_only,medium,not_reported,SRC_PMC3170398,From studies.article_type
EVLINK_0958,EV_PMC3192234,background_only,,background_only,medium,not_reported,SRC_PMC3192234,From studies.article_type
EVLINK_0959,EV_PMC3197107,background_only,,background_only,medium,not_reported,SRC_PMC3197107,From studies.article_type
EVLINK_0960,EV_PMC3227178,background_only,,background_only,medium,not_reported,SRC_PMC3227178,From studies.article_type
EVLINK_0961,EV_PMC3253380,background_only,,background_only,medium,not_reported,SRC_PMC3253380,From studies.article_type
EVLINK_0962,EV_PMC3254814,background_only,,background_only,medium,not_reported,SRC_PMC3254814,From studies.article_type
EVLINK_0963,EV_PMC3261580,background_only,,background_only,medium,not_reported,SRC_PMC3261580,From studies.article_type
EVLINK_0964,EV_PMC3263785,background_only,,background_only,medium,not_reported,SRC_PMC3263785,From studies.article_type
EVLINK_0965,EV_PMC3263786,background_only,,background_only,medium,not_reported,SRC_PMC3263786,From studies.article_type
EVLINK_0966,EV_PMC3290361,background_only,,background_only,medium,not_reported,SRC_PMC3290361,From studies.article_type
EVLINK_0967,EV_PMC3324313,background_only,,background_only,medium,not_reported,SRC_PMC3324313,From studies.article_type
EVLINK_0968,EV_PMC3335982,background_only,,background_only,medium,not_reported,SRC_PMC3335982,From studies.article_type
EVLINK_0969,EV_PMC3342194,background_only,,background_only,medium,not_reported,SRC_PMC3342194,From studies.article_type
EVLINK_0970,EV_PMC3359174,background_only,,background_only,medium,not_reported,SRC_PMC3359174,From studies.article_type
EVLINK_0971,EV_PMC3371769,background_only,,background_only,medium,not_reported,SRC_PMC3371769,From studies.article_type
EVLINK_0972,EV_PMC3376221,background_only,,background_only,medium,not_reported,SRC_PMC3376221,From studies.article_type
EVLINK_0973,EV_PMC3377447,background_only,,background_only,medium,not_reported,SRC_PMC3377447,From studies.article_type
EVLINK_0974,EV_PMC3377477,background_only,,background_only,medium,not_reported,SRC_PMC3377477,From studies.article_type
EVLINK_0975,EV_PMC3380819,background_only,,background_only,medium,not_reported,SRC_PMC3380819,From studies.article_type
EVLINK_0976,EV_PMC3395077,background_only,,background_only,medium,not_reported,SRC_PMC3395077,From studies.article_type
EVLINK_0977,EV_PMC3404707,background_only,,background_only,medium,not_reported,SRC_PMC3404707,From studies.article_type
EVLINK_0978,EV_PMC3412596,background_only,,background_only,medium,not_reported,SRC_PMC3412596,From studies.article_type
EVLINK_0979,EV_PMC3454388,background_only,,background_only,medium,not_reported,SRC_PMC3454388,From studies.article_type
EVLINK_0980,EV_PMC3468891,background_only,,background_only,medium,not_reported,SRC_PMC3468891,From studies.article_type
EVLINK_0981,EV_PMC3484604,background_only,,background_only,medium,not_reported,SRC_PMC3484604,From studies.article_type
EVLINK_0982,EV_PMC3524243,background_only,,background_only,medium,not_reported,SRC_PMC3524243,From studies.article_type
EVLINK_0983,EV_PMC3545521,background_only,,background_only,medium,not_reported,SRC_PMC3545521,From studies.article_type
EVLINK_0984,EV_PMC3571984,background_only,,background_only,medium,not_reported,SRC_PMC3571984,From studies.article_type
EVLINK_0985,EV_PMC3581336,background_only,,background_only,medium,not_reported,SRC_PMC3581336,From studies.article_type
EVLINK_0986,EV_PMC3585256,background_only,,background_only,medium,not_reported,SRC_PMC3585256,From studies.article_type
EVLINK_0987,EV_PMC3593078,background_only,,background_only,medium,not_reported,SRC_PMC3593078,From studies.article_type
EVLINK_0988,EV_PMC3595085,background_only,,background_only,medium,not_reported,SRC_PMC3595085,From studies.article_type
EVLINK_0989,EV_PMC3620489,background_only,,background_only,medium,not_reported,SRC_PMC3620489,From studies.article_type
EVLINK_0990,EV_PMC3630427,background_only,,background_only,medium,not_reported,SRC_PMC3630427,From studies.article_type
EVLINK_0991,EV_PMC3637588,background_only,,background_only,medium,not_reported,SRC_PMC3637588,From studies.article_type
EVLINK_0992,EV_PMC3639513,background_only,,background_only,medium,not_reported,SRC_PMC3639513,From studies.article_type
EVLINK_0993,EV_PMC3655136,background_only,,background_only,medium,not_reported,SRC_PMC3655136,From studies.article_type
EVLINK_0994,EV_PMC3660388,background_only,,background_only,medium,not_reported,SRC_PMC3660388,From studies.article_type
EVLINK_0995,EV_PMC3675803,background_only,,background_only,medium,not_reported,SRC_PMC3675803,From studies.article_type
EVLINK_0996,EV_PMC3677721,background_only,,background_only,medium,not_reported,SRC_PMC3677721,From studies.article_type
EVLINK_0997,EV_PMC3680723,background_only,,background_only,medium,not_reported,SRC_PMC3680723,From studies.article_type
EVLINK_0998,EV_PMC3680969,background_only,,background_only,medium,not_reported,SRC_PMC3680969,From studies.article_type
EVLINK_0999,EV_PMC3713899,background_only,,background_only,medium,not_reported,SRC_PMC3713899,From studies.article_type
EVLINK_1000,EV_PMC3718814,background_only,,background_only,medium,not_reported,SRC_PMC3718814,From studies.article_type
EVLINK_1001,EV_PMC3752675,background_only,,background_only,medium,not_reported,SRC_PMC3752675,From studies.article_type
EVLINK_1002,EV_PMC3762942,background_only,,background_only,medium,not_reported,SRC_PMC3762942,From studies.article_type
EVLINK_1003,EV_PMC3763208,background_only,,background_only,medium,not_reported,SRC_PMC3763208,From studies.article_type
EVLINK_1004,EV_PMC3763593,background_only,,background_only,medium,not_reported,SRC_PMC3763593,From studies.article_type
EVLINK_1005,EV_PMC3770165,background_only,,background_only,medium,not_reported,SRC_PMC3770165,From studies.article_type
EVLINK_1006,EV_PMC3776952,background_only,,background_only,medium,not_reported,SRC_PMC3776952,From studies.article_type
EVLINK_1007,EV_PMC3786741,background_only,,background_only,medium,not_reported,SRC_PMC3786741,From studies.article_type
EVLINK_1008,EV_PMC3796135,background_only,,background_only,medium,not_reported,SRC_PMC3796135,From studies.article_type
EVLINK_1009,EV_PMC3799681,background_only,,background_only,medium,not_reported,SRC_PMC3799681,From studies.article_type
EVLINK_1010,EV_PMC3842411,background_only,,background_only,medium,not_reported,SRC_PMC3842411,From studies.article_type
EVLINK_1011,EV_PMC3865602,background_only,,background_only,medium,not_reported,SRC_PMC3865602,From studies.article_type
EVLINK_1012,EV_PMC3866520,background_only,,background_only,medium,not_reported,SRC_PMC3866520,From studies.article_type
EVLINK_1013,EV_PMC3885400,background_only,,background_only,medium,not_reported,SRC_PMC3885400,From studies.article_type
EVLINK_1014,EV_PMC3887346,background_only,,background_only,medium,not_reported,SRC_PMC3887346,From studies.article_type
EVLINK_1015,EV_PMC3913969,background_only,,background_only,medium,not_reported,SRC_PMC3913969,From studies.article_type
EVLINK_1016,EV_PMC3939048,background_only,,background_only,medium,not_reported,SRC_PMC3939048,From studies.article_type
EVLINK_1017,EV_PMC3948119,background_only,,background_only,medium,not_reported,SRC_PMC3948119,From studies.article_type
EVLINK_1018,EV_PMC3949442,background_only,,background_only,medium,not_reported,SRC_PMC3949442,From studies.article_type
EVLINK_1019,EV_PMC3966165,background_only,,background_only,medium,not_reported,SRC_PMC3966165,From studies.article_type
EVLINK_1020,EV_PMC3970785,background_only,,background_only,medium,not_reported,SRC_PMC3970785,From studies.article_type
EVLINK_1021,EV_PMC3972490,background_only,,background_only,medium,not_reported,SRC_PMC3972490,From studies.article_type
EVLINK_1022,EV_PMC3983937,background_only,,background_only,medium,not_reported,SRC_PMC3983937,From studies.article_type
EVLINK_1023,EV_PMC3991554,background_only,,background_only,medium,not_reported,SRC_PMC3991554,From studies.article_type
EVLINK_1024,EV_PMC4033094,background_only,,background_only,medium,not_reported,SRC_PMC4033094,From studies.article_type
EVLINK_1025,EV_PMC4037984,background_only,,background_only,medium,not_reported,SRC_PMC4037984,From studies.article_type
EVLINK_1026,EV_PMC4038001,background_only,,background_only,medium,not_reported,SRC_PMC4038001,From studies.article_type
EVLINK_1027,EV_PMC4038013,background_only,,background_only,medium,not_reported,SRC_PMC4038013,From studies.article_type
EVLINK_1028,EV_PMC4038019,background_only,,background_only,medium,not_reported,SRC_PMC4038019,From studies.article_type
EVLINK_1029,EV_PMC4078995,background_only,,background_only,medium,not_reported,SRC_PMC4078995,From studies.article_type
EVLINK_1030,EV_PMC4097065,background_only,,background_only,medium,not_reported,SRC_PMC4097065,From studies.article_type
EVLINK_1031,EV_PMC4097403,background_only,,background_only,medium,not_reported,SRC_PMC4097403,From studies.article_type
EVLINK_1032,EV_PMC4112844,background_only,,background_only,medium,not_reported,SRC_PMC4112844,From studies.article_type
EVLINK_1033,EV_PMC4126245,background_only,,background_only,medium,not_reported,SRC_PMC4126245,From studies.article_type
EVLINK_1034,EV_PMC4133622,background_only,,background_only,medium,not_reported,SRC_PMC4133622,From studies.article_type
EVLINK_1035,EV_PMC4142377,background_only,,background_only,medium,not_reported,SRC_PMC4142377,From studies.article_type
EVLINK_1036,EV_PMC4172817,background_only,,background_only,medium,not_reported,SRC_PMC4172817,From studies.article_type
EVLINK_1037,EV_PMC4181281,background_only,,background_only,medium,not_reported,SRC_PMC4181281,From studies.article_type
EVLINK_1038,EV_PMC4189732,background_only,,background_only,medium,not_reported,SRC_PMC4189732,From studies.article_type
EVLINK_1039,EV_PMC4211632,background_only,,background_only,medium,not_reported,SRC_PMC4211632,From studies.article_type
EVLINK_1040,EV_PMC4235375,background_only,,background_only,medium,not_reported,SRC_PMC4235375,From studies.article_type
EVLINK_1041,EV_PMC4235573,background_only,,background_only,medium,not_reported,SRC_PMC4235573,From studies.article_type
EVLINK_1042,EV_PMC4246015,background_only,,background_only,medium,not_reported,SRC_PMC4246015,From studies.article_type
EVLINK_1043,EV_PMC4252607,background_only,,background_only,medium,not_reported,SRC_PMC4252607,From studies.article_type
EVLINK_1044,EV_PMC4254035,background_only,,background_only,medium,not_reported,SRC_PMC4254035,From studies.article_type
EVLINK_1045,EV_PMC4254376,background_only,,background_only,medium,not_reported,SRC_PMC4254376,From studies.article_type
EVLINK_1046,EV_PMC4258229,background_only,,background_only,medium,not_reported,SRC_PMC4258229,From studies.article_type
EVLINK_1047,EV_PMC4266015,background_only,,background_only,medium,not_reported,SRC_PMC4266015,From studies.article_type
EVLINK_1048,EV_PMC4266293,background_only,,background_only,medium,not_reported,SRC_PMC4266293,From studies.article_type
EVLINK_1049,EV_PMC4280476,background_only,,background_only,medium,not_reported,SRC_PMC4280476,From studies.article_type
EVLINK_1050,EV_PMC4285606,background_only,,background_only,medium,not_reported,SRC_PMC4285606,From studies.article_type
EVLINK_1051,EV_PMC4308465,background_only,,background_only,medium,not_reported,SRC_PMC4308465,From studies.article_type
EVLINK_1052,EV_PMC4321184,background_only,,background_only,medium,not_reported,SRC_PMC4321184,From studies.article_type
EVLINK_1053,EV_PMC4342321,background_only,,background_only,medium,not_reported,SRC_PMC4342321,From studies.article_type
EVLINK_1054,EV_PMC4361422,background_only,,background_only,medium,not_reported,SRC_PMC4361422,From studies.article_type
EVLINK_1055,EV_PMC4370435,background_only,,background_only,medium,not_reported,SRC_PMC4370435,From studies.article_type
EVLINK_1056,EV_PMC4371729,background_only,,background_only,medium,not_reported,SRC_PMC4371729,From studies.article_type
EVLINK_1057,EV_PMC4376943,background_only,,background_only,medium,not_reported,SRC_PMC4376943,From studies.article_type
EVLINK_1058,EV_PMC4401444,background_only,,background_only,medium,not_reported,SRC_PMC4401444,From studies.article_type
EVLINK_1059,EV_PMC4408240,background_only,,background_only,medium,not_reported,SRC_PMC4408240,From studies.article_type
EVLINK_1060,EV_PMC4412671,background_only,,background_only,medium,not_reported,SRC_PMC4412671,From studies.article_type
EVLINK_1061,EV_PMC4431570,background_only,,background_only,medium,not_reported,SRC_PMC4431570,From studies.article_type
EVLINK_1062,EV_PMC4433751,background_only,,background_only,medium,not_reported,SRC_PMC4433751,From studies.article_type
EVLINK_1063,EV_PMC4476621,background_only,,background_only,medium,not_reported,SRC_PMC4476621,From studies.article_type
EVLINK_1064,EV_PMC4478749,background_only,,background_only,medium,not_reported,SRC_PMC4478749,From studies.article_type
EVLINK_1065,EV_PMC4478783,background_only,,background_only,medium,not_reported,SRC_PMC4478783,From studies.article_type
EVLINK_1066,EV_PMC4478785,background_only,,background_only,medium,not_reported,SRC_PMC4478785,From studies.article_type
EVLINK_1067,EV_PMC4478847,background_only,,background_only,medium,not_reported,SRC_PMC4478847,From studies.article_type
EVLINK_1068,EV_PMC4478880,background_only,,background_only,medium,not_reported,SRC_PMC4478880,From studies.article_type
EVLINK_1069,EV_PMC4481255,background_only,,background_only,medium,not_reported,SRC_PMC4481255,From studies.article_type
EVLINK_1070,EV_PMC4487623,background_only,,background_only,medium,not_reported,SRC_PMC4487623,From studies.article_type
EVLINK_1071,EV_PMC4516378,background_only,,background_only,low,Review — no own evidence.,SRC_PMC4516378,From studies.article_type
EVLINK_1072,EV_PMC4528046,background_only,,background_only,medium,not_reported,SRC_PMC4528046,From studies.article_type
EVLINK_1073,EV_PMC4544944,background_only,,background_only,medium,not_reported,SRC_PMC4544944,From studies.article_type
EVLINK_1074,EV_PMC4548377,background_only,,background_only,low,Review — no own evidence.,SRC_PMC4548377,From studies.article_type
EVLINK_1075,EV_PMC4588107,background_only,,background_only,medium,not_reported,SRC_PMC4588107,From studies.article_type
EVLINK_1076,EV_PMC4605050,background_only,,background_only,medium,not_reported,SRC_PMC4605050,From studies.article_type
EVLINK_1077,EV_PMC4614295,background_only,,background_only,medium,not_reported,SRC_PMC4614295,From studies.article_type
EVLINK_1078,EV_PMC4620280,background_only,,background_only,medium,not_reported,SRC_PMC4620280,From studies.article_type
EVLINK_1079,EV_PMC4630975,background_only,,background_only,low,Review — no own evidence.,SRC_PMC4630975,From studies.article_type
EVLINK_1080,EV_PMC4635248,background_only,,background_only,medium,not_reported,SRC_PMC4635248,From studies.article_type
EVLINK_1081,EV_PMC4641917,background_only,,background_only,medium,not_reported,SRC_PMC4641917,From studies.article_type
EVLINK_1082,EV_PMC4659897,background_only,,background_only,medium,not_reported,SRC_PMC4659897,From studies.article_type
EVLINK_1083,EV_PMC4668373,background_only,,background_only,medium,not_reported,SRC_PMC4668373,From studies.article_type
EVLINK_1084,EV_PMC4674798,background_only,,background_only,medium,not_reported,SRC_PMC4674798,From studies.article_type
EVLINK_1085,EV_PMC4679251,background_only,,background_only,medium,not_reported,SRC_PMC4679251,From studies.article_type
EVLINK_1086,EV_PMC4688865,background_only,,background_only,medium,not_reported,SRC_PMC4688865,From studies.article_type
EVLINK_1087,EV_PMC4707558,background_only,,background_only,medium,not_reported,SRC_PMC4707558,From studies.article_type
EVLINK_1088,EV_PMC4717232,background_only,,background_only,medium,not_reported,SRC_PMC4717232,From studies.article_type
EVLINK_1089,EV_PMC4718192,background_only,,background_only,medium,not_reported,SRC_PMC4718192,From studies.article_type
EVLINK_1090,EV_PMC4746294,background_only,,background_only,medium,not_reported,SRC_PMC4746294,From studies.article_type
EVLINK_1091,EV_PMC4748172,background_only,,background_only,medium,not_reported,SRC_PMC4748172,From studies.article_type
EVLINK_1092,EV_PMC4750083,background_only,,background_only,medium,not_reported,SRC_PMC4750083,From studies.article_type
EVLINK_1093,EV_PMC4750425,background_only,,background_only,low,Review — no own evidence.,SRC_PMC4750425,From studies.article_type
EVLINK_1094,EV_PMC4753811,background_only,,background_only,medium,not_reported,SRC_PMC4753811,From studies.article_type
EVLINK_1095,EV_PMC4754420,background_only,,background_only,medium,not_reported,SRC_PMC4754420,From studies.article_type
EVLINK_1096,EV_PMC4764713,background_only,,background_only,low,Review — no own evidence.,SRC_PMC4764713,From studies.article_type
EVLINK_1097,EV_PMC4772448,background_only,,background_only,medium,not_reported,SRC_PMC4772448,From studies.article_type
EVLINK_1098,EV_PMC4791457,background_only,,background_only,medium,not_reported,SRC_PMC4791457,From studies.article_type
EVLINK_1099,EV_PMC4799394,background_only,,background_only,low,Review — no own evidence.,SRC_PMC4799394,From studies.article_type
EVLINK_1100,EV_PMC4826640,background_only,,background_only,medium,not_reported,SRC_PMC4826640,From studies.article_type
EVLINK_1101,EV_PMC4835514,background_only,,background_only,low,Review — no own evidence.,SRC_PMC4835514,From studies.article_type
EVLINK_1102,EV_PMC4844823,background_only,,background_only,medium,not_reported,SRC_PMC4844823,From studies.article_type
EVLINK_1103,EV_PMC4848058,background_only,,background_only,medium,not_reported,SRC_PMC4848058,From studies.article_type
EVLINK_1104,EV_PMC4848070,background_only,,background_only,medium,not_reported,SRC_PMC4848070,From studies.article_type
EVLINK_1105,EV_PMC4860618,background_only,,background_only,medium,not_reported,SRC_PMC4860618,From studies.article_type
EVLINK_1106,EV_PMC4866469,background_only,,background_only,medium,not_reported,SRC_PMC4866469,From studies.article_type
EVLINK_1107,EV_PMC4867629,background_only,,background_only,medium,not_reported,SRC_PMC4867629,From studies.article_type
EVLINK_1108,EV_PMC4876834,background_only,,background_only,medium,not_reported,SRC_PMC4876834,From studies.article_type
EVLINK_1109,EV_PMC4879140,background_only,,background_only,medium,not_reported,SRC_PMC4879140,From studies.article_type
EVLINK_1110,EV_PMC4894897,background_only,,background_only,medium,not_reported,SRC_PMC4894897,From studies.article_type
EVLINK_1111,EV_PMC4940623,background_only,,background_only,low,Review — no own evidence.,SRC_PMC4940623,From studies.article_type
EVLINK_1112,EV_PMC4941140,background_only,,background_only,medium,not_reported,SRC_PMC4941140,From studies.article_type
EVLINK_1113,EV_PMC4949761,background_only,,background_only,medium,not_reported,SRC_PMC4949761,From studies.article_type
EVLINK_1114,EV_PMC4957667,background_only,,background_only,medium,not_reported,SRC_PMC4957667,From studies.article_type
EVLINK_1115,EV_PMC4963382,background_only,,background_only,medium,not_reported,SRC_PMC4963382,From studies.article_type
EVLINK_1116,EV_PMC4965045,background_only,,background_only,medium,not_reported,SRC_PMC4965045,From studies.article_type
EVLINK_1117,EV_PMC4967399,background_only,,background_only,low,Review — no own evidence.,SRC_PMC4967399,From studies.article_type
EVLINK_1118,EV_PMC4971496,background_only,,background_only,medium,not_reported,SRC_PMC4971496,From studies.article_type
EVLINK_1119,EV_PMC4974280,background_only,,background_only,medium,not_reported,SRC_PMC4974280,From studies.article_type
EVLINK_1120,EV_PMC4979552,background_only,,background_only,low,Review — no own evidence.,SRC_PMC4979552,From studies.article_type
EVLINK_1121,EV_PMC4986815,background_only,,background_only,medium,not_reported,SRC_PMC4986815,From studies.article_type
EVLINK_1122,EV_PMC5008502,background_only,,background_only,medium,not_reported,SRC_PMC5008502,From studies.article_type
EVLINK_1123,EV_PMC5026156,background_only,,background_only,medium,not_reported,SRC_PMC5026156,From studies.article_type
EVLINK_1124,EV_PMC5048089,background_only,,background_only,medium,not_reported,SRC_PMC5048089,From studies.article_type
EVLINK_1125,EV_PMC5052324,background_only,,background_only,medium,not_reported,SRC_PMC5052324,From studies.article_type
EVLINK_1126,EV_PMC5062837,background_only,,background_only,medium,not_reported,SRC_PMC5062837,From studies.article_type
EVLINK_1127,EV_PMC5086037,background_only,,background_only,medium,not_reported,SRC_PMC5086037,From studies.article_type
EVLINK_1128,EV_PMC5099173,background_only,,background_only,medium,not_reported,SRC_PMC5099173,From studies.article_type
EVLINK_1129,EV_PMC5102517,background_only,,background_only,medium,not_reported,SRC_PMC5102517,From studies.article_type
EVLINK_1130,EV_PMC5119585,background_only,,background_only,medium,not_reported,SRC_PMC5119585,From studies.article_type
EVLINK_1131,EV_PMC5128848,background_only,,background_only,medium,not_reported,SRC_PMC5128848,From studies.article_type
EVLINK_1132,EV_PMC5167005,background_only,,background_only,medium,not_reported,SRC_PMC5167005,From studies.article_type
EVLINK_1133,EV_PMC5228211,background_only,,background_only,medium,not_reported,SRC_PMC5228211,From studies.article_type
EVLINK_1134,EV_PMC5231305,background_only,,background_only,medium,not_reported,SRC_PMC5231305,From studies.article_type
EVLINK_1135,EV_PMC5241545,background_only,,background_only,medium,not_reported,SRC_PMC5241545,From studies.article_type
EVLINK_1136,EV_PMC5283652,background_only,,background_only,medium,not_reported,SRC_PMC5283652,From studies.article_type
EVLINK_1137,EV_PMC5322290,background_only,,background_only,low,Review — no own evidence.,SRC_PMC5322290,From studies.article_type
EVLINK_1138,EV_PMC5348638,background_only,,background_only,low,Review — no own evidence.,SRC_PMC5348638,From studies.article_type
EVLINK_1139,EV_PMC5350545,background_only,,background_only,medium,not_reported,SRC_PMC5350545,From studies.article_type
EVLINK_1140,EV_PMC5357702,background_only,,background_only,medium,not_reported,SRC_PMC5357702,From studies.article_type
EVLINK_1141,EV_PMC5360992,background_only,,background_only,medium,not_reported,SRC_PMC5360992,From studies.article_type
EVLINK_1142,EV_PMC5384652,background_only,,background_only,low,Review — no own evidence.,SRC_PMC5384652,From studies.article_type
EVLINK_1143,EV_PMC5389909,background_only,,background_only,medium,not_reported,SRC_PMC5389909,From studies.article_type
EVLINK_1144,EV_PMC5398514,background_only,,background_only,medium,not_reported,SRC_PMC5398514,From studies.article_type
EVLINK_1145,EV_PMC5424771,background_only,,background_only,medium,not_reported,SRC_PMC5424771,From studies.article_type
EVLINK_1146,EV_PMC5429780,background_only,,background_only,medium,not_reported,SRC_PMC5429780,From studies.article_type
EVLINK_1147,EV_PMC5435907,background_only,,background_only,medium,not_reported,SRC_PMC5435907,From studies.article_type
EVLINK_1148,EV_PMC5450390,background_only,,background_only,medium,not_reported,SRC_PMC5450390,From studies.article_type
EVLINK_1149,EV_PMC5467838,background_only,,background_only,medium,not_reported,SRC_PMC5467838,From studies.article_type
EVLINK_1150,EV_PMC5469885,background_only,,background_only,medium,not_reported,SRC_PMC5469885,From studies.article_type
EVLINK_1151,EV_PMC5476488,background_only,,background_only,medium,not_reported,SRC_PMC5476488,From studies.article_type
EVLINK_1152,EV_PMC5492023,background_only,,background_only,medium,not_reported,SRC_PMC5492023,From studies.article_type
EVLINK_1153,EV_PMC5496759,background_only,,background_only,low,Review — no own evidence.,SRC_PMC5496759,From studies.article_type
EVLINK_1154,EV_PMC5500687,background_only,,background_only,medium,not_reported,SRC_PMC5500687,From studies.article_type
EVLINK_1155,EV_PMC5505736,background_only,,background_only,medium,not_reported,SRC_PMC5505736,From studies.article_type
EVLINK_1156,EV_PMC5507540,background_only,,background_only,medium,not_reported,SRC_PMC5507540,From studies.article_type
EVLINK_1157,EV_PMC5508104,background_only,,background_only,medium,not_reported,SRC_PMC5508104,From studies.article_type
EVLINK_1158,EV_PMC5509792,background_only,,background_only,medium,not_reported,SRC_PMC5509792,From studies.article_type
EVLINK_1159,EV_PMC5527813,background_only,,background_only,medium,not_reported,SRC_PMC5527813,From studies.article_type
EVLINK_1160,EV_PMC5538329,background_only,,background_only,low,Review — no own evidence.,SRC_PMC5538329,From studies.article_type
EVLINK_1161,EV_PMC5561670,background_only,,background_only,medium,not_reported,SRC_PMC5561670,From studies.article_type
EVLINK_1162,EV_PMC5562388,background_only,,background_only,medium,not_reported,SRC_PMC5562388,From studies.article_type
EVLINK_1163,EV_PMC5562948,background_only,,background_only,medium,not_reported,SRC_PMC5562948,From studies.article_type
EVLINK_1164,EV_PMC5563303,background_only,,background_only,medium,not_reported,SRC_PMC5563303,From studies.article_type
EVLINK_1165,EV_PMC5565675,background_only,,background_only,medium,not_reported,SRC_PMC5565675,From studies.article_type
EVLINK_1166,EV_PMC5566207,background_only,,background_only,medium,not_reported,SRC_PMC5566207,From studies.article_type
EVLINK_1167,EV_PMC5566266,background_only,,background_only,medium,not_reported,SRC_PMC5566266,From studies.article_type
EVLINK_1168,EV_PMC5572678,background_only,,background_only,medium,not_reported,SRC_PMC5572678,From studies.article_type
EVLINK_1169,EV_PMC5577215,background_only,,background_only,medium,not_reported,SRC_PMC5577215,From studies.article_type
EVLINK_1170,EV_PMC5582298,background_only,,background_only,medium,not_reported,SRC_PMC5582298,From studies.article_type
EVLINK_1171,EV_PMC5583743,background_only,,background_only,medium,not_reported,SRC_PMC5583743,From studies.article_type
EVLINK_1172,EV_PMC5585736,background_only,,background_only,medium,not_reported,SRC_PMC5585736,From studies.article_type
EVLINK_1173,EV_PMC5592780,background_only,,background_only,medium,not_reported,SRC_PMC5592780,From studies.article_type
EVLINK_1174,EV_PMC5599227,background_only,,background_only,medium,not_reported,SRC_PMC5599227,From studies.article_type
EVLINK_1175,EV_PMC5599440,background_only,,background_only,medium,not_reported,SRC_PMC5599440,From studies.article_type
EVLINK_1176,EV_PMC5607257,background_only,,background_only,medium,not_reported,SRC_PMC5607257,From studies.article_type
EVLINK_1177,EV_PMC5621582,background_only,,background_only,low,Review — no own evidence.,SRC_PMC5621582,From studies.article_type
EVLINK_1178,EV_PMC5629919,background_only,,background_only,medium,not_reported,SRC_PMC5629919,From studies.article_type
EVLINK_1179,EV_PMC5641587,background_only,,background_only,medium,not_reported,SRC_PMC5641587,From studies.article_type
EVLINK_1180,EV_PMC5645241,background_only,,background_only,medium,not_reported,SRC_PMC5645241,From studies.article_type
EVLINK_1181,EV_PMC5678433,background_only,,background_only,medium,not_reported,SRC_PMC5678433,From studies.article_type
EVLINK_1182,EV_PMC5693925,background_only,,background_only,medium,not_reported,SRC_PMC5693925,From studies.article_type
EVLINK_1183,EV_PMC5695650,background_only,,background_only,medium,not_reported,SRC_PMC5695650,From studies.article_type
EVLINK_1184,EV_PMC5695946,background_only,,background_only,medium,not_reported,SRC_PMC5695946,From studies.article_type
EVLINK_1185,EV_PMC5703451,background_only,,background_only,medium,not_reported,SRC_PMC5703451,From studies.article_type
EVLINK_1186,EV_PMC5707382,background_only,,background_only,medium,not_reported,SRC_PMC5707382,From studies.article_type
EVLINK_1187,EV_PMC5718323,background_only,,background_only,medium,not_reported,SRC_PMC5718323,From studies.article_type
EVLINK_1188,EV_PMC5720073,background_only,,background_only,medium,not_reported,SRC_PMC5720073,From studies.article_type
EVLINK_1189,EV_PMC5726862,background_only,,background_only,low,Review — no own evidence.,SRC_PMC5726862,From studies.article_type
EVLINK_1190,EV_PMC5742570,background_only,,background_only,medium,not_reported,SRC_PMC5742570,From studies.article_type
EVLINK_1191,EV_PMC5751689,background_only,,background_only,medium,not_reported,SRC_PMC5751689,From studies.article_type
EVLINK_1192,EV_PMC5755852,background_only,,background_only,medium,not_reported,SRC_PMC5755852,From studies.article_type
EVLINK_1193,EV_PMC5761201,background_only,,background_only,medium,not_reported,SRC_PMC5761201,From studies.article_type
EVLINK_1194,EV_PMC5772591,background_only,,background_only,medium,not_reported,SRC_PMC5772591,From studies.article_type
EVLINK_1195,EV_PMC5772737,background_only,,background_only,medium,not_reported,SRC_PMC5772737,From studies.article_type
EVLINK_1196,EV_PMC5774174,background_only,,background_only,medium,not_reported,SRC_PMC5774174,From studies.article_type
EVLINK_1197,EV_PMC5795927,background_only,,background_only,medium,not_reported,SRC_PMC5795927,From studies.article_type
EVLINK_1198,EV_PMC5800280,background_only,,background_only,medium,not_reported,SRC_PMC5800280,From studies.article_type
EVLINK_1199,EV_PMC5803523,background_only,,background_only,medium,not_reported,SRC_PMC5803523,From studies.article_type
EVLINK_1200,EV_PMC5810421,background_only,,background_only,medium,not_reported,SRC_PMC5810421,From studies.article_type
EVLINK_1201,EV_PMC5811207,background_only,,background_only,medium,not_reported,SRC_PMC5811207,From studies.article_type
EVLINK_1202,EV_PMC5814422,background_only,,background_only,low,Review — no own evidence.,SRC_PMC5814422,From studies.article_type
EVLINK_1203,EV_PMC5816508,background_only,,background_only,medium,not_reported,SRC_PMC5816508,From studies.article_type
EVLINK_1204,EV_PMC5838152,background_only,,background_only,medium,not_reported,SRC_PMC5838152,From studies.article_type
EVLINK_1205,EV_PMC5845019,background_only,,background_only,medium,not_reported,SRC_PMC5845019,From studies.article_type
EVLINK_1206,EV_PMC5884954,background_only,,background_only,low,Review — no own evidence.,SRC_PMC5884954,From studies.article_type
EVLINK_1207,EV_PMC5891614,background_only,,background_only,low,Review — no own evidence.,SRC_PMC5891614,From studies.article_type
EVLINK_1208,EV_PMC5896228,background_only,,background_only,medium,not_reported,SRC_PMC5896228,From studies.article_type
EVLINK_1209,EV_PMC5903110,background_only,,background_only,medium,not_reported,SRC_PMC5903110,From studies.article_type
EVLINK_1210,EV_PMC5907468,background_only,,background_only,low,Review — no own evidence.,SRC_PMC5907468,From studies.article_type
EVLINK_1211,EV_PMC5908891,background_only,,background_only,medium,not_reported,SRC_PMC5908891,From studies.article_type
EVLINK_1212,EV_PMC5916916,background_only,,background_only,medium,not_reported,SRC_PMC5916916,From studies.article_type
EVLINK_1213,EV_PMC5937739,background_only,,background_only,medium,not_reported,SRC_PMC5937739,From studies.article_type
EVLINK_1214,EV_PMC5941290,background_only,,background_only,medium,not_reported,SRC_PMC5941290,From studies.article_type
EVLINK_1215,EV_PMC5943701,background_only,,background_only,medium,not_reported,SRC_PMC5943701,From studies.article_type
EVLINK_1216,EV_PMC5962476,background_only,,background_only,medium,not_reported,SRC_PMC5962476,From studies.article_type
EVLINK_1217,EV_PMC5963607,background_only,,background_only,medium,not_reported,SRC_PMC5963607,From studies.article_type
EVLINK_1218,EV_PMC5972257,background_only,,background_only,medium,not_reported,SRC_PMC5972257,From studies.article_type
EVLINK_1219,EV_PMC5985469,background_only,,background_only,medium,not_reported,SRC_PMC5985469,From studies.article_type
EVLINK_1220,EV_PMC5990593,background_only,,background_only,medium,not_reported,SRC_PMC5990593,From studies.article_type
EVLINK_1221,EV_PMC6007269,background_only,,background_only,medium,not_reported,SRC_PMC6007269,From studies.article_type
EVLINK_1222,EV_PMC6021956,background_only,,background_only,medium,not_reported,SRC_PMC6021956,From studies.article_type
EVLINK_1223,EV_PMC6045431,background_only,,background_only,medium,not_reported,SRC_PMC6045431,From studies.article_type
EVLINK_1224,EV_PMC6048780,background_only,,background_only,medium,not_reported,SRC_PMC6048780,From studies.article_type
EVLINK_1225,EV_PMC6125790,background_only,,background_only,medium,not_reported,SRC_PMC6125790,From studies.article_type
EVLINK_1226,EV_PMC6126217,background_only,,background_only,medium,not_reported,SRC_PMC6126217,From studies.article_type
EVLINK_1227,EV_PMC6126425,background_only,,background_only,medium,not_reported,SRC_PMC6126425,From studies.article_type
EVLINK_1228,EV_PMC6126436,background_only,,background_only,medium,not_reported,SRC_PMC6126436,From studies.article_type
EVLINK_1229,EV_PMC6132574,background_only,,background_only,medium,not_reported,SRC_PMC6132574,From studies.article_type
EVLINK_1230,EV_PMC6135986,background_only,,background_only,medium,not_reported,SRC_PMC6135986,From studies.article_type
EVLINK_1231,EV_PMC6136959,background_only,,background_only,medium,not_reported,SRC_PMC6136959,From studies.article_type
EVLINK_1232,EV_PMC6137318,background_only,,background_only,medium,not_reported,SRC_PMC6137318,From studies.article_type
EVLINK_1233,EV_PMC6142855,background_only,,background_only,medium,not_reported,SRC_PMC6142855,From studies.article_type
EVLINK_1234,EV_PMC6164385,background_only,,background_only,medium,not_reported,SRC_PMC6164385,From studies.article_type
EVLINK_1235,EV_PMC6164948,background_only,,background_only,medium,not_reported,SRC_PMC6164948,From studies.article_type
EVLINK_1236,EV_PMC6166233,background_only,,background_only,medium,not_reported,SRC_PMC6166233,From studies.article_type
EVLINK_1237,EV_PMC6170034,background_only,,background_only,medium,not_reported,SRC_PMC6170034,From studies.article_type
EVLINK_1238,EV_PMC6176492,background_only,,background_only,low,Review — no own evidence.,SRC_PMC6176492,From studies.article_type
EVLINK_1239,EV_PMC6181242,background_only,,background_only,medium,not_reported,SRC_PMC6181242,From studies.article_type
EVLINK_1240,EV_PMC6189799,background_only,,background_only,medium,not_reported,SRC_PMC6189799,From studies.article_type
EVLINK_1241,EV_PMC6198082,background_only,,background_only,low,Review — no own evidence.,SRC_PMC6198082,From studies.article_type
EVLINK_1242,EV_PMC6212555,background_only,,background_only,medium,not_reported,SRC_PMC6212555,From studies.article_type
EVLINK_1243,EV_PMC6230489,background_only,,background_only,medium,not_reported,SRC_PMC6230489,From studies.article_type
EVLINK_1244,EV_PMC6236112,background_only,,background_only,medium,not_reported,SRC_PMC6236112,From studies.article_type
EVLINK_1245,EV_PMC6240506,background_only,,background_only,medium,not_reported,SRC_PMC6240506,From studies.article_type
EVLINK_1246,EV_PMC6242270,background_only,,background_only,medium,not_reported,SRC_PMC6242270,From studies.article_type
EVLINK_1247,EV_PMC6278088,background_only,,background_only,medium,not_reported,SRC_PMC6278088,From studies.article_type
EVLINK_1248,EV_PMC6281984,background_only,,background_only,medium,not_reported,SRC_PMC6281984,From studies.article_type
EVLINK_1249,EV_PMC6289445,background_only,,background_only,medium,not_reported,SRC_PMC6289445,From studies.article_type
EVLINK_1250,EV_PMC6302720,background_only,,background_only,low,Review — no own evidence.,SRC_PMC6302720,From studies.article_type
EVLINK_1251,EV_PMC6306799,background_only,,background_only,low,Review — no own evidence.,SRC_PMC6306799,From studies.article_type
EVLINK_1252,EV_PMC6311664,background_only,,background_only,medium,not_reported,SRC_PMC6311664,From studies.article_type
EVLINK_1253,EV_PMC6351455,background_only,,background_only,medium,not_reported,SRC_PMC6351455,From studies.article_type
EVLINK_1254,EV_PMC6357488,background_only,,background_only,medium,not_reported,SRC_PMC6357488,From studies.article_type
EVLINK_1256,EV_PMC6360878,background_only,,background_only,medium,not_reported,SRC_PMC6360878,From studies.article_type
EVLINK_1257,EV_PMC6362521,background_only,,background_only,medium,not_reported,SRC_PMC6362521,From studies.article_type
EVLINK_1258,EV_PMC6369365,background_only,,background_only,medium,not_reported,SRC_PMC6369365,From studies.article_type
EVLINK_1259,EV_PMC6375904,background_only,,background_only,medium,not_reported,SRC_PMC6375904,From studies.article_type
EVLINK_1260,EV_PMC6387909,background_only,,background_only,medium,not_reported,SRC_PMC6387909,From studies.article_type
EVLINK_1261,EV_PMC6390246,background_only,,background_only,low,Review — no own evidence.,SRC_PMC6390246,From studies.article_type
EVLINK_1262,EV_PMC6407664,background_only,,background_only,medium,not_reported,SRC_PMC6407664,From studies.article_type
EVLINK_1263,EV_PMC6411655,background_only,,background_only,medium,not_reported,SRC_PMC6411655,From studies.article_type
EVLINK_1264,EV_PMC6412154,background_only,,background_only,medium,not_reported,SRC_PMC6412154,From studies.article_type
EVLINK_1265,EV_PMC6420417,background_only,,background_only,low,Review — no own evidence.,SRC_PMC6420417,From studies.article_type
EVLINK_1266,EV_PMC6427901,background_only,,background_only,medium,not_reported,SRC_PMC6427901,From studies.article_type
EVLINK_1267,EV_PMC6438667,background_only,,background_only,medium,not_reported,SRC_PMC6438667,From studies.article_type
EVLINK_1268,EV_PMC6469633,background_only,,background_only,medium,not_reported,SRC_PMC6469633,From studies.article_type
EVLINK_1269,EV_PMC6480144,background_only,,background_only,medium,not_reported,SRC_PMC6480144,From studies.article_type
EVLINK_1270,EV_PMC6497723,background_only,,background_only,medium,not_reported,SRC_PMC6497723,From studies.article_type
EVLINK_1271,EV_PMC6498509,background_only,,background_only,medium,not_reported,SRC_PMC6498509,From studies.article_type
EVLINK_1272,EV_PMC6501770,background_only,,background_only,low,Review — no own evidence.,SRC_PMC6501770,From studies.article_type
EVLINK_1273,EV_PMC6506669,background_only,,background_only,medium,not_reported,SRC_PMC6506669,From studies.article_type
EVLINK_1274,EV_PMC6511202,background_only,,background_only,medium,not_reported,SRC_PMC6511202,From studies.article_type
EVLINK_1275,EV_PMC6518726,background_only,,background_only,medium,not_reported,SRC_PMC6518726,From studies.article_type
EVLINK_1276,EV_PMC6537870,background_only,,background_only,low,Review — no own evidence.,SRC_PMC6537870,From studies.article_type
EVLINK_1277,EV_PMC6539212,background_only,,background_only,medium,not_reported,SRC_PMC6539212,From studies.article_type
EVLINK_1278,EV_PMC6540937,background_only,,background_only,medium,not_reported,SRC_PMC6540937,From studies.article_type
EVLINK_1279,EV_PMC6548336,background_only,,background_only,medium,not_reported,SRC_PMC6548336,From studies.article_type
EVLINK_1280,EV_PMC6561323,background_only,,background_only,low,Review — no own evidence.,SRC_PMC6561323,From studies.article_type
EVLINK_1281,EV_PMC6581040,background_only,,background_only,medium,not_reported,SRC_PMC6581040,From studies.article_type
EVLINK_1282,EV_PMC6599245,background_only,,background_only,medium,not_reported,SRC_PMC6599245,From studies.article_type
EVLINK_1283,EV_PMC6602391,background_only,,background_only,medium,not_reported,SRC_PMC6602391,From studies.article_type
EVLINK_1284,EV_PMC6625219,background_only,,background_only,medium,not_reported,SRC_PMC6625219,From studies.article_type
EVLINK_1285,EV_PMC6674167,background_only,,background_only,medium,not_reported,SRC_PMC6674167,From studies.article_type
EVLINK_1286,EV_PMC6676044,background_only,,background_only,medium,not_reported,SRC_PMC6676044,From studies.article_type
EVLINK_1287,EV_PMC6681541,background_only,,background_only,medium,not_reported,SRC_PMC6681541,From studies.article_type
EVLINK_1288,EV_PMC6689143,background_only,,background_only,medium,not_reported,SRC_PMC6689143,From studies.article_type
EVLINK_1289,EV_PMC6692246,background_only,,background_only,medium,not_reported,SRC_PMC6692246,From studies.article_type
EVLINK_1290,EV_PMC6692742,background_only,,background_only,medium,not_reported,SRC_PMC6692742,From studies.article_type
EVLINK_1291,EV_PMC6698343,background_only,,background_only,medium,not_reported,SRC_PMC6698343,From studies.article_type
EVLINK_1292,EV_PMC6701524,background_only,,background_only,medium,not_reported,SRC_PMC6701524,From studies.article_type
EVLINK_1294,EV_PMC6743351,background_only,,background_only,medium,not_reported,SRC_PMC6743351,From studies.article_type
EVLINK_1295,EV_PMC6744459,background_only,,background_only,medium,not_reported,SRC_PMC6744459,From studies.article_type
EVLINK_1296,EV_PMC6749052,background_only,,background_only,medium,not_reported,SRC_PMC6749052,From studies.article_type
EVLINK_1297,EV_PMC6757466,background_only,,background_only,medium,not_reported,SRC_PMC6757466,From studies.article_type
EVLINK_1298,EV_PMC6757477,background_only,,background_only,medium,not_reported,SRC_PMC6757477,From studies.article_type
EVLINK_1299,EV_PMC6757481,background_only,,background_only,medium,not_reported,SRC_PMC6757481,From studies.article_type
EVLINK_1300,EV_PMC6760550,background_only,,background_only,medium,not_reported,SRC_PMC6760550,From studies.article_type
EVLINK_1301,EV_PMC6775592,background_only,,background_only,medium,not_reported,SRC_PMC6775592,From studies.article_type
EVLINK_1302,EV_PMC6784331,background_only,,background_only,medium,not_reported,SRC_PMC6784331,From studies.article_type
EVLINK_1303,EV_PMC6788586,background_only,,background_only,medium,not_reported,SRC_PMC6788586,From studies.article_type
EVLINK_1304,EV_PMC6803538,background_only,,background_only,medium,not_reported,SRC_PMC6803538,From studies.article_type
EVLINK_1305,EV_PMC6824917,background_only,,background_only,medium,not_reported,SRC_PMC6824917,From studies.article_type
EVLINK_1306,EV_PMC6827212,background_only,,background_only,medium,not_reported,SRC_PMC6827212,From studies.article_type
EVLINK_1307,EV_PMC6832016,background_only,,background_only,medium,not_reported,SRC_PMC6832016,From studies.article_type
EVLINK_1308,EV_PMC6851201,background_only,,background_only,medium,not_reported,SRC_PMC6851201,From studies.article_type
EVLINK_1309,EV_PMC6856557,background_only,,background_only,medium,not_reported,SRC_PMC6856557,From studies.article_type
EVLINK_1310,EV_PMC6866308,background_only,,background_only,medium,not_reported,SRC_PMC6866308,From studies.article_type
EVLINK_1311,EV_PMC6871457,background_only,,background_only,medium,not_reported,SRC_PMC6871457,From studies.article_type
EVLINK_1312,EV_PMC6872128,background_only,,background_only,medium,not_reported,SRC_PMC6872128,From studies.article_type
EVLINK_1313,EV_PMC6872511,background_only,,background_only,medium,not_reported,SRC_PMC6872511,From studies.article_type
EVLINK_1314,EV_PMC6874396,background_only,,background_only,medium,not_reported,SRC_PMC6874396,From studies.article_type
EVLINK_1315,EV_PMC6892956,background_only,,background_only,medium,not_reported,SRC_PMC6892956,From studies.article_type
EVLINK_1316,EV_PMC6893984,background_only,,background_only,medium,not_reported,SRC_PMC6893984,From studies.article_type
EVLINK_1317,EV_PMC6960208,background_only,,background_only,medium,not_reported,SRC_PMC6960208,From studies.article_type
EVLINK_1318,EV_PMC6961052,background_only,,background_only,medium,not_reported,SRC_PMC6961052,From studies.article_type
EVLINK_1319,EV_PMC6975180,background_only,,background_only,medium,not_reported,SRC_PMC6975180,From studies.article_type
EVLINK_1320,EV_PMC6985403,background_only,,background_only,medium,not_reported,SRC_PMC6985403,From studies.article_type
EVLINK_1321,EV_PMC6987554,background_only,,background_only,medium,not_reported,SRC_PMC6987554,From studies.article_type
EVLINK_1322,EV_PMC6992892,background_only,,background_only,medium,not_reported,SRC_PMC6992892,From studies.article_type
EVLINK_1323,EV_PMC7016046,background_only,,background_only,medium,not_reported,SRC_PMC7016046,From studies.article_type
EVLINK_1324,EV_PMC7035879,background_only,,background_only,medium,not_reported,SRC_PMC7035879,From studies.article_type
EVLINK_1325,EV_PMC7040089,background_only,,background_only,medium,not_reported,SRC_PMC7040089,From studies.article_type
EVLINK_1326,EV_PMC7040446,background_only,,background_only,medium,not_reported,SRC_PMC7040446,From studies.article_type
EVLINK_1327,EV_PMC7045198,background_only,,background_only,medium,not_reported,SRC_PMC7045198,From studies.article_type
EVLINK_1328,EV_PMC7047398,background_only,,background_only,medium,not_reported,SRC_PMC7047398,From studies.article_type
EVLINK_1329,EV_PMC7064639,background_only,,background_only,medium,not_reported,SRC_PMC7064639,From studies.article_type
EVLINK_1330,EV_PMC7080269,background_only,,background_only,medium,not_reported,SRC_PMC7080269,From studies.article_type
EVLINK_1331,EV_PMC7080680,background_only,,background_only,medium,not_reported,SRC_PMC7080680,From studies.article_type
EVLINK_1332,EV_PMC7125097,background_only,,background_only,medium,not_reported,SRC_PMC7125097,From studies.article_type
EVLINK_1333,EV_PMC7174771,background_only,,background_only,medium,not_reported,SRC_PMC7174771,From studies.article_type
EVLINK_1334,EV_PMC7189210,background_only,,background_only,medium,not_reported,SRC_PMC7189210,From studies.article_type
EVLINK_1335,EV_PMC7198837,background_only,,background_only,medium,not_reported,SRC_PMC7198837,From studies.article_type
EVLINK_1336,EV_PMC7202715,background_only,,background_only,medium,not_reported,SRC_PMC7202715,From studies.article_type
EVLINK_1337,EV_PMC7204515,background_only,,background_only,medium,not_reported,SRC_PMC7204515,From studies.article_type
EVLINK_1338,EV_PMC7223879,background_only,,background_only,medium,not_reported,SRC_PMC7223879,From studies.article_type
EVLINK_1339,EV_PMC7253632,background_only,,background_only,medium,not_reported,SRC_PMC7253632,From studies.article_type
EVLINK_1340,EV_PMC7261925,background_only,,background_only,medium,not_reported,SRC_PMC7261925,From studies.article_type
EVLINK_1341,EV_PMC7280505,background_only,,background_only,medium,not_reported,SRC_PMC7280505,From studies.article_type
EVLINK_1342,EV_PMC7284109,background_only,,background_only,medium,not_reported,SRC_PMC7284109,From studies.article_type
EVLINK_1343,EV_PMC7294062,background_only,,background_only,medium,not_reported,SRC_PMC7294062,From studies.article_type
EVLINK_1344,EV_PMC7298148,background_only,,background_only,medium,not_reported,SRC_PMC7298148,From studies.article_type
EVLINK_1345,EV_PMC7310879,background_only,,background_only,medium,not_reported,SRC_PMC7310879,From studies.article_type
EVLINK_1346,EV_PMC7319873,background_only,,background_only,medium,not_reported,SRC_PMC7319873,From studies.article_type
EVLINK_1347,EV_PMC7350789,background_only,,background_only,medium,not_reported,SRC_PMC7350789,From studies.article_type
EVLINK_1348,EV_PMC7362764,background_only,,background_only,medium,not_reported,SRC_PMC7362764,From studies.article_type
EVLINK_1349,EV_PMC7363196,background_only,,background_only,medium,not_reported,SRC_PMC7363196,From studies.article_type
EVLINK_1350,EV_PMC7370369,background_only,,background_only,medium,not_reported,SRC_PMC7370369,From studies.article_type
EVLINK_1351,EV_PMC7370942,background_only,,background_only,medium,not_reported,SRC_PMC7370942,From studies.article_type
EVLINK_1352,EV_PMC7372129,background_only,,background_only,medium,not_reported,SRC_PMC7372129,From studies.article_type
EVLINK_1353,EV_PMC7373176,background_only,,background_only,medium,not_reported,SRC_PMC7373176,From studies.article_type
EVLINK_1354,EV_PMC7373744,background_only,,background_only,medium,not_reported,SRC_PMC7373744,From studies.article_type
EVLINK_1355,EV_PMC7376762,background_only,,background_only,medium,not_reported,SRC_PMC7376762,From studies.article_type
EVLINK_1356,EV_PMC7379867,background_only,,background_only,medium,not_reported,SRC_PMC7379867,From studies.article_type
EVLINK_1357,EV_PMC7383825,background_only,,background_only,medium,not_reported,SRC_PMC7383825,From studies.article_type
EVLINK_1358,EV_PMC7387184,background_only,,background_only,medium,not_reported,SRC_PMC7387184,From studies.article_type
EVLINK_1359,EV_PMC7399018,background_only,,background_only,medium,not_reported,SRC_PMC7399018,From studies.article_type
EVLINK_1360,EV_PMC7403450,background_only,,background_only,medium,not_reported,SRC_PMC7403450,From studies.article_type
EVLINK_1361,EV_PMC7407524,background_only,,background_only,medium,not_reported,SRC_PMC7407524,From studies.article_type
EVLINK_1362,EV_PMC7416957,background_only,,background_only,medium,not_reported,SRC_PMC7416957,From studies.article_type
EVLINK_1363,EV_PMC7453261,background_only,,background_only,medium,not_reported,SRC_PMC7453261,From studies.article_type
EVLINK_1364,EV_PMC7459924,background_only,,background_only,medium,not_reported,SRC_PMC7459924,From studies.article_type
EVLINK_1365,EV_PMC7491293,background_only,,background_only,medium,not_reported,SRC_PMC7491293,From studies.article_type
EVLINK_1366,EV_PMC7492409,background_only,,background_only,medium,not_reported,SRC_PMC7492409,From studies.article_type
EVLINK_1367,EV_PMC7519351,background_only,,background_only,medium,not_reported,SRC_PMC7519351,From studies.article_type
EVLINK_1368,EV_PMC7522668,background_only,,background_only,medium,not_reported,SRC_PMC7522668,From studies.article_type
EVLINK_1369,EV_PMC7523733,background_only,,background_only,medium,not_reported,SRC_PMC7523733,From studies.article_type
EVLINK_1370,EV_PMC7530832,background_only,,background_only,medium,not_reported,SRC_PMC7530832,From studies.article_type
EVLINK_1371,EV_PMC7548274,background_only,,background_only,medium,not_reported,SRC_PMC7548274,From studies.article_type
EVLINK_1372,EV_PMC7570614,background_only,,background_only,medium,not_reported,SRC_PMC7570614,From studies.article_type
EVLINK_1373,EV_PMC7573058,background_only,,background_only,medium,not_reported,SRC_PMC7573058,From studies.article_type
EVLINK_1374,EV_PMC7578697,background_only,,background_only,medium,not_reported,SRC_PMC7578697,From studies.article_type
EVLINK_1375,EV_PMC7585116,background_only,,background_only,medium,not_reported,SRC_PMC7585116,From studies.article_type
EVLINK_1376,EV_PMC7587270,background_only,,background_only,medium,not_reported,SRC_PMC7587270,From studies.article_type
EVLINK_1377,EV_PMC7656947,background_only,,background_only,medium,not_reported,SRC_PMC7656947,From studies.article_type
EVLINK_1378,EV_PMC7673454,background_only,,background_only,medium,not_reported,SRC_PMC7673454,From studies.article_type
EVLINK_1379,EV_PMC7673564,background_only,,background_only,medium,not_reported,SRC_PMC7673564,From studies.article_type
EVLINK_1380,EV_PMC7677633,background_only,,background_only,medium,not_reported,SRC_PMC7677633,From studies.article_type
EVLINK_1381,EV_PMC7683416,background_only,,background_only,medium,not_reported,SRC_PMC7683416,From studies.article_type
EVLINK_1382,EV_PMC7692110,background_only,,background_only,medium,not_reported,SRC_PMC7692110,From studies.article_type
EVLINK_1383,EV_PMC7693464,background_only,,background_only,medium,not_reported,SRC_PMC7693464,From studies.article_type
EVLINK_1384,EV_PMC7699439,background_only,,background_only,medium,not_reported,SRC_PMC7699439,From studies.article_type
EVLINK_1385,EV_PMC7710901,background_only,,background_only,medium,not_reported,SRC_PMC7710901,From studies.article_type
EVLINK_1386,EV_PMC7711108,background_only,,background_only,medium,not_reported,SRC_PMC7711108,From studies.article_type
EVLINK_1387,EV_PMC7718610,background_only,,background_only,medium,not_reported,SRC_PMC7718610,From studies.article_type
EVLINK_1388,EV_PMC7730208,background_only,,background_only,medium,not_reported,SRC_PMC7730208,From studies.article_type
EVLINK_1389,EV_PMC7731966,background_only,,background_only,medium,not_reported,SRC_PMC7731966,From studies.article_type
EVLINK_1390,EV_PMC7734534,background_only,,background_only,medium,not_reported,SRC_PMC7734534,From studies.article_type
EVLINK_1391,EV_PMC7736993,background_only,,background_only,medium,not_reported,SRC_PMC7736993,From studies.article_type
EVLINK_1392,EV_PMC7749320,background_only,,background_only,medium,not_reported,SRC_PMC7749320,From studies.article_type
EVLINK_1393,EV_PMC7753369,background_only,,background_only,medium,not_reported,SRC_PMC7753369,From studies.article_type
EVLINK_1394,EV_PMC7767397,background_only,,background_only,medium,not_reported,SRC_PMC7767397,From studies.article_type
EVLINK_1395,EV_PMC7768789,background_only,,background_only,medium,not_reported,SRC_PMC7768789,From studies.article_type
EVLINK_1396,EV_PMC7787009,background_only,,background_only,medium,not_reported,SRC_PMC7787009,From studies.article_type
EVLINK_1397,EV_PMC7790273,background_only,,background_only,medium,not_reported,SRC_PMC7790273,From studies.article_type
EVLINK_1398,EV_PMC7793661,background_only,,background_only,medium,not_reported,SRC_PMC7793661,From studies.article_type
EVLINK_1399,EV_PMC7812623,background_only,,background_only,medium,not_reported,SRC_PMC7812623,From studies.article_type
EVLINK_1400,EV_PMC7812626,background_only,,background_only,medium,not_reported,SRC_PMC7812626,From studies.article_type
EVLINK_1401,EV_PMC7815930,background_only,,background_only,medium,not_reported,SRC_PMC7815930,From studies.article_type
EVLINK_1402,EV_PMC7843457,background_only,,background_only,medium,not_reported,SRC_PMC7843457,From studies.article_type
EVLINK_1403,EV_PMC7859523,background_only,,background_only,medium,not_reported,SRC_PMC7859523,From studies.article_type
EVLINK_1404,EV_PMC7865841,background_only,,background_only,medium,not_reported,SRC_PMC7865841,From studies.article_type
EVLINK_1405,EV_PMC7881368,background_only,,background_only,medium,not_reported,SRC_PMC7881368,From studies.article_type
EVLINK_1406,EV_PMC7897842,background_only,,background_only,medium,not_reported,SRC_PMC7897842,From studies.article_type
EVLINK_1407,EV_PMC7899043,background_only,,background_only,medium,not_reported,SRC_PMC7899043,From studies.article_type
EVLINK_1408,EV_PMC7901317,background_only,,background_only,medium,not_reported,SRC_PMC7901317,From studies.article_type
EVLINK_1409,EV_PMC7901851,background_only,,background_only,medium,not_reported,SRC_PMC7901851,From studies.article_type
EVLINK_1410,EV_PMC7920718,background_only,,background_only,medium,not_reported,SRC_PMC7920718,From studies.article_type
EVLINK_1411,EV_PMC7921020,background_only,,background_only,medium,not_reported,SRC_PMC7921020,From studies.article_type
EVLINK_1412,EV_PMC7923646,background_only,,background_only,medium,not_reported,SRC_PMC7923646,From studies.article_type
EVLINK_1413,EV_PMC7927423,background_only,,background_only,medium,not_reported,SRC_PMC7927423,From studies.article_type
EVLINK_1414,EV_PMC7966407,background_only,,background_only,medium,not_reported,SRC_PMC7966407,From studies.article_type
EVLINK_1415,EV_PMC7979429,background_only,,background_only,medium,not_reported,SRC_PMC7979429,From studies.article_type
EVLINK_1416,EV_PMC7981275,background_only,,background_only,medium,not_reported,SRC_PMC7981275,From studies.article_type
EVLINK_1417,EV_PMC7984774,background_only,,background_only,medium,not_reported,SRC_PMC7984774,From studies.article_type
EVLINK_1418,EV_PMC7985709,background_only,,background_only,medium,not_reported,SRC_PMC7985709,From studies.article_type
EVLINK_1419,EV_PMC7994252,background_only,,background_only,medium,not_reported,SRC_PMC7994252,From studies.article_type
EVLINK_1420,EV_PMC8006181,background_only,,background_only,medium,not_reported,SRC_PMC8006181,From studies.article_type
EVLINK_1421,EV_PMC8011719,background_only,,background_only,medium,not_reported,SRC_PMC8011719,From studies.article_type
EVLINK_1422,EV_PMC8022277,background_only,,background_only,medium,not_reported,SRC_PMC8022277,From studies.article_type
EVLINK_1423,EV_PMC8033536,background_only,,background_only,medium,not_reported,SRC_PMC8033536,From studies.article_type
EVLINK_1424,EV_PMC8043135,background_only,,background_only,medium,not_reported,SRC_PMC8043135,From studies.article_type
EVLINK_1425,EV_PMC8081971,background_only,,background_only,medium,not_reported,SRC_PMC8081971,From studies.article_type
EVLINK_1426,EV_PMC8098731,background_only,,background_only,medium,not_reported,SRC_PMC8098731,From studies.article_type
EVLINK_1427,EV_PMC8104035,background_only,,background_only,medium,not_reported,SRC_PMC8104035,From studies.article_type
EVLINK_1428,EV_PMC8111015,background_only,,background_only,medium,not_reported,SRC_PMC8111015,From studies.article_type
EVLINK_1429,EV_PMC8114820,background_only,,background_only,medium,not_reported,SRC_PMC8114820,From studies.article_type
EVLINK_1430,EV_PMC8121150,background_only,,background_only,medium,not_reported,SRC_PMC8121150,From studies.article_type
EVLINK_1431,EV_PMC8137814,background_only,,background_only,medium,not_reported,SRC_PMC8137814,From studies.article_type
EVLINK_1432,EV_PMC8140612,background_only,,background_only,medium,not_reported,SRC_PMC8140612,From studies.article_type
EVLINK_1433,EV_PMC8167970,background_only,,background_only,medium,not_reported,SRC_PMC8167970,From studies.article_type
EVLINK_1434,EV_PMC8199521,background_only,,background_only,medium,not_reported,SRC_PMC8199521,From studies.article_type
EVLINK_1435,EV_PMC8200331,background_only,,background_only,medium,not_reported,SRC_PMC8200331,From studies.article_type
EVLINK_1436,EV_PMC8203002,background_only,,background_only,medium,not_reported,SRC_PMC8203002,From studies.article_type
EVLINK_1437,EV_PMC8205450,background_only,,background_only,medium,not_reported,SRC_PMC8205450,From studies.article_type
EVLINK_1438,EV_PMC8205658,background_only,,background_only,medium,not_reported,SRC_PMC8205658,From studies.article_type
EVLINK_1439,EV_PMC8211086,background_only,,background_only,medium,not_reported,SRC_PMC8211086,From studies.article_type
EVLINK_1440,EV_PMC8224741,background_only,,background_only,medium,not_reported,SRC_PMC8224741,From studies.article_type
EVLINK_1441,EV_PMC8227788,background_only,,background_only,medium,not_reported,SRC_PMC8227788,From studies.article_type
EVLINK_1442,EV_PMC8228245,background_only,,background_only,medium,not_reported,SRC_PMC8228245,From studies.article_type
EVLINK_1443,EV_PMC8244529,background_only,,background_only,medium,not_reported,SRC_PMC8244529,From studies.article_type
EVLINK_1444,EV_PMC8258375,background_only,,background_only,medium,not_reported,SRC_PMC8258375,From studies.article_type
EVLINK_1445,EV_PMC8268432,background_only,,background_only,medium,not_reported,SRC_PMC8268432,From studies.article_type
EVLINK_1446,EV_PMC8271381,background_only,,background_only,medium,not_reported,SRC_PMC8271381,From studies.article_type
EVLINK_1447,EV_PMC8274006,background_only,,background_only,medium,not_reported,SRC_PMC8274006,From studies.article_type
EVLINK_1448,EV_PMC8279383,background_only,,background_only,medium,not_reported,SRC_PMC8279383,From studies.article_type
EVLINK_1449,EV_PMC8304823,background_only,,background_only,medium,not_reported,SRC_PMC8304823,From studies.article_type
EVLINK_1450,EV_PMC8311503,background_only,,background_only,medium,not_reported,SRC_PMC8311503,From studies.article_type
EVLINK_1451,EV_PMC8346954,background_only,,background_only,medium,not_reported,SRC_PMC8346954,From studies.article_type
EVLINK_1452,EV_PMC8350669,background_only,,background_only,medium,not_reported,SRC_PMC8350669,From studies.article_type
EVLINK_1453,EV_PMC8362663,background_only,,background_only,medium,not_reported,SRC_PMC8362663,From studies.article_type
EVLINK_1454,EV_PMC8362892,background_only,,background_only,medium,not_reported,SRC_PMC8362892,From studies.article_type
EVLINK_1455,EV_PMC8363082,background_only,,background_only,medium,not_reported,SRC_PMC8363082,From studies.article_type
EVLINK_1456,EV_PMC8372874,background_only,,background_only,medium,not_reported,SRC_PMC8372874,From studies.article_type
EVLINK_1457,EV_PMC8375660,background_only,,background_only,medium,not_reported,SRC_PMC8375660,From studies.article_type
EVLINK_1458,EV_PMC8395024,background_only,,background_only,medium,not_reported,SRC_PMC8395024,From studies.article_type
EVLINK_1459,EV_PMC8404480,background_only,,background_only,medium,not_reported,SRC_PMC8404480,From studies.article_type
EVLINK_1460,EV_PMC8407079,background_only,,background_only,medium,not_reported,SRC_PMC8407079,From studies.article_type
EVLINK_1461,EV_PMC8456080,background_only,,background_only,medium,not_reported,SRC_PMC8456080,From studies.article_type
EVLINK_1462,EV_PMC8466732,background_only,,background_only,medium,not_reported,SRC_PMC8466732,From studies.article_type
EVLINK_1463,EV_PMC8481532,background_only,,background_only,medium,not_reported,SRC_PMC8481532,From studies.article_type
EVLINK_1464,EV_PMC8484538,background_only,,background_only,medium,not_reported,SRC_PMC8484538,From studies.article_type
EVLINK_1465,EV_PMC8490425,background_only,,background_only,medium,not_reported,SRC_PMC8490425,From studies.article_type
EVLINK_1466,EV_PMC8490487,background_only,,background_only,medium,not_reported,SRC_PMC8490487,From studies.article_type
EVLINK_1467,EV_PMC8499647,background_only,,background_only,medium,not_reported,SRC_PMC8499647,From studies.article_type
EVLINK_1468,EV_PMC8522266,background_only,,background_only,medium,not_reported,SRC_PMC8522266,From studies.article_type
EVLINK_1469,EV_PMC8547991,background_only,,background_only,medium,not_reported,SRC_PMC8547991,From studies.article_type
EVLINK_1470,EV_PMC8548017,background_only,,background_only,medium,not_reported,SRC_PMC8548017,From studies.article_type
EVLINK_1471,EV_PMC8551359,background_only,,background_only,medium,not_reported,SRC_PMC8551359,From studies.article_type
EVLINK_1472,EV_PMC8558484,background_only,,background_only,medium,not_reported,SRC_PMC8558484,From studies.article_type
EVLINK_1473,EV_PMC8562714,background_only,,background_only,medium,not_reported,SRC_PMC8562714,From studies.article_type
EVLINK_1474,EV_PMC8573420,background_only,,background_only,medium,not_reported,SRC_PMC8573420,From studies.article_type
EVLINK_1475,EV_PMC8645544,background_only,,background_only,medium,not_reported,SRC_PMC8645544,From studies.article_type
EVLINK_1476,EV_PMC8648757,background_only,,background_only,medium,not_reported,SRC_PMC8648757,From studies.article_type
EVLINK_1477,EV_PMC8650081,background_only,,background_only,medium,not_reported,SRC_PMC8650081,From studies.article_type
EVLINK_1478,EV_PMC8652088,background_only,,background_only,medium,not_reported,SRC_PMC8652088,From studies.article_type
EVLINK_1479,EV_PMC8652350,background_only,,background_only,medium,not_reported,SRC_PMC8652350,From studies.article_type
EVLINK_1480,EV_PMC8656008,background_only,,background_only,medium,not_reported,SRC_PMC8656008,From studies.article_type
EVLINK_1481,EV_PMC8663721,background_only,,background_only,medium,not_reported,SRC_PMC8663721,From studies.article_type
EVLINK_1482,EV_PMC8669425,background_only,,background_only,medium,not_reported,SRC_PMC8669425,From studies.article_type
EVLINK_1483,EV_PMC8673635,background_only,,background_only,medium,not_reported,SRC_PMC8673635,From studies.article_type
EVLINK_1484,EV_PMC8677723,background_only,,background_only,medium,not_reported,SRC_PMC8677723,From studies.article_type
EVLINK_1485,EV_PMC8681021,background_only,,background_only,medium,not_reported,SRC_PMC8681021,From studies.article_type
EVLINK_1486,EV_PMC8695976,background_only,,background_only,medium,not_reported,SRC_PMC8695976,From studies.article_type
EVLINK_1487,EV_PMC8712652,background_only,,background_only,medium,not_reported,SRC_PMC8712652,From studies.article_type
EVLINK_1488,EV_PMC8741949,background_only,,background_only,medium,not_reported,SRC_PMC8741949,From studies.article_type
EVLINK_1490,EV_PMC8765292,background_only,,background_only,medium,not_reported,SRC_PMC8765292,From studies.article_type
EVLINK_1491,EV_PMC8778041,background_only,,background_only,medium,not_reported,SRC_PMC8778041,From studies.article_type
EVLINK_1492,EV_PMC8781620,background_only,,background_only,medium,not_reported,SRC_PMC8781620,From studies.article_type
EVLINK_1493,EV_PMC8801602,background_only,,background_only,medium,not_reported,SRC_PMC8801602,From studies.article_type
EVLINK_1496,EV_PMC8823693,background_only,,background_only,medium,not_reported,SRC_PMC8823693,From studies.article_type
EVLINK_1497,EV_PMC8844436,background_only,,background_only,medium,not_reported,SRC_PMC8844436,From studies.article_type
EVLINK_1498,EV_PMC8845219,background_only,,background_only,medium,not_reported,SRC_PMC8845219,From studies.article_type
EVLINK_1499,EV_PMC8857363,background_only,,background_only,medium,not_reported,SRC_PMC8857363,From studies.article_type
EVLINK_1500,EV_PMC8870181,background_only,,background_only,medium,not_reported,SRC_PMC8870181,From studies.article_type
EVLINK_1501,EV_PMC8871689,background_only,,background_only,medium,not_reported,SRC_PMC8871689,From studies.article_type
EVLINK_1502,EV_PMC8877487,background_only,,background_only,medium,not_reported,SRC_PMC8877487,From studies.article_type
EVLINK_1503,EV_PMC8882180,background_only,,background_only,medium,not_reported,SRC_PMC8882180,From studies.article_type
EVLINK_1504,EV_PMC8905677,background_only,,background_only,medium,not_reported,SRC_PMC8905677,From studies.article_type
EVLINK_1505,EV_PMC8914987,background_only,,background_only,medium,not_reported,SRC_PMC8914987,From studies.article_type
EVLINK_1506,EV_PMC8938964,background_only,,background_only,medium,not_reported,SRC_PMC8938964,From studies.article_type
EVLINK_1507,EV_PMC8948464,background_only,,background_only,medium,not_reported,SRC_PMC8948464,From studies.article_type
EVLINK_1508,EV_PMC8957952,background_only,,background_only,medium,not_reported,SRC_PMC8957952,From studies.article_type
EVLINK_1509,EV_PMC8961404,background_only,,background_only,medium,not_reported,SRC_PMC8961404,From studies.article_type
EVLINK_1510,EV_PMC8964790,background_only,,background_only,medium,not_reported,SRC_PMC8964790,From studies.article_type
EVLINK_1511,EV_PMC8970051,background_only,,background_only,medium,not_reported,SRC_PMC8970051,From studies.article_type
EVLINK_1512,EV_PMC8973170,background_only,,background_only,medium,not_reported,SRC_PMC8973170,From studies.article_type
EVLINK_1513,EV_PMC8984110,background_only,,background_only,medium,not_reported,SRC_PMC8984110,From studies.article_type
EVLINK_1514,EV_PMC8987120,background_only,,background_only,medium,not_reported,SRC_PMC8987120,From studies.article_type
EVLINK_1515,EV_PMC9008886,background_only,,background_only,medium,not_reported,SRC_PMC9008886,From studies.article_type
EVLINK_1516,EV_PMC9015002,background_only,,background_only,medium,not_reported,SRC_PMC9015002,From studies.article_type
EVLINK_1517,EV_PMC9016073,background_only,,background_only,medium,not_reported,SRC_PMC9016073,From studies.article_type
EVLINK_1518,EV_PMC9021696,background_only,,background_only,medium,not_reported,SRC_PMC9021696,From studies.article_type
EVLINK_1519,EV_PMC9034734,background_only,,background_only,medium,not_reported,SRC_PMC9034734,From studies.article_type
EVLINK_1520,EV_PMC9037936,background_only,,background_only,medium,not_reported,SRC_PMC9037936,From studies.article_type
EVLINK_1521,EV_PMC9039301,background_only,,background_only,medium,not_reported,SRC_PMC9039301,From studies.article_type
EVLINK_1522,EV_PMC9045899,background_only,,background_only,medium,not_reported,SRC_PMC9045899,From studies.article_type
EVLINK_1523,EV_PMC9046278,background_only,,background_only,medium,not_reported,SRC_PMC9046278,From studies.article_type
EVLINK_1524,EV_PMC9058760,background_only,,background_only,medium,not_reported,SRC_PMC9058760,From studies.article_type
EVLINK_1525,EV_PMC9058861,background_only,,background_only,medium,not_reported,SRC_PMC9058861,From studies.article_type
EVLINK_1526,EV_PMC9062667,background_only,,background_only,medium,not_reported,SRC_PMC9062667,From studies.article_type
EVLINK_1527,EV_PMC9075662,background_only,,background_only,medium,not_reported,SRC_PMC9075662,From studies.article_type
EVLINK_1528,EV_PMC9076342,background_only,,background_only,medium,not_reported,SRC_PMC9076342,From studies.article_type
EVLINK_1529,EV_PMC9087351,background_only,,background_only,medium,not_reported,SRC_PMC9087351,From studies.article_type
EVLINK_1530,EV_PMC9134944,background_only,,background_only,medium,not_reported,SRC_PMC9134944,From studies.article_type
EVLINK_1531,EV_PMC9135309,background_only,,background_only,medium,not_reported,SRC_PMC9135309,From studies.article_type
EVLINK_1532,EV_PMC9139038,background_only,,background_only,medium,not_reported,SRC_PMC9139038,From studies.article_type
EVLINK_1533,EV_PMC9177139,background_only,,background_only,medium,not_reported,SRC_PMC9177139,From studies.article_type
EVLINK_1534,EV_PMC9183003,background_only,,background_only,medium,not_reported,SRC_PMC9183003,From studies.article_type
EVLINK_1535,EV_PMC9205639,background_only,,background_only,medium,not_reported,SRC_PMC9205639,From studies.article_type
EVLINK_1536,EV_PMC9224851,background_only,,background_only,medium,not_reported,SRC_PMC9224851,From studies.article_type
EVLINK_1537,EV_PMC9271890,background_only,,background_only,medium,not_reported,SRC_PMC9271890,From studies.article_type
EVLINK_1538,EV_PMC9272976,background_only,,background_only,medium,not_reported,SRC_PMC9272976,From studies.article_type
EVLINK_1539,EV_PMC9298794,background_only,,background_only,medium,not_reported,SRC_PMC9298794,From studies.article_type
EVLINK_1540,EV_PMC9298853,background_only,,background_only,medium,not_reported,SRC_PMC9298853,From studies.article_type
EVLINK_1541,EV_PMC9304617,background_only,,background_only,medium,not_reported,SRC_PMC9304617,From studies.article_type
EVLINK_1542,EV_PMC9309379,background_only,,background_only,medium,not_reported,SRC_PMC9309379,From studies.article_type
EVLINK_1543,EV_PMC9314640,background_only,,background_only,medium,not_reported,SRC_PMC9314640,From studies.article_type
EVLINK_1544,EV_PMC9314789,background_only,,background_only,medium,not_reported,SRC_PMC9314789,From studies.article_type
EVLINK_1545,EV_PMC9322944,background_only,,background_only,medium,not_reported,SRC_PMC9322944,From studies.article_type
EVLINK_1546,EV_PMC9323243,background_only,,background_only,medium,not_reported,SRC_PMC9323243,From studies.article_type
EVLINK_1547,EV_PMC9339604,background_only,,background_only,medium,not_reported,SRC_PMC9339604,From studies.article_type
EVLINK_1548,EV_PMC9342630,background_only,,background_only,medium,not_reported,SRC_PMC9342630,From studies.article_type
EVLINK_1549,EV_PMC9343616,background_only,,background_only,medium,not_reported,SRC_PMC9343616,From studies.article_type
EVLINK_1550,EV_PMC9343657,background_only,,background_only,medium,not_reported,SRC_PMC9343657,From studies.article_type
EVLINK_1551,EV_PMC9373433,background_only,,background_only,medium,not_reported,SRC_PMC9373433,From studies.article_type
EVLINK_1552,EV_PMC9377452,background_only,,background_only,medium,not_reported,SRC_PMC9377452,From studies.article_type
EVLINK_1553,EV_PMC9382234,background_only,,background_only,medium,not_reported,SRC_PMC9382234,From studies.article_type
EVLINK_1554,EV_PMC9388144,background_only,,background_only,medium,not_reported,SRC_PMC9388144,From studies.article_type
EVLINK_1555,EV_PMC9391196,background_only,,background_only,medium,not_reported,SRC_PMC9391196,From studies.article_type
EVLINK_1556,EV_PMC9399579,background_only,,background_only,medium,not_reported,SRC_PMC9399579,From studies.article_type
EVLINK_1557,EV_PMC9411170,background_only,,background_only,medium,not_reported,SRC_PMC9411170,From studies.article_type
EVLINK_1558,EV_PMC9411744,background_only,,background_only,medium,not_reported,SRC_PMC9411744,From studies.article_type
EVLINK_1559,EV_PMC9421505,background_only,,background_only,medium,not_reported,SRC_PMC9421505,From studies.article_type
EVLINK_1560,EV_PMC9433536,background_only,,background_only,medium,not_reported,SRC_PMC9433536,From studies.article_type
EVLINK_1561,EV_PMC9433808,background_only,,background_only,medium,not_reported,SRC_PMC9433808,From studies.article_type
EVLINK_1562,EV_PMC9433974,background_only,,background_only,medium,not_reported,SRC_PMC9433974,From studies.article_type
EVLINK_1563,EV_PMC9453479,background_only,,background_only,medium,not_reported,SRC_PMC9453479,From studies.article_type
EVLINK_1564,EV_PMC9464803,background_only,,background_only,medium,not_reported,SRC_PMC9464803,From studies.article_type
EVLINK_1565,EV_PMC9472125,background_only,,background_only,medium,not_reported,SRC_PMC9472125,From studies.article_type
EVLINK_1566,EV_PMC9472706,background_only,,background_only,medium,not_reported,SRC_PMC9472706,From studies.article_type
EVLINK_1567,EV_PMC9482766,background_only,,background_only,medium,not_reported,SRC_PMC9482766,From studies.article_type
EVLINK_1568,EV_PMC9483634,background_only,,background_only,medium,not_reported,SRC_PMC9483634,From studies.article_type
EVLINK_1569,EV_PMC9489908,background_only,,background_only,medium,not_reported,SRC_PMC9489908,From studies.article_type
EVLINK_1570,EV_PMC9494720,background_only,,background_only,medium,not_reported,SRC_PMC9494720,From studies.article_type
EVLINK_1571,EV_PMC9499323,background_only,,background_only,medium,not_reported,SRC_PMC9499323,From studies.article_type
EVLINK_1572,EV_PMC9502461,background_only,,background_only,medium,not_reported,SRC_PMC9502461,From studies.article_type
EVLINK_1573,EV_PMC9505443,background_only,,background_only,medium,not_reported,SRC_PMC9505443,From studies.article_type
EVLINK_1574,EV_PMC9523102,background_only,,background_only,medium,not_reported,SRC_PMC9523102,From studies.article_type
EVLINK_1575,EV_PMC9540519,background_only,,background_only,medium,not_reported,SRC_PMC9540519,From studies.article_type
EVLINK_1576,EV_PMC9547786,background_only,,background_only,medium,not_reported,SRC_PMC9547786,From studies.article_type
EVLINK_1577,EV_PMC9565129,background_only,,background_only,medium,not_reported,SRC_PMC9565129,From studies.article_type
EVLINK_1578,EV_PMC9571712,background_only,,background_only,medium,not_reported,SRC_PMC9571712,From studies.article_type
EVLINK_1579,EV_PMC9587758,background_only,,background_only,medium,not_reported,SRC_PMC9587758,From studies.article_type
EVLINK_1580,EV_PMC9589107,background_only,,background_only,medium,not_reported,SRC_PMC9589107,From studies.article_type
EVLINK_1581,EV_PMC9589108,background_only,,background_only,medium,not_reported,SRC_PMC9589108,From studies.article_type
EVLINK_1582,EV_PMC9606125,background_only,,background_only,medium,not_reported,SRC_PMC9606125,From studies.article_type
EVLINK_1583,EV_PMC9630718,background_only,,background_only,medium,not_reported,SRC_PMC9630718,From studies.article_type
EVLINK_1584,EV_PMC9645655,background_only,,background_only,medium,not_reported,SRC_PMC9645655,From studies.article_type
EVLINK_1585,EV_PMC9646496,background_only,,background_only,medium,not_reported,SRC_PMC9646496,From studies.article_type
EVLINK_1586,EV_PMC9647535,background_only,,background_only,medium,not_reported,SRC_PMC9647535,From studies.article_type
EVLINK_1587,EV_PMC9653646,background_only,,background_only,medium,not_reported,SRC_PMC9653646,From studies.article_type
EVLINK_1588,EV_PMC9657988,background_only,,background_only,medium,not_reported,SRC_PMC9657988,From studies.article_type
EVLINK_1589,EV_PMC9665873,background_only,,background_only,medium,not_reported,SRC_PMC9665873,From studies.article_type
EVLINK_1590,EV_PMC9703974,background_only,,background_only,medium,not_reported,SRC_PMC9703974,From studies.article_type
EVLINK_1591,EV_PMC9713166,background_only,,background_only,medium,not_reported,SRC_PMC9713166,From studies.article_type
EVLINK_1592,EV_PMC9720858,background_only,,background_only,medium,not_reported,SRC_PMC9720858,From studies.article_type
EVLINK_1593,EV_PMC9722394,background_only,,background_only,medium,not_reported,SRC_PMC9722394,From studies.article_type
EVLINK_1594,EV_PMC9731572,background_only,,background_only,medium,not_reported,SRC_PMC9731572,From studies.article_type
EVLINK_1595,EV_PMC9732807,background_only,,background_only,medium,not_reported,SRC_PMC9732807,From studies.article_type
EVLINK_1596,EV_PMC9733771,background_only,,background_only,medium,not_reported,SRC_PMC9733771,From studies.article_type
EVLINK_1597,EV_PMC9762051,background_only,,background_only,medium,not_reported,SRC_PMC9762051,From studies.article_type
EVLINK_1598,EV_PMC9775029,background_only,,background_only,medium,not_reported,SRC_PMC9775029,From studies.article_type
EVLINK_1599,EV_PMC9793407,background_only,,background_only,medium,not_reported,SRC_PMC9793407,From studies.article_type
EVLINK_1600,EV_PMC9823873,background_only,,background_only,medium,not_reported,SRC_PMC9823873,From studies.article_type
EVLINK_1601,EV_PMC9837245,background_only,,background_only,medium,not_reported,SRC_PMC9837245,From studies.article_type
EVLINK_1602,EV_PMC9853339,background_only,,background_only,medium,not_reported,SRC_PMC9853339,From studies.article_type
EVLINK_1603,EV_PMC9869134,background_only,,background_only,medium,not_reported,SRC_PMC9869134,From studies.article_type
EVLINK_1604,EV_PMC9869382,background_only,,background_only,medium,not_reported,SRC_PMC9869382,From studies.article_type
EVLINK_1605,EV_PMC9871806,background_only,,background_only,medium,not_reported,SRC_PMC9871806,From studies.article_type
EVLINK_1606,EV_PMC9892761,background_only,,background_only,medium,not_reported,SRC_PMC9892761,From studies.article_type
EVLINK_1607,EV_PMC9900395,background_only,,background_only,medium,not_reported,SRC_PMC9900395,From studies.article_type
EVLINK_1608,EV_PMC9911305,background_only,,background_only,medium,not_reported,SRC_PMC9911305,From studies.article_type
EVLINK_1609,EV_PMC9917719,background_only,,background_only,medium,not_reported,SRC_PMC9917719,From studies.article_type
EVLINK_1610,EV_PMC9925470,background_only,,background_only,medium,not_reported,SRC_PMC9925470,From studies.article_type
EVLINK_1611,EV_PMC9927597,background_only,,background_only,medium,not_reported,SRC_PMC9927597,From studies.article_type
EVLINK_1612,EV_PMC9934728,background_only,,background_only,medium,not_reported,SRC_PMC9934728,From studies.article_type
EVLINK_1613,EV_PMC9965810,background_only,,background_only,medium,not_reported,SRC_PMC9965810,From studies.article_type
EVLINK_1614,EV_PMC9995819,background_only,,background_only,medium,not_reported,SRC_PMC9995819,From studies.article_type
EVLINK_1615,EV_PMC9997722,background_only,,background_only,medium,not_reported,SRC_PMC9997722,From studies.article_type
EVLINK_1617,EV_VBIT_0001,method_atom,ATOM_data_import,method_atom,high,system is not without criticism,SRC_PMC12877426,From acquisition.device_brand_model
EVLINK_1618,EV_VBIT_0002,method_atom,ATOM_data_import,method_atom,high,85 channels,SRC_PMC12877426,From acquisition.channels_n
EVLINK_1619,EV_VBIT_0003,method_atom,ATOM_data_import,method_atom,high,system is defined at a particular angle,SRC_PMC6297380,From acquisition.device_brand_model
EVLINK_1620,EV_VBIT_0004,method_atom,ATOM_data_import,method_atom,high,HITACHI ETG,SRC_PMC5603769,From acquisition.device_brand_model
EVLINK_1621,EV_VBIT_0005,method_atom,ATOM_data_import,method_atom,high,24 channels,SRC_PMC5603769,From acquisition.channels_n
EVLINK_1622,EV_VBIT_0006,method_atom,ATOM_data_import,method_atom,high,wavelengths of 760 and 850 nm,SRC_PMC12617279,From acquisition.wavelengths_nm
EVLINK_1623,EV_VBIT_0007,method_atom,ATOM_data_import,method_atom,high,84 channels covering,SRC_PMC12617279,From acquisition.channels_n
EVLINK_1624,EV_VBIT_0008,method_atom,ATOM_data_import,method_atom,high,device is equipped with low-power optodes for the frontal cortex and high-power optodes for the sensorimotor cortex,SRC_PMC10740927,From acquisition.device_brand_model
EVLINK_1625,EV_VBIT_0009,method_atom,ATOM_data_import,method_atom,high,12 channels,SRC_PMC10740927,From acquisition.channels_n
EVLINK_1626,EV_VBIT_0010,method_atom,ATOM_data_import,method_atom,high,system is the characteristics of the ADC,SRC_PMC10610697,From acquisition.device_brand_model
EVLINK_1627,EV_VBIT_0011,method_atom,ATOM_data_import,method_atom,high,sampling rate of 500 Hz,SRC_PMC10610697,From acquisition.sampling_rate_hz
EVLINK_1628,EV_VBIT_0012,method_atom,ATOM_data_import,method_atom,high,system is equipped with two halogen bulbs emitting light in the NIR range,SRC_PMC7889942,From acquisition.device_brand_model
EVLINK_1629,EV_VBIT_0013,method_atom,ATOM_data_import,method_atom,high,system is made of a portable box,SRC_PMC6336925,From acquisition.device_brand_model
EVLINK_1630,EV_VBIT_0014,method_atom,ATOM_data_import,method_atom,high,16 channels,SRC_PMC6336925,From acquisition.channels_n
EVLINK_1631,EV_VBIT_0015,method_atom,ATOM_data_import,method_atom,high,46 channels was,SRC_PMC6239960,From acquisition.channels_n
EVLINK_1632,EV_VBIT_0016,method_atom,ATOM_data_import,method_atom,high,system was acquired thanks to a grant from the Canadian Foundation for Innovation,SRC_PMC4801878,From acquisition.device_brand_model
EVLINK_1633,EV_VBIT_0017,method_atom,ATOM_data_import,method_atom,high,sampling frequency 1000 Hz,SRC_PMC4801878,From acquisition.sampling_rate_hz
EVLINK_1634,EV_VBIT_0018,method_atom,ATOM_data_import,method_atom,high,Shimadzu Co,SRC_PMC2749167,From acquisition.device_brand_model
EVLINK_1635,EV_VBIT_0019,method_atom,ATOM_data_import,method_atom,high,21 channels,SRC_PMC2749167,From acquisition.channels_n
EVLINK_1636,EV_VBIT_0020,method_atom,ATOM_data_import,method_atom,high,system is equipped with precise force sensors and a depth-sensing camera and delivers real-time visual and auditory feedback through immersive,SRC_PMC13324129,From acquisition.device_brand_model
EVLINK_1637,EV_VBIT_0021,method_atom,ATOM_data_import,method_atom,high,wavelengths of 730 nm and 850 nm,SRC_PMC13324129,From acquisition.wavelengths_nm
EVLINK_1638,EV_VBIT_0022,method_atom,ATOM_data_import,method_atom,high,sampling rate of 11 Hz,SRC_PMC13324129,From acquisition.sampling_rate_hz
EVLINK_1639,EV_VBIT_0023,method_atom,ATOM_data_import,method_atom,high,sampling rate of 10 Hz,SRC_PMC13108770,From acquisition.sampling_rate_hz
EVLINK_1640,EV_VBIT_0024,method_atom,ATOM_data_import,method_atom,high,device was calibrated at 95,SRC_PMC12375658,From acquisition.device_brand_model
EVLINK_1641,EV_VBIT_0025,method_atom,ATOM_data_import,method_atom,high,wavelengths of 695 and 830 nm,SRC_PMC12375658,From acquisition.wavelengths_nm
EVLINK_1642,EV_VBIT_0026,method_atom,ATOM_data_import,method_atom,high,sampling rate of 20 Hz,SRC_PMC12375658,From acquisition.sampling_rate_hz
EVLINK_1643,EV_VBIT_0027,method_atom,ATOM_data_import,method_atom,high,41 channels,SRC_PMC12375658,From acquisition.channels_n
EVLINK_1644,EV_VBIT_0028,method_atom,ATOM_data_import,method_atom,high,sampling rate of 10 Hz,SRC_PMC12081164,From acquisition.sampling_rate_hz
EVLINK_1645,EV_VBIT_0029,method_atom,ATOM_data_import,method_atom,high,30 channels,SRC_PMC12081164,From acquisition.channels_n
EVLINK_1646,EV_VBIT_0030,method_atom,ATOM_data_import,method_atom,high,instrument is contained inside a,SRC_PMC11598675,From acquisition.device_brand_model
EVLINK_1647,EV_VBIT_0031,method_atom,ATOM_data_import,method_atom,high,685 nm and 830 nm,SRC_PMC11598675,From acquisition.wavelengths_nm
EVLINK_1648,EV_VBIT_0032,method_atom,ATOM_data_import,method_atom,high,730 nm and 850 nm,SRC_PMC11191237,From acquisition.wavelengths_nm
EVLINK_1649,EV_VBIT_0033,method_atom,ATOM_data_import,method_atom,high,20 channels,SRC_PMC11191237,From acquisition.channels_n
EVLINK_1650,EV_VBIT_0034,method_atom,ATOM_data_import,method_atom,high,48 channels,SRC_PMC10665481,From acquisition.channels_n
EVLINK_1652,EV_VBIT_0036,method_atom,ATOM_data_import,method_atom,high,sampling rate of 11 Hz,SRC_PMC9682186,From acquisition.sampling_rate_hz
EVLINK_1653,EV_VBIT_0037,method_atom,ATOM_data_import,method_atom,high,35 channels,SRC_PMC9682186,From acquisition.channels_n
EVLINK_1654,EV_VBIT_0038,method_atom,ATOM_data_import,method_atom,high,device was utilized to capture neurovascular measures of activation,SRC_PMC7821565,From acquisition.device_brand_model
EVLINK_1655,EV_VBIT_0039,method_atom,ATOM_data_import,method_atom,high,wavelengths of 760 nm and 850 nm,SRC_PMC7821565,From acquisition.wavelengths_nm
EVLINK_1656,EV_VBIT_0040,method_atom,ATOM_data_import,method_atom,high,15 channels,SRC_PMC7821565,From acquisition.channels_n
EVLINK_1657,EV_VBIT_0041,method_atom,ATOM_data_import,method_atom,high,system is used as the basic function of the spectral curve,SRC_PMC5946767,From acquisition.device_brand_model
EVLINK_1658,EV_VBIT_0042,method_atom,ATOM_data_import,method_atom,high,instrument was first calibrated on a solid silicon phantom,SRC_PMC4524732,From acquisition.device_brand_model
EVLINK_1659,EV_VBIT_0043,method_atom,ATOM_data_import,method_atom,high,32 channels were,SRC_PMC4497661,From acquisition.channels_n
EVLINK_1660,EV_VBIT_0044,method_atom,ATOM_data_import,method_atom,high,"690 nm, 785 nm",SRC_PMC4023650,From acquisition.wavelengths_nm
EVLINK_1661,EV_VBIT_0045,method_atom,ATOM_data_import,method_atom,high,Hamamatsu Photonics,SRC_PMC3134125,From acquisition.device_brand_model
EVLINK_1662,EV_VBIT_0046,method_atom,ATOM_data_import,method_atom,high,wavelengths of 690 and 830 nm,SRC_PMC3134125,From acquisition.wavelengths_nm
EVLINK_1663,EV_VBIT_0047,method_atom,ATOM_data_import,method_atom,high,system was used to estimate and display the brain activation signal,SRC_PMC2758631,From acquisition.device_brand_model
EVLINK_1664,EV_VBIT_0048,method_atom,ATOM_data_import,method_atom,high,690 nm and 830 nm,SRC_PMC2758631,From acquisition.wavelengths_nm
EVLINK_1665,EV_VBIT_0049,method_atom,ATOM_data_import,method_atom,high,device was positioned on the participant,SRC_PMC12938511,From acquisition.device_brand_model
EVLINK_1666,EV_VBIT_0050,method_atom,ATOM_data_import,method_atom,high,wavelengths of 780 nm and 850 nm,SRC_PMC12938511,From acquisition.wavelengths_nm
EVLINK_1667,EV_VBIT_0051,method_atom,ATOM_data_import,method_atom,high,"760nm, 850nm",SRC_PMC12803311,From acquisition.wavelengths_nm
EVLINK_1668,EV_VBIT_0052,method_atom,ATOM_data_import,method_atom,high,30 channels,SRC_PMC12803311,From acquisition.channels_n
EVLINK_1669,EV_VBIT_0053,method_atom,ATOM_data_import,method_atom,high,sampling rate of 8.719 Hz,SRC_PMC12747172,From acquisition.sampling_rate_hz
EVLINK_1670,EV_VBIT_0054,method_atom,ATOM_data_import,method_atom,high,28 channels,SRC_PMC12747172,From acquisition.channels_n
EVLINK_1671,EV_VBIT_0055,method_atom,ATOM_data_import,method_atom,high,wavelengths of 760 and 850 nm,SRC_PMC12618017,From acquisition.wavelengths_nm
EVLINK_1672,EV_VBIT_0056,method_atom,ATOM_data_import,method_atom,high,sampling frequency of 8.719 Hz,SRC_PMC12618017,From acquisition.sampling_rate_hz
EVLINK_1673,EV_VBIT_0057,method_atom,ATOM_data_import,method_atom,high,695 nm and 830 nm,SRC_PMC12549712,From acquisition.wavelengths_nm
EVLINK_1674,EV_VBIT_0058,method_atom,ATOM_data_import,method_atom,high,22 channels,SRC_PMC12549712,From acquisition.channels_n
EVLINK_1675,EV_VBIT_0059,method_atom,ATOM_data_import,method_atom,high,16 channels,SRC_PMC12468679,From acquisition.channels_n
EVLINK_1676,EV_VBIT_0060,method_atom,ATOM_data_import,method_atom,high,Hitachi Medical,SRC_PMC9917717,From acquisition.device_brand_model
EVLINK_1677,EV_VBIT_0061,method_atom,ATOM_data_import,method_atom,high,sampling rate of 10 Hz,SRC_PMC9917717,From acquisition.sampling_rate_hz
EVLINK_1678,EV_VBIT_0062,method_atom,ATOM_data_import,method_atom,high,20 channels,SRC_PMC9917717,From acquisition.channels_n
EVLINK_1679,EV_VBIT_0063,method_atom,ATOM_data_import,method_atom,high,wavelengths of 760 and 830 nm,SRC_PMC9003428,From acquisition.wavelengths_nm
EVLINK_1680,EV_VBIT_0064,method_atom,ATOM_data_import,method_atom,high,instrument called optoHIVE was used to detect cortical brain activity,SRC_PMC8901194,From acquisition.device_brand_model
EVLINK_1681,EV_VBIT_0065,method_atom,ATOM_data_import,method_atom,high,sampling frequency of 8.98 Hz,SRC_PMC8901194,From acquisition.sampling_rate_hz
EVLINK_1682,EV_VBIT_0066,method_atom,ATOM_data_import,method_atom,high,16 channels were,SRC_PMC8901194,From acquisition.channels_n
EVLINK_1683,EV_VBIT_0067,background_only,,background_only,high,motion correction,SRC_PMC13269331,From preprocessing_methods.motion_correction
EVLINK_1684,EV_VBIT_0068,method_atom,ATOM_motion_correction,method_atom,high,Motion Artifact Correction,SRC_PMC13244843,From preprocessing_methods.motion_correction
EVLINK_1685,EV_VBIT_0069,background_only,,background_only,high,wavelet transform,SRC_PMC13136355,From preprocessing_methods.motion_correction
EVLINK_1686,EV_VBIT_0070,background_only,,background_only,high,5-fold cross-validation,SRC_PMC13136355,From analysis_methods.cv_scheme
EVLINK_1687,EV_VBIT_0071,background_only,,background_only,high,leave-one-subject,SRC_PMC13136355,From analysis_methods.validation_unit
EVLINK_1688,EV_VBIT_0072,background_only,,background_only,high,wavelet transform,SRC_PMC11564592,From preprocessing_methods.motion_correction
EVLINK_1689,EV_VBIT_0073,background_only,,background_only,high,leave-one-subject,SRC_PMC11564592,From analysis_methods.validation_unit
EVLINK_1690,EV_VBIT_0074,method_atom,ATOM_motion_correction,method_atom,high,motion artifact correction,SRC_PMC10790918,From preprocessing_methods.motion_correction
EVLINK_1691,EV_VBIT_0075,background_only,,background_only,high,nested cross-validation,SRC_PMC10790918,From analysis_methods.cv_scheme
EVLINK_1692,EV_VBIT_0076,background_only,,background_only,high,wavelet transform,SRC_PMC10549729,From preprocessing_methods.motion_correction
EVLINK_1693,EV_VBIT_0077,background_only,,background_only,high,short channel regression,SRC_PMC8066873,From preprocessing_methods.short_channel_regression
EVLINK_1694,EV_VBIT_0078,background_only,,background_only,high,canonical hemodynamic response,SRC_PMC8066873,From analysis_methods.hrf_model
EVLINK_1695,EV_VBIT_0079,background_only,,background_only,high,Leave one subject,SRC_PMC8066873,From analysis_methods.validation_unit
EVLINK_1696,EV_VBIT_0080,background_only,,background_only,high,leave-one-subject-out,SRC_PMC7892769,From analysis_methods.cv_scheme
EVLINK_1697,EV_VBIT_0081,background_only,,background_only,high,leave-one-subject,SRC_PMC7892769,From analysis_methods.validation_unit
EVLINK_1698,EV_VBIT_0082,method_atom,ATOM_motion_correction,method_atom,high,Motion artifact detection,SRC_PMC7824905,From preprocessing_methods.motion_correction
EVLINK_1699,EV_VBIT_0083,background_only,,background_only,high,canonical hemodynamic response,SRC_PMC7824905,From analysis_methods.hrf_model
EVLINK_1700,EV_VBIT_0084,background_only,,background_only,high,canonical hemodynamic response,SRC_PMC5512010,From analysis_methods.hrf_model
EVLINK_1701,EV_VBIT_0085,background_only,,background_only,high,motion correction,SRC_PMC13291161,From preprocessing_methods.motion_correction
EVLINK_1702,EV_VBIT_0086,background_only,,background_only,high,5-fold cross-validation,SRC_PMC13291161,From analysis_methods.cv_scheme
EVLINK_1703,EV_VBIT_0087,background_only,,background_only,high,5-fold cross-validation,SRC_PMC13119916,From analysis_methods.cv_scheme
EVLINK_1704,EV_VBIT_0088,background_only,,background_only,high,short-channel regression,SRC_PMC12581266,From preprocessing_methods.short_channel_regression
EVLINK_1705,EV_VBIT_0089,background_only,,background_only,high,Wavelet Transform,SRC_PMC12286323,From preprocessing_methods.motion_correction
EVLINK_1706,EV_VBIT_0090,background_only,,background_only,high,5-fold cross-validation,SRC_PMC12105807,From analysis_methods.cv_scheme
EVLINK_1707,EV_VBIT_0091,background_only,,background_only,high,wavelet transform,SRC_PMC11918759,From preprocessing_methods.motion_correction
EVLINK_1708,EV_VBIT_0092,background_only,,background_only,high,leave-one-subject-out,SRC_PMC11918759,From analysis_methods.cv_scheme
EVLINK_1709,EV_VBIT_0093,background_only,,background_only,high,leave-one-subject,SRC_PMC11918759,From analysis_methods.validation_unit
EVLINK_1710,EV_VBIT_0094,background_only,,background_only,high,short-channel regression,SRC_PMC12270413,From preprocessing_methods.short_channel_regression
EVLINK_1711,EV_VBIT_0095,background_only,,background_only,high,"processing pipeline included channel pruning, conversion, MA correction, band-pass filtering, and image reconstruction based on the default source-detector layout, including Jacob",SRC_PMC12270413,From preprocessing_methods.preprocessing_pipeline
EVLINK_1712,EV_VBIT_0096,background_only,,background_only,high,canonical hemodynamic response,SRC_PMC10295283,From analysis_methods.hrf_model
EVLINK_1713,EV_VBIT_0097,background_only,,background_only,high,short channel regression,SRC_PMC9896013,From preprocessing_methods.short_channel_regression
EVLINK_1714,EV_VBIT_0098,background_only,,background_only,high,short channel regression,SRC_PMC9174890,From preprocessing_methods.short_channel_regression
EVLINK_1715,EV_VBIT_0099,background_only,,background_only,high,GLM was employed,SRC_PMC9174890,From analysis_methods.glm_model
EVLINK_1716,EV_VBIT_0100,background_only,,background_only,high,spline interpolation,SRC_PMC5605645,From preprocessing_methods.motion_correction
EVLINK_1717,EV_VBIT_0101,method_atom,ATOM_motion_correction,method_atom,high,motion artifact correction,SRC_PMC5380755,From preprocessing_methods.motion_correction
EVLINK_1718,EV_VBIT_0102,method_atom,ATOM_motion_correction,method_atom,high,motion artifact correction,SRC_PMC13210414,From preprocessing_methods.motion_correction
EVLINK_1719,EV_VBIT_0103,background_only,,background_only,high,short-channel regression,SRC_PMC13210414,From preprocessing_methods.short_channel_regression
EVLINK_1720,EV_VBIT_0104,background_only,,background_only,high,"preprocessing pipeline was applied in the following order. First, noisy channels were detected and corrected. For each channel, the coefficient of variation (CV) was computed as",SRC_PMC13210414,From preprocessing_methods.preprocessing_pipeline
EVLINK_1721,EV_VBIT_0105,background_only,,background_only,high,leave-one-subject-out,SRC_PMC13210414,From analysis_methods.cv_scheme
EVLINK_1722,EV_VBIT_0106,background_only,,background_only,high,leave-one-subject,SRC_PMC13210414,From analysis_methods.validation_unit
EVLINK_1723,EV_VBIT_0107,background_only,,background_only,high,motion correction,SRC_PMC12781209,From preprocessing_methods.motion_correction
EVLINK_1724,EV_VBIT_0108,background_only,,background_only,high,spline correction,SRC_PMC12673338,From preprocessing_methods.motion_correction
EVLINK_1725,EV_VBIT_0109,background_only,,background_only,high,short-channel regression,SRC_PMC12673338,From preprocessing_methods.short_channel_regression
EVLINK_1726,EV_VBIT_0110,background_only,,background_only,high,Wavelet Transform,SRC_PMC12627794,From preprocessing_methods.motion_correction
EVLINK_1727,EV_VBIT_0111,background_only,,background_only,high,"preprocessing pipeline was conducted using MATLAB to extract critical information from raw files, including metadata, event markers (types and timestamps), channel configuration",SRC_PMC12627794,From preprocessing_methods.preprocessing_pipeline
EVLINK_1728,EV_VBIT_0112,background_only,,background_only,high,motion correction,SRC_PMC12157042,From preprocessing_methods.motion_correction
EVLINK_1729,EV_VBIT_0113,background_only,,background_only,high,"processing procedure was conducted in two distinct phases: one for EEG signals and the other for fNIRS signals. Due to the inherent temporal resolution of EEG signals, they ar",SRC_PMC12157042,From preprocessing_methods.preprocessing_pipeline
EVLINK_1730,EV_VBIT_0114,background_only,,background_only,high,code are available at,SRC_PMC12407257,From analysis_methods.data_code_availability
EVLINK_1731,EV_VBIT_0115,background_only,,background_only,high,leave-one-subject,SRC_PMC11110533,From analysis_methods.validation_unit
EVLINK_1732,EV_VBIT_0116,background_only,,background_only,high,motion correction,SRC_PMC10942712,From preprocessing_methods.motion_correction
EVLINK_1733,EV_VBIT_0117,background_only,,background_only,high,0.01-0.08 Hz band-pass,SRC_PMC10942712,From preprocessing_methods.filter_settings
EVLINK_1734,EV_VBIT_0118,background_only,,background_only,high,leave-one-subject-out,SRC_PMC11154386,From analysis_methods.cv_scheme
EVLINK_1735,EV_VBIT_0119,background_only,,background_only,high,leave-one-subject,SRC_PMC11154386,From analysis_methods.validation_unit
EVLINK_1736,EV_VBIT_0120,background_only,,background_only,high,"processing steps were performed on a personal computer equipped with an Intel Core i7-12700F 4.9-GHz CPU, 512 GB of memory, and NVIDIA GEForce RTX 3080 Ti GPU. The models w",SRC_PMC10362671,From preprocessing_methods.preprocessing_pipeline
EVLINK_1737,EV_VBIT_0121,background_only,,background_only,high,wavelet transform,SRC_PMC10137986,From preprocessing_methods.motion_correction
EVLINK_1738,EV_VBIT_0122,background_only,,background_only,high,"preprocessing procedure included MeanFilt, MedFilt, and MAS to obtain the preprocessed data, which was then used for subsequent analyses. In addition, to more clearly observe the effe",SRC_PMC10137986,From preprocessing_methods.preprocessing_pipeline
EVLINK_1739,EV_VBIT_0123,background_only,,background_only,high,spline interpolation,SRC_PMC9742284,From preprocessing_methods.motion_correction
EVLINK_1740,EV_VBIT_0124,method_atom,ATOM_motion_correction,method_atom,high,Motion Artifact Correction,SRC_PMC9692288,From preprocessing_methods.motion_correction
EVLINK_1741,EV_VBIT_0125,background_only,,background_only,high,leave-one-subject,SRC_PMC9692288,From analysis_methods.validation_unit
EVLINK_1742,EV_VBIT_0126,background_only,,background_only,high,spline interpolation,SRC_PMC8263279,From preprocessing_methods.motion_correction
EVLINK_1743,EV_VBIT_0127,background_only,,background_only,high,10-fold cross-validation,SRC_PMC7677412,From analysis_methods.cv_scheme
EVLINK_1744,EV_VBIT_0128,background_only,,background_only,high,10-fold cross validation,SRC_PMC5829061,From analysis_methods.cv_scheme
EVLINK_1745,EV_VBIT_0129,method_atom,ATOM_motion_correction,method_atom,high,motion artifact correction,SRC_PMC12714936,From preprocessing_methods.motion_correction
EVLINK_1746,EV_VBIT_0130,background_only,,background_only,high,short-channel regression,SRC_PMC12714936,From preprocessing_methods.short_channel_regression
EVLINK_1747,EV_VBIT_0131,background_only,,background_only,high,motion detection,SRC_PMC11314658,From preprocessing_methods.motion_correction
EVLINK_1748,EV_VBIT_0132,background_only,,background_only,high,Short-channel regression,SRC_PMC9555616,From preprocessing_methods.short_channel_regression
EVLINK_1749,EV_VBIT_0133,background_only,,background_only,high,short channel regression,SRC_PMC9386281,From preprocessing_methods.short_channel_regression
EVLINK_1750,EV_VBIT_0134,background_only,,background_only,high,short channel regression,SRC_PMC9116886,From preprocessing_methods.short_channel_regression
EVLINK_1751,EV_VBIT_0135,background_only,,background_only,high,data are available at,SRC_PMC9116886,From analysis_methods.data_code_availability
EVLINK_1752,EV_VBIT_0136,background_only,,background_only,high,wavelet transform,SRC_PMC8093202,From preprocessing_methods.motion_correction
EVLINK_1753,EV_VBIT_0137,background_only,,background_only,high,canonical hemodynamic response,SRC_PMC7829673,From analysis_methods.hrf_model
EVLINK_1754,EV_VBIT_0138,background_only,,background_only,high,short channel regression,SRC_PMC7511246,From preprocessing_methods.short_channel_regression
EVLINK_1755,EV_VBIT_0139,background_only,,background_only,high,spline interpolation,SRC_PMC5971219,From preprocessing_methods.motion_correction
EVLINK_1756,EV_VBIT_0140,background_only,,background_only,high,motion correction,SRC_PMC4619753,From preprocessing_methods.motion_correction
EVLINK_1757,EV_VBIT_0141,background_only,,background_only,high,canonical hemodynamic response,SRC_PMC3756568,From analysis_methods.hrf_model
EVLINK_1758,EV_VBIT_0142,background_only,,background_only,high,short channel regression,SRC_PMC3665655,From preprocessing_methods.short_channel_regression
EVLINK_1759,EV_VBIT_0143,background_only,,background_only,high,motion correction,SRC_PMC3348501,From preprocessing_methods.motion_correction
EVLINK_1760,EV_VBIT_0144,method_atom,ATOM_data_import,method_atom,high,28 channels were,SRC_PMC3288700,From acquisition.channels_n
EVLINK_1761,EV_VBIT_0145,method_atom,ATOM_data_import,method_atom,high,Shimadzu Corporation,SRC_PMC13030481,From acquisition.device_brand_model
EVLINK_1762,EV_VBIT_0146,method_atom,ATOM_data_import,method_atom,high,760 nm and 850 nm,SRC_PMC12912286,From acquisition.wavelengths_nm
EVLINK_1763,EV_VBIT_0147,method_atom,ATOM_data_import,method_atom,high,sampling frequency of 7.81 Hz,SRC_PMC12912286,From acquisition.sampling_rate_hz
EVLINK_1764,EV_VBIT_0148,method_atom,ATOM_data_import,method_atom,high,760 nm and 850 nm,SRC_PMC11945418,From acquisition.wavelengths_nm
EVLINK_1765,EV_VBIT_0149,background_only,,background_only,high,wavelet transform,SRC_PMC11945418,From preprocessing_methods.motion_correction
EVLINK_1766,EV_VBIT_0150,method_atom,ATOM_data_import,method_atom,high,24 channels were,SRC_PMC12179319,From acquisition.channels_n
EVLINK_1767,EV_VBIT_0151,method_atom,ATOM_data_import,method_atom,high,760 nm and 850 nm,SRC_PMC11125330,From acquisition.wavelengths_nm
EVLINK_1768,EV_VBIT_0152,method_atom,ATOM_data_import,method_atom,high,sampling frequency of 10 Hz,SRC_PMC11125330,From acquisition.sampling_rate_hz
EVLINK_1769,EV_VBIT_0153,method_atom,ATOM_data_import,method_atom,high,wavelengths of 780 and 850,SRC_PMC10741372,From acquisition.wavelengths_nm
EVLINK_1770,EV_VBIT_0154,method_atom,ATOM_data_import,method_atom,high,685 nm and 830 nm,SRC_PMC8831678,From acquisition.wavelengths_nm
EVLINK_1771,EV_VBIT_0155,method_atom,ATOM_data_import,method_atom,high,50 channels in total,SRC_PMC8831678,From acquisition.channels_n
EVLINK_1772,EV_VBIT_0156,method_atom,ATOM_data_import,method_atom,high,acquired at 0.33 Hz,SRC_PMC8170390,From acquisition.sampling_rate_hz
EVLINK_1773,EV_VBIT_0157,method_atom,ATOM_data_import,method_atom,high,695 nm and 830 nm,SRC_PMC7745044,From acquisition.wavelengths_nm
EVLINK_1774,EV_VBIT_0158,background_only,,background_only,high,wavelet transform,SRC_PMC7745044,From preprocessing_methods.motion_correction
EVLINK_1775,EV_VBIT_0159,method_atom,ATOM_data_import,method_atom,high,690 nm and 830 nm,SRC_PMC7703677,From acquisition.wavelengths_nm
EVLINK_1776,EV_VBIT_0160,method_atom,ATOM_data_import,method_atom,high,acquired at 50 Hz,SRC_PMC7703677,From acquisition.sampling_rate_hz
EVLINK_1777,EV_VBIT_0161,method_atom,ATOM_data_import,method_atom,high,wavelengths 760 and 850,SRC_PMC6769087,From acquisition.wavelengths_nm
EVLINK_1778,EV_VBIT_0162,method_atom,ATOM_data_import,method_atom,high,785 nm and 830 nm,SRC_PMC6191612,From acquisition.wavelengths_nm
EVLINK_1779,EV_VBIT_0163,method_atom,ATOM_data_import,method_atom,high,48 channels in total,SRC_PMC6191612,From acquisition.channels_n
EVLINK_1780,EV_VBIT_0164,background_only,,background_only,high,wavelet transform,SRC_PMC6191612,From preprocessing_methods.motion_correction
EVLINK_1781,EV_VBIT_0165,method_atom,ATOM_data_import,method_atom,high,Hamamatsu Photonics,SRC_PMC6323003,From acquisition.device_brand_model
EVLINK_1782,EV_VBIT_0166,background_only,,background_only,high,wavelet transform,SRC_PMC6323003,From preprocessing_methods.motion_correction
EVLINK_1783,EV_VBIT_0167,method_atom,ATOM_data_import,method_atom,high,760 nm and 850 nm,SRC_PMC5766679,From acquisition.wavelengths_nm
EVLINK_1784,EV_VBIT_0168,method_atom,ATOM_data_import,method_atom,high,760 nm and 850 nm,SRC_PMC5175555,From acquisition.wavelengths_nm
EVLINK_1785,EV_VBIT_0169,background_only,,background_only,high,data accessible in,SRC_PMC5175555,From acquisition.data_code_availability
EVLINK_1786,EV_VBIT_0170,method_atom,ATOM_data_import,method_atom,high,760 nm and 850 nm,SRC_PMC3859838,From acquisition.wavelengths_nm
EVLINK_1787,EV_VBIT_0171,method_atom,ATOM_data_import,method_atom,high,690 nm and 830 nm,SRC_PMC13199322,From acquisition.wavelengths_nm
EVLINK_1788,EV_VBIT_0172,method_atom,ATOM_data_import,method_atom,high,785 nm and 830 nm,SRC_PMC12717063,From acquisition.wavelengths_nm
EVLINK_1789,EV_VBIT_0173,background_only,,background_only,high,wavelet transform,SRC_PMC12634216,From preprocessing_methods.motion_correction
EVLINK_1790,EV_VBIT_0174,method_atom,ATOM_data_import,method_atom,high,sampling frequency of 25 Hz,SRC_PMC12319887,From acquisition.sampling_rate_hz
EVLINK_1791,EV_VBIT_0175,background_only,,background_only,high,wavelet transform,SRC_PMC12319887,From preprocessing_methods.motion_correction
EVLINK_1792,EV_VBIT_0176,method_atom,ATOM_data_import,method_atom,high,690 nm and 830 nm,SRC_PMC11679141,From acquisition.wavelengths_nm
EVLINK_1793,EV_VBIT_0177,background_only,,background_only,high,wavelet transform,SRC_PMC11679141,From preprocessing_methods.motion_correction
EVLINK_1794,EV_VBIT_0178,background_only,,background_only,high,wavelet transform,SRC_PMC11059326,From preprocessing_methods.motion_correction
EVLINK_1795,EV_VBIT_0179,method_atom,ATOM_data_import,method_atom,high,759 nm and 841 nm,SRC_PMC10199511,From acquisition.wavelengths_nm
EVLINK_1796,EV_VBIT_0180,method_atom,ATOM_data_import,method_atom,high,wavelengths of 760 and 850,SRC_PMC10146128,From acquisition.wavelengths_nm
EVLINK_1797,EV_VBIT_0181,method_atom,ATOM_data_import,method_atom,high,wavelengths of 760 and 850,SRC_PMC9775029,From acquisition.wavelengths_nm
EVLINK_1798,EV_VBIT_0182,method_atom,ATOM_data_import,method_atom,high,sampling frequency of 50 Hz,SRC_PMC9775029,From acquisition.sampling_rate_hz
EVLINK_1799,EV_VBIT_0183,method_atom,ATOM_data_import,method_atom,high,wavelengths of 695 and 830,SRC_PMC7985709,From acquisition.wavelengths_nm
EVLINK_1800,EV_VBIT_0184,background_only,,background_only,high,wavelet transform,SRC_PMC7985709,From preprocessing_methods.motion_correction
EVLINK_1801,EV_VBIT_0185,background_only,,background_only,high,wavelet transform,SRC_PMC6824917,From preprocessing_methods.motion_correction
EVLINK_1802,EV_VBIT_0186,background_only,,background_only,high,wavelet transform,SRC_PMC6387909,From preprocessing_methods.motion_correction
EVLINK_1803,EV_VBIT_0187,method_atom,ATOM_data_import,method_atom,high,sampling frequency of 100 Hz,SRC_PMC5562388,From acquisition.sampling_rate_hz
EVLINK_1804,EV_VBIT_0188,background_only,,background_only,high,wavelet transform,SRC_PMC5565675,From preprocessing_methods.motion_correction
EVLINK_1805,EV_VBIT_0189,method_atom,ATOM_data_import,method_atom,high,sampling at 0.1 Hz,SRC_PMC5772737,From acquisition.sampling_rate_hz
EVLINK_1806,EV_VBIT_0190,method_atom,ATOM_data_import,method_atom,high,695 nm and 830 nm,SRC_PMC5026156,From acquisition.wavelengths_nm
EVLINK_1807,EV_VBIT_0191,method_atom,ATOM_data_import,method_atom,high,384 channels were,SRC_PMC4408240,From acquisition.channels_n
EVLINK_1808,EV_VBIT_0192,method_atom,ATOM_data_import,method_atom,high,Hamamatsu Photonics,SRC_PMC4258229,From acquisition.device_brand_model
EVLINK_1809,EV_VBIT_0193,method_atom,ATOM_data_import,method_atom,high,830 nm and 690 nm,SRC_PMC2806654,From acquisition.wavelengths_nm
EVLINK_1810,EV_VBIT_0194,background_only,,background_only,high,wavelet transform,SRC_PMC2806654,From preprocessing_methods.motion_correction
EVLINK_1811,EV_VBIT_0195,background_only,,background_only,high,general linear model was used,SRC_PMC2806654,From analysis_methods.glm_model
EVLINK_1812,EV_VBIT_0196,method_atom,ATOM_data_import,method_atom,high,730 nm and 850 nm,SRC_PMC13291108,From acquisition.wavelengths_nm
EVLINK_1813,EV_VBIT_0197,method_atom,ATOM_data_import,method_atom,high,sampling frequency of 256 Hz,SRC_PMC12290587,From acquisition.sampling_rate_hz
EVLINK_1814,EV_VBIT_0198,background_only,,background_only,high,code are available at,SRC_PMC12290587,From acquisition.data_code_availability
EVLINK_1815,EV_VBIT_0199,method_atom,ATOM_data_import,method_atom,high,735 nm and 850 nm,SRC_PMC10961353,From acquisition.wavelengths_nm
EVLINK_1816,EV_VBIT_0200,method_atom,ATOM_data_import,method_atom,high,sampling at 0.067 Hz,SRC_PMC10676135,From acquisition.sampling_rate_hz
EVLINK_1817,EV_VBIT_0201,background_only,,background_only,high,wavelet transform,SRC_PMC9205639,From preprocessing_methods.motion_correction
EVLINK_1818,EV_VBIT_0202,background_only,,background_only,high,wavelet transform,SRC_PMC8973170,From preprocessing_methods.motion_correction
EVLINK_1819,EV_VBIT_0203,background_only,,background_only,high,wavelet transform,SRC_PMC8778041,From preprocessing_methods.motion_correction
EVLINK_1820,EV_VBIT_0204,method_atom,ATOM_data_import,method_atom,high,acquired at 5 Hz,SRC_PMC7966407,From acquisition.sampling_rate_hz
EVLINK_1821,EV_VBIT_0205,background_only,,background_only,high,data available at,SRC_PMC7966407,From acquisition.data_code_availability
EVLINK_1822,EV_VBIT_0206,background_only,,background_only,high,wavelet transform,SRC_PMC7927423,From preprocessing_methods.motion_correction
EVLINK_1823,EV_VBIT_0207,method_atom,ATOM_data_import,method_atom,high,sampling frequency of 0.209 Hz,SRC_PMC7280505,From acquisition.sampling_rate_hz
EVLINK_1824,EV_VBIT_0208,background_only,,background_only,high,wavelet transform,SRC_PMC7280505,From preprocessing_methods.motion_correction
EVLINK_1825,EV_VBIT_0209,background_only,,background_only,high,wavelet transform,SRC_PMC6412154,From preprocessing_methods.motion_correction
EVLINK_1826,EV_VBIT_0210,background_only,,background_only,high,wavelet transform,SRC_PMC5424771,From preprocessing_methods.motion_correction
EVLINK_1827,EV_VBIT_0211,background_only,,background_only,high,wavelet transform,SRC_PMC4753811,From preprocessing_methods.motion_correction
EVLINK_1828,EV_VBIT_0212,method_atom,ATOM_data_import,method_atom,high,861 nm and 765 nm,SRC_PMC4750083,From acquisition.wavelengths_nm
EVLINK_1829,EV_VBIT_0213,method_atom,ATOM_data_import,method_atom,high,"wavelengths 689, 797",SRC_PMC3865602,From acquisition.wavelengths_nm
EVLINK_1830,EV_VBIT_0214,background_only,,background_only,high,wavelet transform,SRC_PMC3865602,From preprocessing_methods.motion_correction
EVLINK_1831,EV_VBIT_0215,method_atom,ATOM_data_import,method_atom,high,sampling frequency of 7.8 Hz,SRC_PMC3762942,From acquisition.sampling_rate_hz
EVLINK_1832,EV_VBIT_0216,method_atom,ATOM_data_import,method_atom,high,sampling frequency of 1.6 Hz,SRC_PMC2846950,From acquisition.sampling_rate_hz
EVLINK_1833,EV_VBIT_0217,method_atom,ATOM_data_import,method_atom,high,690 nm and 830 nm,SRC_PMC2692693,From acquisition.wavelengths_nm
EVLINK_1834,EV_VBIT_0218,background_only,,background_only,high,wavelet transform,SRC_PMC13259229,From preprocessing_methods.motion_correction
EVLINK_1835,EV_VBIT_0219,method_atom,ATOM_data_import,method_atom,high,48 channels were,SRC_PMC13249213,From acquisition.channels_n
EVLINK_1836,EV_VBIT_0220,method_atom,ATOM_data_import,method_atom,high,760 nm and 850 nm,SRC_PMC10681683,From acquisition.wavelengths_nm
EVLINK_1837,EV_VBIT_0221,method_atom,ATOM_data_import,method_atom,high,695 nm and 830 nm,SRC_PMC10957543,From acquisition.wavelengths_nm
EVLINK_1838,EV_VBIT_0222,method_atom,ATOM_data_import,method_atom,high,760 nm and 850 nm,SRC_PMC11548208,From acquisition.wavelengths_nm
EVLINK_1839,EV_VBIT_0223,method_atom,ATOM_data_import,method_atom,high,sampling frequency of 800 Hz,SRC_PMC11762704,From acquisition.sampling_rate_hz
EVLINK_1840,EV_VBIT_0224,method_atom,ATOM_data_import,method_atom,high,730 nm and 850 nm,SRC_PMC12947967,From acquisition.wavelengths_nm
EVLINK_1841,EV_VBIT_0225,background_only,,background_only,high,Data are available on,SRC_PMC12990250,From acquisition.data_code_availability
EVLINK_1842,EV_VBIT_0226,method_atom,ATOM_data_import,method_atom,high,Shimadzu Corporation,SRC_PMC3759001,From acquisition.device_brand_model
EVLINK_1843,EV_VBIT_0227,method_atom,ATOM_data_import,method_atom,high,"wavelengths of 780, 805",SRC_PMC3759001,From acquisition.wavelengths_nm
EVLINK_1844,EV_VBIT_0228,method_atom,ATOM_data_import,method_atom,high,750 nm and 850 nm,SRC_PMC4524535,From acquisition.wavelengths_nm
EVLINK_1845,EV_VBIT_0229,method_atom,ATOM_data_import,method_atom,high,sampling frequency of 10 Hz,SRC_PMC4913108,From acquisition.sampling_rate_hz
EVLINK_1846,EV_VBIT_0230,method_atom,ATOM_data_import,method_atom,high,recorded at 7.8125 Hz,SRC_PMC5788966,From acquisition.sampling_rate_hz
EVLINK_1847,EV_VBIT_0231,background_only,,background_only,high,wavelet transform,SRC_PMC5788966,From preprocessing_methods.motion_correction
EVLINK_1848,EV_VBIT_0232,method_atom,ATOM_data_import,method_atom,high,acquired at 7.8 Hz,SRC_PMC6953699,From acquisition.sampling_rate_hz
EVLINK_1849,EV_VBIT_0233,background_only,,background_only,high,Wavelet Transform,SRC_PMC7040364,From preprocessing_methods.motion_correction
EVLINK_1850,EV_VBIT_0234,method_atom,ATOM_data_import,method_atom,high,760 nm and 850 nm,SRC_PMC8231828,From acquisition.wavelengths_nm
EVLINK_1851,EV_VBIT_0235,background_only,,background_only,high,Wavelet Transform,SRC_PMC8231828,From preprocessing_methods.motion_correction
EVLINK_1852,EV_VBIT_0236,method_atom,ATOM_data_import,method_atom,high,wavelength 690 and 850,SRC_PMC9587749,From acquisition.wavelengths_nm
EVLINK_1853,EV_VBIT_0237,method_atom,ATOM_data_import,method_atom,high,acquired at 7 Hz,SRC_PMC9587749,From acquisition.sampling_rate_hz
EVLINK_1854,EV_VBIT_0238,method_atom,ATOM_data_import,method_atom,high,695 nm and 830 nm,SRC_PMC9593203,From acquisition.wavelengths_nm
EVLINK_1855,EV_VBIT_0239,method_atom,ATOM_data_import,method_atom,high,sampling frequency of 10 Hz,SRC_PMC9593203,From acquisition.sampling_rate_hz
EVLINK_1856,EV_VBIT_0240,method_atom,ATOM_data_import,method_atom,high,wavelengths 780 and 850,SRC_PMC9910791,From acquisition.wavelengths_nm
EVLINK_1857,EV_VBIT_0241,method_atom,ATOM_data_import,method_atom,high,48 channels were,SRC_PMC9910791,From acquisition.channels_n
EVLINK_1858,EV_VBIT_0242,method_atom,ATOM_data_import,method_atom,high,Artinis Medical,SRC_PMC10342995,From acquisition.device_brand_model
EVLINK_1859,EV_VBIT_0243,method_atom,ATOM_data_import,method_atom,high,ISS Centre,SRC_PMC10683641,From acquisition.device_brand_model
EVLINK_1860,EV_VBIT_0244,background_only,,background_only,high,kalman filter,SRC_PMC10683641,From preprocessing_methods.motion_correction
EVLINK_1861,EV_VBIT_0245,method_atom,ATOM_data_import,method_atom,high,64-channel,SRC_PMC10765727,From acquisition.channels_n
EVLINK_1862,EV_VBIT_0246,background_only,,background_only,high,Kalman filter,SRC_PMC10765727,From preprocessing_methods.motion_correction
EVLINK_1863,EV_VBIT_0247,background_only,,background_only,high,CBSI method,SRC_PMC11188482,From preprocessing_methods.motion_correction
EVLINK_1864,EV_VBIT_0248,method_atom,ATOM_data_import,method_atom,high,Kernel flow,SRC_PMC11221108,From acquisition.device_brand_model
EVLINK_1865,EV_VBIT_0249,method_atom,ATOM_data_import,method_atom,high,iss effect,SRC_PMC11633644,From acquisition.device_brand_model
EVLINK_1866,EV_VBIT_0250,method_atom,ATOM_data_import,method_atom,high,2 channels,SRC_PMC11652482,From acquisition.channels_n
EVLINK_1867,EV_VBIT_0251,background_only,,background_only,high,wavelet filter,SRC_PMC11652482,From preprocessing_methods.motion_correction
EVLINK_1868,EV_VBIT_0252,background_only,,background_only,high,Kalman Filter,SRC_PMC11679405,From preprocessing_methods.motion_correction
EVLINK_1869,EV_VBIT_0253,method_atom,ATOM_data_import,method_atom,high,17 channel,SRC_PMC11892370,From acquisition.channels_n
EVLINK_1870,EV_VBIT_0254,method_atom,ATOM_data_import,method_atom,high,48 channels,SRC_PMC11946344,From acquisition.channels_n
EVLINK_1871,EV_VBIT_0255,method_atom,ATOM_data_import,method_atom,high,48 channels was,SRC_PMC12110038,From acquisition.channels_n
EVLINK_1872,EV_VBIT_0256,background_only,,background_only,high,wavelet filter,SRC_PMC12110038,From preprocessing_methods.motion_correction
EVLINK_1874,EV_VBIT_0258,method_atom,ATOM_data_import,method_atom,high,32-channel,SRC_PMC12592382,From acquisition.channels_n
EVLINK_1875,EV_VBIT_0259,background_only,,background_only,high,ICA method,SRC_PMC12592382,From preprocessing_methods.motion_correction
EVLINK_1876,EV_VBIT_0260,method_atom,ATOM_data_import,method_atom,high,35 Channels,SRC_PMC12818463,From acquisition.channels_n
EVLINK_1877,EV_VBIT_0261,method_atom,ATOM_data_import,method_atom,high,32 channels,SRC_PMC12944262,From acquisition.channels_n
EVLINK_1878,EV_VBIT_0262,method_atom,ATOM_data_import,method_atom,high,Cephalogics,SRC_PMC2914577,From acquisition.device_brand_model
EVLINK_1879,EV_VBIT_0263,method_atom,ATOM_data_import,method_atom,high,8 channels,SRC_PMC3085546,From acquisition.channels_n
EVLINK_1880,EV_VBIT_0264,background_only,,background_only,high,Kalman filter,SRC_PMC3085546,From preprocessing_methods.motion_correction
EVLINK_1881,EV_VBIT_0265,background_only,,background_only,high,GLM was used,SRC_PMC3085546,From analysis_methods.glm_model
EVLINK_1882,EV_VBIT_0266,method_atom,ATOM_data_import,method_atom,high,TechEn CW6,SRC_PMC3254723,From acquisition.device_brand_model
EVLINK_1883,EV_VBIT_0267,background_only,,background_only,high,Kalman filter,SRC_PMC3254723,From preprocessing_methods.motion_correction
EVLINK_1884,EV_VBIT_0268,method_atom,ATOM_data_import,method_atom,high,3 channels,SRC_PMC3468891,From acquisition.channels_n
EVLINK_1885,EV_VBIT_0269,background_only,,background_only,high,Kalman filter,SRC_PMC3468891,From preprocessing_methods.motion_correction
EVLINK_1886,EV_VBIT_0270,method_atom,ATOM_data_import,method_atom,high,52-channel,SRC_PMC3524243,From acquisition.channels_n
EVLINK_1887,EV_VBIT_0271,method_atom,ATOM_data_import,method_atom,high,12-channel,SRC_PMC3593078,From acquisition.channels_n
EVLINK_1888,EV_VBIT_0272,method_atom,ATOM_data_import,method_atom,high,TechEn CW6,SRC_PMC4211632,From acquisition.device_brand_model
EVLINK_1889,EV_VBIT_0273,background_only,,background_only,high,PCA filter,SRC_PMC4211632,From preprocessing_methods.motion_correction
EVLINK_1890,EV_VBIT_0274,method_atom,ATOM_data_import,method_atom,high,Cephalogics,SRC_PMC4478749,From acquisition.device_brand_model
EVLINK_1891,EV_VBIT_0275,method_atom,ATOM_data_import,method_atom,high,265 channels,SRC_PMC4478749,From acquisition.channels_n
EVLINK_1892,EV_VBIT_0276,background_only,,background_only,high,Kalman filter,SRC_PMC4478749,From preprocessing_methods.motion_correction
EVLINK_1893,EV_VBIT_0277,background_only,,background_only,high,Kalman filter,SRC_PMC4719469,From preprocessing_methods.motion_correction
EVLINK_1894,EV_VBIT_0278,background_only,,background_only,high,Kalman filter,SRC_PMC4773699,From preprocessing_methods.motion_correction
EVLINK_1895,EV_VBIT_0279,method_atom,ATOM_data_import,method_atom,high,50 channels,SRC_PMC4893204,From acquisition.channels_n
EVLINK_1896,EV_VBIT_0280,background_only,,background_only,high,ICA method,SRC_PMC4893204,From preprocessing_methods.motion_correction
EVLINK_1897,EV_VBIT_0281,method_atom,ATOM_data_import,method_atom,high,24 channels,SRC_PMC5563303,From acquisition.channels_n
EVLINK_1898,EV_VBIT_0282,method_atom,ATOM_data_import,method_atom,high,Shimadzu Corp,SRC_PMC5592780,From acquisition.device_brand_model
EVLINK_1899,EV_VBIT_0283,method_atom,ATOM_data_import,method_atom,high,98 channels,SRC_PMC5592780,From acquisition.channels_n
EVLINK_1900,EV_VBIT_0284,background_only,,background_only,high,PCA filter,SRC_PMC5592780,From preprocessing_methods.motion_correction
EVLINK_1901,EV_VBIT_0285,method_atom,ATOM_data_import,method_atom,high,TechEn CW6,SRC_PMC5963607,From acquisition.device_brand_model
EVLINK_1902,EV_VBIT_0286,method_atom,ATOM_data_import,method_atom,high,36 channels,SRC_PMC5963607,From acquisition.channels_n
EVLINK_1903,EV_VBIT_0287,background_only,,background_only,high,wavelet filter,SRC_PMC5963607,From preprocessing_methods.motion_correction
EVLINK_1904,EV_VBIT_0288,method_atom,ATOM_data_import,method_atom,high,12-channel,SRC_PMC6166233,From acquisition.channels_n
EVLINK_1905,EV_VBIT_0289,method_atom,ATOM_data_import,method_atom,high,32 channels,SRC_PMC6230489,From acquisition.channels_n
EVLINK_1906,EV_VBIT_0290,background_only,,background_only,high,TDDR algorithm,SRC_PMC6230489,From preprocessing_methods.motion_correction
EVLINK_1907,EV_VBIT_0291,method_atom,ATOM_data_import,method_atom,high,40 channels,SRC_PMC6278088,From acquisition.channels_n
EVLINK_1908,EV_VBIT_0292,background_only,,background_only,high,Kalman filter,SRC_PMC6278088,From preprocessing_methods.motion_correction
EVLINK_1909,EV_VBIT_0293,method_atom,ATOM_data_import,method_atom,high,128-channel,SRC_PMC6960208,From acquisition.channels_n
EVLINK_1910,EV_VBIT_0294,method_atom,ATOM_data_import,method_atom,high,Shimadzu Corp,SRC_PMC7047008,From acquisition.device_brand_model
EVLINK_1911,EV_VBIT_0295,method_atom,ATOM_data_import,method_atom,high,134 channels,SRC_PMC7047008,From acquisition.channels_n
EVLINK_1912,EV_VBIT_0296,background_only,,background_only,high,wavelet method,SRC_PMC7125097,From preprocessing_methods.motion_correction
EVLINK_1913,EV_VBIT_0297,background_only,,background_only,high,kalman filter,SRC_PMC7373176,From preprocessing_methods.motion_correction
EVLINK_1914,EV_VBIT_0298,method_atom,ATOM_data_import,method_atom,high,Hitachi High,SRC_PMC7642297,From acquisition.device_brand_model
EVLINK_1915,EV_VBIT_0299,method_atom,ATOM_data_import,method_atom,high,8 channels,SRC_PMC7881368,From acquisition.channels_n
EVLINK_1916,EV_VBIT_0300,background_only,,background_only,high,wavelet filter,SRC_PMC8022277,From preprocessing_methods.motion_correction
EVLINK_1917,EV_VBIT_0301,background_only,,background_only,high,wavelet method,SRC_PMC8113412,From preprocessing_methods.motion_correction
EVLINK_1918,EV_VBIT_0302,method_atom,ATOM_data_import,method_atom,high,690nm and 830nm,SRC_PMC8202129,From acquisition.wavelengths_nm
EVLINK_1919,EV_VBIT_0303,method_atom,ATOM_data_import,method_atom,high,42 channels,SRC_PMC8202129,From acquisition.channels_n
EVLINK_1920,EV_VBIT_0304,method_atom,ATOM_data_import,method_atom,high,56-channel,SRC_PMC8484538,From acquisition.channels_n
EVLINK_1921,EV_VBIT_0305,background_only,,background_only,high,wavelet filter,SRC_PMC8871689,From preprocessing_methods.motion_correction
EVLINK_1922,EV_VBIT_0306,method_atom,ATOM_data_import,method_atom,high,121 channels,SRC_PMC8957952,From acquisition.channels_n
EVLINK_1923,EV_VBIT_0307,background_only,,background_only,high,wavelet filter,SRC_PMC9301871,From preprocessing_methods.motion_correction
EVLINK_1924,EV_VBIT_0308,background_only,,background_only,high,Kalman filter,SRC_PMC9366124,From preprocessing_methods.motion_correction
EVLINK_1925,EV_VBIT_0309,method_atom,ATOM_data_import,method_atom,high,306-channel,SRC_PMC9505443,From acquisition.channels_n
EVLINK_1926,EV_VBIT_0310,background_only,,background_only,high,Kalman filter,SRC_PMC9576156,From preprocessing_methods.motion_correction
EVLINK_1927,EV_VBIT_0311,method_atom,ATOM_data_import,method_atom,high,409 channels,SRC_PMC9587758,From acquisition.channels_n
EVLINK_1928,EV_VBIT_0312,background_only,,background_only,high,wavelet filter,SRC_PMC9587758,From preprocessing_methods.motion_correction
EVLINK_1929,EV_VBIT_0313,background_only,,background_only,high,wavelet method,SRC_PMC9900395,From preprocessing_methods.motion_correction
EVLINK_1930,EV_VBIT_0314,background_only,,background_only,high,GLM is applied,SRC_PMC9950900,From analysis_methods.glm_model
EVLINK_1931,EV_VBIT_0315,method_atom,ATOM_data_import,method_atom,high,Shimadzu Portable,SRC_PMC10338804,From acquisition.device_brand_model
EVLINK_1932,EV_VBIT_0316,method_atom,ATOM_data_import,method_atom,high,sampling frequency of 10 Hz,SRC_PMC10338804,From acquisition.sampling_rate_hz
EVLINK_1933,EV_VBIT_0317,method_atom,ATOM_data_import,method_atom,high,20 channels,SRC_PMC10338804,From acquisition.channels_n
EVLINK_1934,EV_VBIT_0318,method_atom,ATOM_data_import,method_atom,high,730 nm and 850 nm,SRC_PMC11752877,From acquisition.wavelengths_nm
EVLINK_1935,EV_VBIT_0319,method_atom,ATOM_data_import,method_atom,high,41-channel,SRC_PMC11752877,From acquisition.channels_n
EVLINK_1936,EV_VBIT_0320,background_only,,background_only,high,wavelet transform,SRC_PMC11752877,From preprocessing_methods.motion_correction
EVLINK_1937,EV_VBIT_0321,method_atom,ATOM_data_import,method_atom,high,106 channels,SRC_PMC12306464,From acquisition.channels_n
EVLINK_1938,EV_VBIT_0322,method_atom,ATOM_data_import,method_atom,high,730 nm and 850 nm,SRC_PMC12425098,From acquisition.wavelengths_nm
EVLINK_1939,EV_VBIT_0323,method_atom,ATOM_data_import,method_atom,high,55 channels,SRC_PMC12425098,From acquisition.channels_n
EVLINK_1940,EV_VBIT_0324,method_atom,ATOM_data_import,method_atom,high,2 channels,SRC_PMC12425317,From acquisition.channels_n
EVLINK_1941,EV_VBIT_0325,method_atom,ATOM_data_import,method_atom,high,Artinis Medical,SRC_PMC13183809,From acquisition.device_brand_model
EVLINK_1942,EV_VBIT_0326,method_atom,ATOM_data_import,method_atom,high,16 channels,SRC_PMC13183809,From acquisition.channels_n
EVLINK_1943,EV_VBIT_0327,background_only,,background_only,high,leave-one-subject-out,SRC_PMC13183809,From analysis_methods.cv_scheme
EVLINK_1944,EV_VBIT_0328,method_atom,ATOM_data_import,method_atom,high,iss subtle,SRC_PMC13189826,From acquisition.device_brand_model
EVLINK_1945,EV_VBIT_0329,method_atom,ATOM_data_import,method_atom,high,89 channels,SRC_PMC13189826,From acquisition.channels_n
EVLINK_1946,EV_VBIT_0330,method_atom,ATOM_data_import,method_atom,high,53-channel,SRC_PMC13191380,From acquisition.channels_n
EVLINK_1947,EV_VBIT_0331,method_atom,ATOM_data_import,method_atom,high,760 nm and 850 nm,SRC_PMC13296683,From acquisition.wavelengths_nm
EVLINK_1948,EV_VBIT_0332,method_atom,ATOM_data_import,method_atom,high,45 channels,SRC_PMC13296683,From acquisition.channels_n
EVLINK_1949,EV_VBIT_0333,method_atom,ATOM_data_import,method_atom,high,695 nm and 830 nm,SRC_PMC13317487,From acquisition.wavelengths_nm
EVLINK_1950,EV_VBIT_0334,method_atom,ATOM_data_import,method_atom,high,52 channels,SRC_PMC13317487,From acquisition.channels_n
EVLINK_1951,EV_VBIT_0335,method_atom,ATOM_data_import,method_atom,high,102 channels,SRC_PMC7364176,From acquisition.channels_n
EVLINK_1952,EV_VBIT_0336,background_only,,background_only,high,Kalman filter,SRC_PMC7364176,From preprocessing_methods.motion_correction
EVLINK_1953,EV_VBIT_0337,method_atom,ATOM_data_import,method_atom,high,sampling frequency of 7.8125 Hz,SRC_PMC8901827,From acquisition.sampling_rate_hz
EVLINK_1954,EV_VBIT_0338,background_only,,background_only,high,GLM was applied,SRC_PMC8901827,From analysis_methods.glm_model
EVLINK_1955,EV_19154918_01,background_only,,background_only,high,We performed a systematic review of the scientific literature on near-infrared spectroscopy in congenital heart disease. We identified 54 manuscripts and 13 reviews.,SRC_19154918,From studies.article_type
EVLINK_1956,EV_20542078_01,background_only,,background_only,high,We conducted a systematic review and meta-regression analysis to quantify effects of exercise on brain hemodynamics measured by near-infrared spectroscopy (NIRS).,SRC_20542078,From studies.article_type
EVLINK_1957,EV_23774396_01,background_only,ATOM_motion_correction,background_only,high,"In this paper, we provide an extensive review of historical developments of statistical analyses of fNIRS signal, which include motion artifact correction, short source-detector separation correction,",SRC_23774396,From studies.article_type
EVLINK_1958,EV_23782549_01,background_only,,background_only,medium,PDF2MD extraction. Needs second pass.,SRC_23782549,From studies.article_type
EVLINK_1959,EV_23891905_01,background_only,,background_only,medium,PDF2MD extraction. Needs second pass.,SRC_23891905,From studies.article_type
EVLINK_1960,EV_24897940_01,background_only,,background_only,medium,PDF2MD extraction. Needs second pass.,SRC_24897940,From studies.article_type
EVLINK_1961,EV_25079033_01,background_only,,background_only,medium,PDF2MD extraction. Needs second pass.,SRC_25079033,From studies.article_type
EVLINK_1962,EV_25108906_01,background_only,,background_only,medium,PDF2MD extraction. Needs second pass.,SRC_25108906,From studies.article_type
EVLINK_1963,EV_27028004_01,background_only,,background_only,medium,PDF2MD extraction. Needs second pass.,SRC_27028004,From studies.article_type
EVLINK_1964,EV_28519903_01,background_only,,background_only,medium,PDF2MD extraction. Needs second pass.,SRC_28519903,From studies.article_type
EVLINK_1965,EV_28800981_01,background_only,,background_only,medium,PDF2MD extraction. Needs second pass.,SRC_28800981,From studies.article_type
EVLINK_1966,EV_29017917_01,background_only,,background_only,medium,PDF2MD extraction. Needs second pass.,SRC_29017917,From studies.article_type
EVLINK_1967,EV_29727022_01,background_only,,background_only,medium,PDF2MD extraction. Needs second pass.,SRC_29727022,From studies.article_type
EVLINK_1968,EV_30449602_01,background_only,,background_only,medium,PDF2MD extraction. Needs second pass.,SRC_30449602,From studies.article_type
EVLINK_1969,EV_30664885_01,background_only,,background_only,medium,PDF2MD extraction. Needs second pass.,SRC_30664885,From studies.article_type
EVLINK_1970,EV_30737572_01,background_only,,background_only,medium,PDF2MD extraction. Needs second pass.,SRC_30737572,From studies.article_type
EVLINK_1971,EV_31306264_01,background_only,,background_only,medium,PDF2MD extraction. Needs second pass.,SRC_31306264,From studies.article_type
EVLINK_1972,EV_32077780_01,background_only,,background_only,medium,PDF2MD extraction. Needs second pass.,SRC_32077780,From studies.article_type
EVLINK_1973,EV_32120065_01,background_only,,background_only,medium,PDF2MD extraction. Needs second pass.,SRC_32120065,From studies.article_type
EVLINK_1974,EV_32412988_01,background_only,,background_only,medium,PDF2MD extraction. Needs second pass.,SRC_32412988,From studies.article_type
EVLINK_1975,EV_32821023_01,background_only,,background_only,medium,PDF2MD extraction. Needs second pass.,SRC_32821023,From studies.article_type
EVLINK_1976,EV_32959167_01,background_only,,background_only,medium,PDF2MD extraction. Needs second pass.,SRC_32959167,From studies.article_type
EVLINK_1977,EV_33333181_01,background_only,,background_only,medium,PDF2MD extraction. Needs second pass.,SRC_33333181,From studies.article_type
EVLINK_1978,EV_33359349_01,background_only,,background_only,medium,PDF2MD extraction. Needs second pass.,SRC_33359349,From studies.article_type
EVLINK_1979,EV_34146793_01,background_only,,background_only,medium,PDF2MD extraction. Needs second pass.,SRC_34146793,From studies.article_type
EVLINK_1980,EV_34171982_01,background_only,,background_only,medium,PDF2MD extraction. Needs second pass.,SRC_34171982,From studies.article_type
EVLINK_1981,EV_34667270_01,background_only,,background_only,medium,PDF2MD extraction. Needs second pass.,SRC_34667270,From studies.article_type
EVLINK_1982,EV_35112526_01,background_only,,background_only,medium,PDF2MD extraction. Needs second pass.,SRC_35112526,From studies.article_type
EVLINK_1983,EV_35123299_01,background_only,,background_only,medium,PDF2MD extraction. Needs second pass.,SRC_35123299,From studies.article_type
EVLINK_1984,EV_35344941_01,background_only,,background_only,medium,PDF2MD extraction. Needs second pass.,SRC_35344941,From studies.article_type
EVLINK_1985,EV_35357703_01,background_only,,background_only,medium,PDF2MD extraction. Needs second pass.,SRC_35357703,From studies.article_type
EVLINK_1986,EV_35378665_01,background_only,,background_only,medium,PDF2MD extraction. Needs second pass.,SRC_35378665,From studies.article_type
EVLINK_1987,EV_36242719_01,background_only,,background_only,medium,PDF2MD extraction. Needs second pass.,SRC_36242719,From studies.article_type
EVLINK_1988,EV_36621584_01,background_only,,background_only,medium,PDF2MD extraction. Needs second pass.,SRC_36621584,From studies.article_type
EVLINK_1989,EV_37003561_01,background_only,,background_only,medium,PDF2MD extraction. Needs second pass.,SRC_37003561,From studies.article_type
EVLINK_1990,EV_37356550_01,background_only,,background_only,medium,PDF2MD extraction. Needs second pass.,SRC_37356550,From studies.article_type
EVLINK_1991,EV_37862569_01,background_only,,background_only,medium,PDF2MD extraction. Needs second pass.,SRC_37862569,From studies.article_type
EVLINK_1992,EV_37948131_01,background_only,,background_only,medium,PDF2MD extraction. Needs second pass.,SRC_37948131,From studies.article_type
EVLINK_1993,EV_38019047_01,background_only,,background_only,medium,PDF2MD extraction. Needs second pass.,SRC_38019047,From studies.article_type
EVLINK_1994,EV_38295965_01,background_only,,background_only,medium,PDF2MD extraction. Needs second pass.,SRC_38295965,From studies.article_type
EVLINK_1995,EV_38343363_01,background_only,,background_only,medium,PDF2MD extraction. Needs second pass.,SRC_38343363,From studies.article_type
EVLINK_1996,EV_38653901_01,background_only,,background_only,medium,PDF2MD extraction. Needs second pass.,SRC_38653901,From studies.article_type
EVLINK_1997,EV_38697274_01,background_only,,background_only,medium,PDF2MD extraction. Needs second pass.,SRC_38697274,From studies.article_type
EVLINK_1998,EV_38807326_01,background_only,,background_only,medium,PDF2MD extraction. Needs second pass.,SRC_38807326,From studies.article_type
EVLINK_1999,EV_38908228_01,background_only,,background_only,medium,PDF2MD extraction. Needs second pass.,SRC_38908228,From studies.article_type
EVLINK_2000,EV_39027968_01,background_only,,background_only,medium,PDF2MD extraction. Needs second pass.,SRC_39027968,From studies.article_type
EVLINK_2001,EV_39059341_01,background_only,,background_only,medium,PDF2MD extraction. Needs second pass.,SRC_39059341,From studies.article_type
EVLINK_2002,EV_39570907_01,background_only,,background_only,medium,PDF2MD extraction. Needs second pass.,SRC_39570907,From studies.article_type
EVLINK_2003,EV_39701521_01,background_only,,background_only,medium,PDF2MD extraction. Needs second pass.,SRC_39701521,From studies.article_type
EVLINK_2004,EV_40009183_01,background_only,,background_only,medium,PDF2MD extraction. Needs second pass.,SRC_40009183,From studies.article_type
EVLINK_2005,EV_40059266_01,background_only,,background_only,medium,PDF2MD extraction. Needs second pass.,SRC_40059266,From studies.article_type
EVLINK_2006,EV_40071762_01,background_only,,background_only,medium,PDF2MD extraction. Needs second pass.,SRC_40071762,From studies.article_type
EVLINK_2007,EV_40220585_01,background_only,,background_only,medium,PDF2MD extraction. Needs second pass.,SRC_40220585,From studies.article_type
EVLINK_2008,EV_40316680_01,background_only,,background_only,medium,PDF2MD extraction. Needs second pass.,SRC_40316680,From studies.article_type
EVLINK_2009,EV_40490003_01,background_only,,background_only,medium,PDF2MD extraction. Needs second pass.,SRC_40490003,From studies.article_type
EVLINK_2010,EV_40845933_01,background_only,,background_only,medium,PDF2MD extraction. Needs second pass.,SRC_40845933,From studies.article_type
EVLINK_2011,EV_40868943_01,background_only,,background_only,medium,PDF2MD extraction. Needs second pass.,SRC_40868943,From studies.article_type
EVLINK_2012,EV_41082128_01,background_only,,background_only,medium,PDF2MD extraction. Needs second pass.,SRC_41082128,From studies.article_type
EVLINK_2013,EV_41655051_01,background_only,,background_only,medium,PDF2MD extraction. Needs second pass.,SRC_41655051,From studies.article_type
EVLINK_2014,EV_41747346_01,background_only,,background_only,medium,PDF2MD extraction. Needs second pass.,SRC_41747346,From studies.article_type
EVLINK_2015,EV_41853070_01,background_only,,background_only,medium,PDF2MD extraction. Needs second pass.,SRC_41853070,From studies.article_type
EVLINK_2016,EV_41935973_01,background_only,,background_only,medium,PDF2MD extraction. Needs second pass.,SRC_41935973,From studies.article_type
EVLINK_2017,EV_24481411_01,background_only,,background_only,medium,Placeholder evidence row.,SRC_24481411,From studies.article_type
EVLINK_2018,EV_28046043_01,background_only,,background_only,medium,Placeholder evidence row.,SRC_28046043,From studies.article_type
EVLINK_2019,EV_29494335_01,background_only,,background_only,medium,Placeholder evidence row.,SRC_29494335,From studies.article_type
EVLINK_2020,EV_39866657_01,background_only,,background_only,medium,Placeholder evidence row.,SRC_39866657,From studies.article_type
EVLINK_2021,EV_40191173_01,background_only,,background_only,medium,Placeholder evidence row.,SRC_40191173,From studies.article_type
EVLINK_2022,EV_40606568_01,background_only,,background_only,medium,Placeholder evidence row.,SRC_40606568,From studies.article_type
EVLINK_2023,EV_41025408_01,background_only,,background_only,medium,Placeholder evidence row.,SRC_41025408,From studies.article_type
EVLINK_2024,EQ_23891905_001,background_only,ATOM_methods_report,background_only,high,"Comprehensive review of fNIRS spatial registration methods including MNI/Talairach coordinate systems, 10-20 system, probabilistic registration, virtual registration, and software implementations.",SRC_23891905,From studies.key_contribution
EVLINK_2025,EQ_23891905_002,method_atom,ATOM_methods_report,method_atom,high,"NIRS-SPM, NFRI tools, Homer, BrainVision Analyzer mentioned as software for spatial registration",SRC_23891905,From preprocessing_methods.software_function_or_package
EVLINK_2026,EQ_23891905_003,method_atom,ATOM_data_import,method_atom,high,10-20 system with 81 electrode locations (10-10 system) and 300+ locations (10-5 system) for standardized scalp positioning,SRC_23891905,From acquisition.optode_localization
EVLINK_2027,EQ_24897940_001,background_only,,background_only,high,"Pooled mean standardized difference for oxyHb was -0.74 (95% CI: -0.97 to -0.52), indicating attenuated increase in oxyHb during cognitive activation in prefrontal regions in MDD patients",SRC_24897940,From analysis_methods.ml_features
EVLINK_2028,EQ_24897940_002,background_only,,background_only,high,NIRS measures oxygenated [oxyHb] and deoxygenated [deoxyHb] hemoglobin using modified Lambert-Beer law,SRC_24897940,From preprocessing_methods.chromophores
EVLINK_2029,EQ_PMID_33512913_01,background_only,,background_only,high,Two studies (n = 218) used NIRS to measure cerebral oximetry during CF-LVAD implantation surgery.,SRC_PMID_33512913,From results_claims.CLM_PMID_33512913_01
EVLINK_2030,EQ_PMID_33512913_02,background_only,,background_only,high,"Ghosal et al. found that a higher rSO2 before CF-LVAD surgery (median 52%, IQR 42–59) was associated with a lower 30-day mortality (OR = 0.94).",SRC_PMID_33512913,From results_claims.CLM_PMID_33512913_04
EVLINK_2031,EQ_PMID_33512913_03,background_only,,background_only,high,"Significant heterogeneity exists in timing, frequency, and types of neuromonitoring tools.",SRC_PMID_33512913,From risk_register.RSK_PMID_33512913_01
EVLINK_2032,EQ_PMID_33512913_04,background_only,,background_only,high,No studies investigated the long-term effect of continuous blood flow and its impact on cerebral autoregulation. Only 2 studies used NIRS for cerebral oximetry during surgery.,SRC_PMID_33512913,From results_claims.CLM_PMID_33512913_03
EVLINK_2033,EQ_PMID_34284934_01,background_only,,background_only,high,"The meta-analysis obtained a partial area under the summary receiver operating characteristic curve for diagnosing brain ischaemia of 0.646, with a summary sensitivity of 72.0% (95% CI 58.1–82.7) and ",SRC_PMID_34284934,From results_claims.CLM_PMID_34284934_01
EVLINK_2034,EQ_PMID_34284934_02,background_only,,background_only,high,"Higher frequency of arterial hypertension (z score = -2.15; p = .032) and diabetes (z score = -2.12; p = .034) were associated with lower summary sensitivity, while a higher frequency of symptomatic c",SRC_PMID_34284934,From results_claims.CLM_PMID_34284934_02
EVLINK_2035,EQ_PMID_34284934_03,background_only,,background_only,high,The results of this study suggest that NIRS as a cerebral monitoring technique does not have sufficiently high sensitivity or specificity to be used alone in the neurological monitoring of patients un,SRC_PMID_34284934,From results_claims.CLM_PMID_34284934_01
EVLINK_2036,EQ_PMID_34284934_04,background_only,,background_only,high,The main concern was related to risk of bias in the index test and reference standard in all studies as no study stated whether there was blinding to the results of the tests.,SRC_PMID_34284934,From risk_register.RSK_PMID_34284934_01
EVLINK_2037,EQ_PMID_34284934_05,background_only,,background_only,high,"Currently, the hypoxic threshold based on cerebral NIRS monitoring for intervention is poorly defined, although eight of 11 studies reported an optimal value of a 15%–20% relative decrease.",SRC_PMID_34284934,From results_claims.CLM_PMID_34284934_04
EVLINK_2038,EQ_PMID_34284934_06,background_only,,background_only,high,The INVOS cerebral oximeter appears more sensitive to changes in skin blood flow than the Foresight cerebral oximeter. No study has yet compared both devices in patients undergoing CEA.,SRC_PMID_34284934,From results_claims.CLM_PMID_34284934_05
EVLINK_2039,EQ_PMID_34411803_01,background_only,,background_only,high,Meta-analysis demonstrated that GrSO2 (p < 0.01) and CSOR (p < 0.01) were significantly lower in neonates with bowel pathology associated with ischaemia than controls.,SRC_PMID_34411803,From results_claims.CLM_PMID_34411803_01
EVLINK_2040,EQ_PMID_34411803_02,background_only,,background_only,high,"For CSOR, area under the curve is 0.89, with Youden's index highest (0.69) at 0.76 (specificity of 80%, sensitivity 90%).",SRC_PMID_34411803,From results_claims.CLM_PMID_34411803_02
EVLINK_2041,EQ_PMID_34411803_03,background_only,,background_only,high,Values below 42% correlate strongly with ischaemia while values above 52% are more suggestive of patients without bowel pathology. CSOR of below 0.76 is strongly suggestive of ischaemia.,SRC_PMID_34411803,From results_claims.CLM_PMID_34411803_04
EVLINK_2042,EQ_PMID_34411803_04,background_only,,background_only,high,"In almost all studies, neonates with intestinal pathology were found to have lower GrSO2 when compared to controls. Actual GrSO2 values were highly variable between studies.",SRC_PMID_34411803,From results_claims.CLM_PMID_34411803_01
EVLINK_2043,EQ_PMID_34411803_05,background_only,,background_only,high,"As it relies on cerebral measurements as well as bowel, this method will be less reliable in neonates with global hypoperfusion (such has the case reported in Fortune et al.) or where cerebral autoreg",SRC_PMID_34411803,From risk_register.RSK_PMID_34411803_03
EVLINK_2044,EQ_PMID_34411803_06,background_only,,background_only,high,There is variability in GrSO2 (I2 = 64%) with a standard mean difference between controls and neonates with pathology of -1.02 (95% confidence interval -1.79 to -0.25).,SRC_PMID_34411803,From results_claims.CLM_PMID_34411803_03
EVLINK_2045,EQ_PMID_35065956_01,background_only,,background_only,high,This technique is in a moment of expansion due to the growing knowledge of its physiological effects and the enormous potential of combining TMS with other techniques such as TMS and neural bases as e,SRC_PMID35065956,From risk_register.RSK_PMID35065956_01
EVLINK_2046,EQ_PMID_36404217_01,background_only,,background_only,high,"Nakamura et al. (2021) conducted a longitudinal fNIRS study on ten patients with MDD, BD, and SSD, most of them treated with psychotropic drugs, at the time of onset and of the resolution of catatonia",SRC_PMID36404217,From risk_register.RSK_PMID36404217_01
EVLINK_2047,EQ_PMID_39667979_01,background_only,,background_only,high,"This systematic review indicates that surfactant administration is associated with a transient decrease in crSO2 followed by a return to baseline levels, whereby differences between the LISA and INSUR",SRC_PMID39667979,From risk_register.RSK_PMID39667979_01
EVLINK_2048,EQ_PMID_39667979_02,background_only,,background_only,high,"Bertini et al. [33] observed a significant decrease in crSO2 during the LISA procedure to 45.5 ± 10.6% compared to the baseline of 75.6 ± 7.9%. Sixty minutes after the surfactant administration, the c",SRC_PMID39667979,From results_claims.CLM_PMID39667979_01
EVLINK_2049,EQ_PMID_39667979_03,background_only,,background_only,high,"Dorrepaal et al. [16] reported that following surfactant instillation, cerebral blood volume (CBV) increased rapidly by 21%, then returned consecutively to baseline and remained stable after ten minut",SRC_PMID39667979,From results_claims.CLM_PMID39667979_02
EVLINK_2050,EQ_PMID_39734141_01,background_only,,background_only,high,"Seven out of nine papers affirmed that an association between bradycardia and cerebral desaturation existed, but no author indicated the cut-off of HR under which cerebral desaturations occur.",SRC_PMID39734141,From results_claims.CLM_PMID39734141_01
EVLINK_2051,EQ_PMID_39734141_02,background_only,,background_only,high,"Authors did not provide an equal definition of bradycardia. Schmid, Pichler, and Farooqui defined it as HR<80 bpm; Mayer did not report a fixed value; Petrova HR<90 bpm; Walter HR drop to 60-80% basel",SRC_PMID39734141,From results_claims.CLM_PMID39734141_02
EVLINK_2052,EQ_PMID_39734141_03,background_only,,background_only,high,No study focused on long-term outcome related to cerebral desaturation.,SRC_PMID39734141,From results_claims.CLM_PMID39734141_04
EVLINK_2053,EQ_PMID_39734141_04,background_only,,background_only,high,Continuous monitoring of HR and cerebral saturation by non-invasive tools could play a key role in the assessment of newborns.,SRC_PMID39734141,From results_claims.CLM_PMID39734141_05
EVLINK_2054,EQ_PMID_39734141_05,method_atom,ATOM_motion_correction,risk_rule,high,"NIRS itself shows some limitations, such as light interference, movement artifacts, and underestimation of cerebral StO2 in some conditions (haematoma or significant oedema of the layers between skin ",SRC_PMID39734141,From risk_register.RSK_PMID39734141_04
EVLINK_2055,EQ_PMID_40306761_01,background_only,,background_only,high,The limited available evidence could not rule out benefit or harm from delivery room monitoring of cerebral oxygen saturation using NIRS with a dedicated treatment guideline in preterm infants.,SRC_PMID40306761,From results_claims.CLM_PMID40306761_01
EVLINK_2056,EQ_PMID_40306761_02,background_only,,background_only,high,"Low certainty evidence, downgraded for very serious imprecision due to optimal information size not met, from two RCTs enrolling 667 patients did not detect any difference in survival (RR 1.02, 95% CI",SRC_PMID40306761,From results_claims.CLM_PMID40306761_02
EVLINK_2057,EQ_PMID_40306761_03,background_only,,background_only,high,"No study addressed the primary outcome of survival without NDI or the secondary outcome, NDI using a diagnostic test for NDI.",SRC_PMID40306761,From results_claims.CLM_PMID40306761_03
EVLINK_2058,EQ_PMID_40306761_04,background_only,,background_only,high,More than two thirds of eligible infants were not enrolled as a result of imminent birth or unavailability of the research team. The proportion of caesarean births was attributed by the authors to a w,SRC_PMID40306761,From risk_register.RSK_PMID40306761_02
EVLINK_2059,EQ_PMID_40306761_05,background_only,,background_only,high,The authors of the multicentre RCT speculated that the lack of improvement in the crSO2 during the first 15 min in the intervention group might reflect the lack of effective interventions to improve c,SRC_PMID40306761,From risk_register.RSK_PMID40306761_04
EVLINK_2060,EQ_PMID_41196800_01,background_only,,background_only,high,Only 3% of the studies have considered data augmentation.,SRC_PMID41196800,From results_claims.CLM_PMID41196800_01
EVLINK_2061,EQ_PMID_41196800_02,background_only,,background_only,high,Almost 99% of the studies have not explicitly considered the ratio between data-size and trainable model parameter size.,SRC_PMID41196800,From results_claims.CLM_PMID41196800_01
EVLINK_2062,EQ_PMID_41196800_03,background_only,,background_only,high,Only 19% of the studies we found have used LOSO evaluations to assess performance.,SRC_PMID41196800,From results_claims.CLM_PMID41196800_01
EVLINK_2063,EQ_PMID_41196800_04,background_only,,background_only,high,"A typical open-access fNIRS dataset holds 50 minutes of fNIRS motor task recordings captured for each of 30 subjects, at 10 Hz (300 Mb in total). These values are far beyond scarce compared to natural",SRC_PMID41196800,From results_claims.CLM_PMID41196800_02
EVLINK_2064,EQ_PMID_41196800_05,background_only,,background_only,high,"Frequency augmentation produces results with a slight improvement compared to the raw event, while time-shifted augmentation significantly enhances the performance by a 20% margin. The final combinati",SRC_PMID41196800,From results_claims.CLM_PMID41196800_03
EVLINK_2065,EQ_PMID_41196800_06,background_only,,background_only,high,"Pre-trained models derived from closely related domains, such as EEG/ECG or even speech signals, which encompass similar local and global temporal and spatial relationships, have the potential to gene",SRC_PMID41196800,From results_claims.CLM_PMID41196800_04
EVLINK_2066,EQ_PMID_40629211_01,method_atom,ATOM_data_import,method_atom,high,"Regional oxygen saturation (rSO2), defined as the percentage of oxygenated hemoglobin relative to the total hemoglobin, was measured with near infrared spectroscopy (NIRS) using optodes (Foresight Eli",SRC_PMID40629211,From acquisition.device_brand_model
EVLINK_2067,EQ_PMID_40629211_02,method_atom,ATOM_methods_report,method_atom,high,"The MAP and NIRS waveforms were acquired at 0.5 Hz and temporally synchronized for analysis using ICM+ software (Cambridge, UK). The first hour of monitoring during the calibration period was excluded",SRC_PMID40629211,From preprocessing_methods.filter_settings
EVLINK_2068,EQ_PMID_40629211_03,background_only,,background_only,high,"Higher BPV correlated with more time spent outside either limit. (R=0.71, p<0.001), including time above the upper limit (R=0.56, p=0.012) but not below the lower limit (R=0.31, p=0.200).",SRC_PMID40629211,From results_claims.CLM_PMID40629211_01
EVLINK_2069,EQ_PMID_40629211_04,background_only,,background_only,high,"We measured autoregulation by calculating a time-correlation coefficient known as the cerebral oximetry index (COx) between MAP and rSO2. First, we averaged each waveform every 10 s. We computed COx a",SRC_PMID40629211,From analysis_methods.primary_outcome
EVLINK_2070,EQ_PMID_40629211_05,background_only,,background_only,high,"Our study has limitations. The study lacks a control group, and we cannot determine whether BPV correlates with time outside the limits of CA in normotensive postpartum patients. Our sample size is sm",SRC_PMID40629211,From risk_register.RSK_PMID40629211_01
EVLINK_2071,EQ_PMID_40816923_01,method_atom,ATOM_data_import,method_atom,high,"Cerebral oxygen saturation (SctO2) was measured using near-infrared spectroscope (NIRS) Fore-Sight 2030 MS (CAS Medical Systems Inc., Branford, CT, USA) in the frontal lobes simultaneously with PCT or",SRC_PMID40816923,From acquisition.device_brand_model
EVLINK_2072,EQ_PMID_40816923_02,background_only,,background_only,high,Data were not normally distributed and expressed as median (interquartile range) or n (%). The statistical analysis was performed using nonparametric statistics and Spearman rank correlation analysis.,SRC_PMID40816923,From analysis_methods.primary_outcome
EVLINK_2073,EQ_PMID_40816923_03,background_only,,background_only,high,"Compared to the low-NWU group, the high-NWU group showed significantly lower CBF (11.0 vs 17.7 mL 100 g-1min-1, p<0.0001), lower CBV (1.25 vs 1.70 mL/100 g, p<0.001), lower SctO2; 62.6% vs 67.4%, p = ",SRC_PMID40816923,From results_claims.CLM_PMID40816923_01
EVLINK_2074,EQ_PMID_40816923_04,background_only,,background_only,high,The authors note that a further constraint was the small region-of-interest used for CT attenuation to minimize volume-averaging during perfusion calculations; multiple samplings within a single lobe ,SRC_PMID40816923,From risk_register.RSK_PMID40816923_01
EVLINK_2075,EQ_PMID_40843107_01,method_atom,ATOM_data_import,method_atom,high,"EEG was collected using EEG device for 16 leads (Mipower UC, EEG Collection V2, Tsinghua University Neural-engineering Experiment), with sampling frequency of 1000 Hz, and 24-bits A/D converter, and n",SRC_PMID40843107,From acquisition.device_brand_model
EVLINK_2076,EQ_PMID_40843107_02,method_atom,ATOM_data_import,method_atom,high,"The device of fNIRS acquisition was a portable 16 channel (China Danyang Huichuang Nir Smart) with a sampling frequency of 20 Hz and a 24-bits A/D converter, and a communication interface of WIFI",SRC_PMID40843107,From acquisition.device_brand_model
EVLINK_2077,EQ_PMID_40843107_03,method_atom,ATOM_bandpass_filter,method_atom,high,"the EEG was preprocessed using a first-order Butterworth bandpass filter (with a bandpass of 0.1-40 Hz), and artifacts are removed by ICA, followed by down sampling to 128 Hz",SRC_PMID40843107,From preprocessing_methods.filter_settings
EVLINK_2078,EQ_PMID_40843107_04,method_atom,ATOM_bandpass_filter,method_atom,high,"preprocessing the fNIRS signal and use a first-order Butterworth bandpass filter (with a bandpass of 0.02-0.1 Hz) to remove physiological noise caused by respiration (0.15-0.3 Hz), heartbeat (1.2-1.6 ",SRC_PMID40843107,From preprocessing_methods.filter_settings
EVLINK_2079,EQ_PMID_40843107_05,background_only,,background_only,high,"70% of the aligned dataset is selected as the training set, and 30% of the aligned dataset is selected as the testing set",SRC_PMID40843107,From analysis_methods.ml_split_strategy
EVLINK_2080,EQ_PMID_40843107_06,background_only,ATOM_ml_classification,background_only,high,"the average classification accuracy of LTVA-HWI and HTVA-HWI performed on 20 subjects was 90.90% and 92.28%, respectively, with no statistical difference (t-test, p = 0.6894)",SRC_PMID40843107,From results_claims.CLM_PMID40843107_01
EVLINK_2081,EQ_PMID_40843107_07,background_only,,background_only,high,"The average fuzzy entropy of the subjects during HTVA-HWI was 9.49% lower than that of LTVA-HWI (t-test, p < 0.001); 55.02% less standard deviation (t-test, p = 0.01)",SRC_PMID40843107,From results_claims.CLM_PMID40843107_02
EVLINK_2082,EQ_PMID_40843107_08,background_only,,background_only,high,"all classifications and tests were conducted independently for each participant. As the primary aim of this study was to evaluate paradigms and to control for variables influencing the evaluation, cro",SRC_PMID40843107,From results_claims.CLM_PMID40843107_04
EVLINK_2083,EQ_PMID_42255351_01,background_only,,background_only,high,"We performed 10-fold cross-validation on the logistic regression model using channels 4 and 5. The data was randomly divided into 10 subsets, with the model trained on 9 subsets and validated on the r",SRC_PMID42255351,From analysis_methods.ml_split_strategy
EVLINK_2084,EQ_PMID_42255351_02,method_atom,ATOM_motion_correction,method_atom,high,Preprocessing steps included: (1) Converting raw data into optical density (OD); (2) Motion artifact detection and identification... (3) Motion artifact correction using spline correction... (4) Filte,SRC_PMID42255351,From analysis_methods.preprocessing_inside_cv
EVLINK_2085,EQ_PMID_42255351_03,background_only,,background_only,high,"The logistic regression model established with HbO from alcohol cues in channels 4 and 5 showed a robust and generalizable predictive performance, with an average accuracy of 62.5% and an average AUC ",SRC_PMID42255351,From analysis_methods.leakage_risk
EVLINK_2086,EQ_PMID_42255351_04,background_only,,background_only,high,"channel 4's HbO value was a prognostic factor for acute attack groups (OR=5.587, 95%CI=1.101-28.351, p=0.038), while channel 5's HbO value served as an adverse factor (OR=0.162, 95%CI=0.027-0.988, p=0",SRC_PMID42255351,From results_claims.CLM_PMID42255351_01
EVLINK_2087,EQ_PMID_42255351_05,background_only,,background_only,high,"The Variance Inflation Factor (VIF) values for variables in both multiple linear regression and logistic regression exceeded 10, indicating significant multicollinearity between variables.",SRC_PMID42255351,From risk_register.RSK_PMID42255351_01
EVLINK_2088,EQ_PMID_42255351_06,method_atom,ATOM_data_import,method_atom,high,"The fNIRS measurements were conducted using a 24-channel continuous-wave fNIRS system (Artinis, Netherlands).",SRC_PMID42255351,From acquisition.device_brand_model
EVLINK_2089,EQ_PMID_42255351_07,method_atom,ATOM_data_import,method_atom,high,The device's sampling frequency was 25 Hz.,SRC_PMID42255351,From acquisition.sampling_rate_hz
EVLINK_2090,EQ_PMID_42255351_08,method_atom,ATOM_bandpass_filter,method_atom,high,"Filtering using bandpass filters (hpf=0.01, lpf=0.1) to remove noise across frequency bands",SRC_PMID42255351,From preprocessing_methods.filter_settings
EVLINK_2091,EQ_PMID_42255351_09,method_atom,ATOM_motion_correction,method_atom,high,"Motion artifact detection and identification, performing motion artifact detection on all 24 channels (tMotion=0.5, tMask=3.0, STDEVthresh=20, AMPthresh=5); Motion artifact correction using spline cor",SRC_PMID42255351,From preprocessing_methods.motion_correction
EVLINK_2092,EQ_PMID_42313692_01,background_only,,background_only,high,"crSO2 increased following transfusion in both the restrictive (6.40% 95% CI [3.85, 8.95], p<0.001) and liberal (2.75% 95% CI [0.35, 5.14], p=0.03) groups. However, the magnitude of change was greater ",SRC_PMID42313692,From results_claims.CLM_PMID42313692_01
EVLINK_2093,EQ_PMID_42313692_02,background_only,,background_only,high,"The restrictive group also demonstrated a greater transfusion-related decrease in cerebral fractional oxygen extraction than the liberal group (Q=8.30, df=1, p<0.001).",SRC_PMID42313692,From results_claims.CLM_PMID42313692_02
EVLINK_2094,EQ_PMID_42313692_03,background_only,,background_only,high,Seventeen of these had either no formal transfusion protocol or did not provide sufficient information to be classified. This likely reflects existing variation and inconsistency in current clinical p,SRC_PMID42313692,From risk_register.RSK_PMID42313692_01
EVLINK_2095,EQ_PMID_42313692_04,background_only,,background_only,high,Outcomes selected for GRADE assessment were all rated as low certainty of evidence due to serious risk of bias and inconsistency.,SRC_PMID42313692,From results_claims.CLM_PMID42313692_03
EVLINK_2096,EQ_PMID_42313692_05,method_atom,ATOM_data_import,method_atom,high,"Several NIRS monitors including Sensmart X-100 (Nonin Medical), INVOS-4100 (Medtronic), INVOS-5100C (Medtronic), and EGOS (EnginMed) were used.",SRC_PMID42313692,From acquisition.device_brand_model
EVLINK_2097,EQ_PMID_42313692_06,background_only,ATOM_methods_report,background_only,high,Considerable variation in reporting of transfusion guidelines should also be noted.,SRC_PMID42313692,From results_claims.CLM_PMID42313692_04
EVLINK_2098,EQ_PMID_41771364_01,background_only,,background_only,high,"Parent-infant synchrony emerges as a dynamic, context-dependent process.",SRC_PMID41771364,From results_claims.CLM_PMID41771364_01
EVLINK_2099,EQ_PMID_41771364_02,method_atom,ATOM_resting_connectivity,method_atom,high,Interbrain synchrony is consistently quantified using wavelet transform coherence applied to oxygenated hemoglobin signals.,SRC_PMID41771364,From analysis_methods.ml_features
EVLINK_2100,EQ_PMID_41771364_03,background_only,,background_only,high,"Methodological challenges persist, such as disentangling synchrony from shared responses.",SRC_PMID41771364,From risk_register.RSK_PMID41771364_01
EVLINK_2101,EQ_PMID_41771364_04,background_only,,background_only,high,Nearly all studies have focused exclusively on mothers.,SRC_PMID41771364,From risk_register.RSK_PMID41771364_03
EVLINK_2102,EQ_PMID_40605912_01,background_only,,background_only,high,We divided the dataset into training and test sets in an 80-20 split.,SRC_PMID40605912,From analysis_methods.ml_split_strategy
EVLINK_2103,EQ_PMID_40605912_02,background_only,,background_only,high,db4 with four decomposition levels provided the best balance.,SRC_PMID40605912,From preprocessing_methods.notes
EVLINK_2104,EQ_PMID_40605912_03,background_only,,background_only,high,The model achieved accuracy of 99.96% by the 46th epoch.,SRC_PMID40605912,From risk_register.RSK_PMID40605912_01
EVLINK_2105,EQ_PMID_42025243_01,background_only,ATOM_first_level_glm,background_only,high,Individuals with UCDs show blunted cortical activation patterns during executive function tasks.,SRC_PMID42025243,From results_claims.CLM_PMID42025243_01
EVLINK_2106,EQ_PMID_42025243_02,background_only,,background_only,high,fNIRS offers advantages for imaging in children who cannot tolerate scanner environment.,SRC_PMID42025243,From results_claims.CLM_PMID42025243_02
EVLINK_2108,EQ_PMC11833346_03,reporting_requirement,REQ_acquisition_params,reporting_requirement,medium,Reporting gap identified in literature,SRC_PMC11833346,Supports requirement REQ_acquisition_params
EVLINK_2109,EQ_PMC11833346_08,reporting_requirement,REQ_acquisition_params,reporting_requirement,medium,Reporting gap identified in literature,SRC_PMC11833346,Supports requirement REQ_acquisition_params
EVLINK_2110,EQ_PMC12053328_05,reporting_requirement,REQ_acquisition_params,reporting_requirement,medium,Reporting gap identified in literature,SRC_PMC12053328,Supports requirement REQ_acquisition_params
EVLINK_2111,EQ_PMC11833346_01,reporting_requirement,REQ_preprocessing_steps,reporting_requirement,medium,Reporting gap identified in literature,SRC_PMC11833346,Supports requirement REQ_preprocessing_steps
EVLINK_2112,EQ_PMC12505193_03,reporting_requirement,REQ_preprocessing_steps,reporting_requirement,medium,Reporting gap identified in literature,SRC_PMC12505193,Supports requirement REQ_preprocessing_steps
EVLINK_2113,EQ_PMC12909569_02,reporting_requirement,REQ_preprocessing_steps,reporting_requirement,medium,Reporting gap identified in literature,SRC_PMC12909569,Supports requirement REQ_preprocessing_steps
EVLINK_2114,EV_VBIT_0077,reporting_requirement,REQ_short_channel,reporting_requirement,medium,Reporting gap identified in literature,SRC_PMC8066873,Supports requirement REQ_short_channel
EVLINK_2115,EV_VBIT_0088,reporting_requirement,REQ_short_channel,reporting_requirement,medium,Reporting gap identified in literature,SRC_PMC12581266,Supports requirement REQ_short_channel
EVLINK_2116,EV_VBIT_0094,reporting_requirement,REQ_short_channel,reporting_requirement,medium,Reporting gap identified in literature,SRC_PMC12270413,Supports requirement REQ_short_channel
EVLINK_2117,EQ_PMC10295283_01,reporting_requirement,REQ_glm_params,reporting_requirement,medium,Reporting gap identified in literature,SRC_PMC10295283,Supports requirement REQ_glm_params
EVLINK_2118,EQ_PMC12634216_01,reporting_requirement,REQ_glm_params,reporting_requirement,medium,Reporting gap identified in literature,SRC_PMC12634216,Supports requirement REQ_glm_params
EVLINK_2119,EQ_PMC8901827_03,reporting_requirement,REQ_glm_params,reporting_requirement,medium,Reporting gap identified in literature,SRC_PMC8901827,Supports requirement REQ_glm_params
EVLINK_2120,EQ_PMC11833346_09,reporting_requirement,REQ_connectivity_params,reporting_requirement,medium,Reporting gap identified in literature,SRC_PMC11833346,Supports requirement REQ_connectivity_params
EVLINK_2121,EQ_PMC12929548_02,reporting_requirement,REQ_connectivity_params,reporting_requirement,medium,Reporting gap identified in literature,SRC_PMC12929548,Supports requirement REQ_connectivity_params
EVLINK_2122,EQ_PMC12929548_06,reporting_requirement,REQ_connectivity_params,reporting_requirement,medium,Reporting gap identified in literature,SRC_PMC12929548,Supports requirement REQ_connectivity_params
EVLINK_2123,EQ_PMC12505193_02,reporting_requirement,REQ_ml_validation,reporting_requirement,medium,Reporting gap identified in literature,SRC_PMC12505193,Supports requirement REQ_ml_validation
EVLINK_2124,EQ_PMC7868344_01,reporting_requirement,REQ_ml_validation,reporting_requirement,medium,Reporting gap identified in literature,SRC_PMC7868344,Supports requirement REQ_ml_validation
EVLINK_2125,EQ_PMC11506513_01,reporting_requirement,REQ_ml_validation,reporting_requirement,medium,Reporting gap identified in literature,SRC_PMC11506513,Supports requirement REQ_ml_validation
EVLINK_2126,EQ_PMC9917717_01,reporting_requirement,REQ_hyperscanning,reporting_requirement,medium,Reporting gap identified in literature,SRC_PMC9917717,Supports requirement REQ_hyperscanning
EVLINK_2127,EQ_PMC8231828_01,reporting_requirement,REQ_hyperscanning,reporting_requirement,medium,Reporting gap identified in literature,SRC_PMC8231828,Supports requirement REQ_hyperscanning
EVLINK_2128,EQ_PMC7047008_01,reporting_requirement,REQ_hyperscanning,reporting_requirement,medium,Reporting gap identified in literature,SRC_PMC7047008,Supports requirement REQ_hyperscanning
EVLINK_2129,EQ_PMC11833346_01,reporting_requirement,REQ_reporting_software,reporting_requirement,medium,Reporting gap identified in literature,SRC_PMC11833346,Supports requirement REQ_reporting_software
EVLINK_2130,EQ_PMC12407257_01,reporting_requirement,REQ_reporting_software,reporting_requirement,medium,Reporting gap identified in literature,SRC_PMC12407257,Supports requirement REQ_reporting_software
EVLINK_2131,EQ_PMC8901827_02,reporting_requirement,REQ_reporting_software,reporting_requirement,medium,Reporting gap identified in literature,SRC_PMC8901827,Supports requirement REQ_reporting_software
EVLINK_2132,EQ_PMC12929548_07,template,TMPL_task_glm,template,medium,Template design supported by literature,SRC_PMC12929548,Supports template TMPL_task_glm
EVLINK_2133,EQ_PMC12053328_02,template,TMPL_task_glm,template,medium,Template design supported by literature,SRC_PMC12053328,Supports template TMPL_task_glm
EVLINK_2134,EQ_PMC12952035_02,template,TMPL_task_glm,template,medium,Template design supported by literature,SRC_PMC12952035,Supports template TMPL_task_glm
EVLINK_2135,EQ_PMC11833346_05,template,TMPL_resting_connectivity,template,medium,Template design supported by literature,SRC_PMC11833346,Supports template TMPL_resting_connectivity
EVLINK_2136,EQ_PMC11833346_09,template,TMPL_resting_connectivity,template,medium,Template design supported by literature,SRC_PMC11833346,Supports template TMPL_resting_connectivity
EVLINK_2137,EQ_PMC11833346_10,template,TMPL_resting_connectivity,template,medium,Template design supported by literature,SRC_PMC11833346,Supports template TMPL_resting_connectivity
EVLINK_2138,EQ_PMC12505193_02,template,TMPL_ml_validation,template,medium,Template design supported by literature,SRC_PMC12505193,Supports template TMPL_ml_validation
EVLINK_2139,EQ_PMC7868344_01,template,TMPL_ml_validation,template,medium,Template design supported by literature,SRC_PMC7868344,Supports template TMPL_ml_validation
EVLINK_2140,EQ_PMC7868344_03,template,TMPL_ml_validation,template,medium,Template design supported by literature,SRC_PMC7868344,Supports template TMPL_ml_validation
EVLINK_2141,EQ_PMC9917717_01,template,TMPL_hyperscanning,template,medium,Template design supported by literature,SRC_PMC9917717,Supports template TMPL_hyperscanning
EVLINK_2142,EQ_PMC8231828_01,template,TMPL_hyperscanning,template,medium,Template design supported by literature,SRC_PMC8231828,Supports template TMPL_hyperscanning
EVLINK_2143,EQ_PMC7047008_01,template,TMPL_hyperscanning,template,medium,Template design supported by literature,SRC_PMC7047008,Supports template TMPL_hyperscanning
EVLINK_2144,EQ_PMC11833346_01,template,TMPL_reporting_export,template,medium,Template design supported by literature,SRC_PMC11833346,Supports template TMPL_reporting_export
EVLINK_2145,EQ_PMC11833346_02,template,TMPL_reporting_export,template,medium,Template design supported by literature,SRC_PMC11833346,Supports template TMPL_reporting_export
EVLINK_2146,EQ_PMC11833346_04,template,TMPL_reporting_export,template,medium,Template design supported by literature,SRC_PMC11833346,Supports template TMPL_reporting_export
EVLINK_4001,EQ_PMC6953699_01,method_atom,ATOM_data_import,method_atom,medium,Supporting evidence from 1447 papers,SRC_PMC6953699,Canonical atom ATOM_data_import
EVLINK_4002,EV_VBIT_0232,method_atom,ATOM_data_import,method_atom,medium,Supporting evidence from 1447 papers,SRC_PMC6953699,Canonical atom ATOM_data_import
EVLINK_4003,EQ_PMC12877426_01,method_atom,ATOM_data_import,method_atom,medium,Supporting evidence from 1447 papers,SRC_PMC12877426,Canonical atom ATOM_data_import
EVLINK_4004,EV_VBIT_0001,method_atom,ATOM_data_import,method_atom,medium,Supporting evidence from 1447 papers,SRC_PMC12877426,Canonical atom ATOM_data_import
EVLINK_4005,EV_VBIT_0002,method_atom,ATOM_data_import,method_atom,medium,Supporting evidence from 1447 papers,SRC_PMC12877426,Canonical atom ATOM_data_import
EVLINK_4006,EQ_PMC13102829_01,method_atom,ATOM_data_import,method_atom,medium,Supporting evidence from 1447 papers,SRC_PMC13102829,Canonical atom ATOM_data_import
EVLINK_4007,EQ_PMC8564674_01,method_atom,ATOM_data_import,method_atom,medium,Supporting evidence from 1447 papers,SRC_PMC8564674,Canonical atom ATOM_data_import
EVLINK_4008,EQ_PMC7586414_01,method_atom,ATOM_data_import,method_atom,medium,Supporting evidence from 1447 papers,SRC_PMC7586414,Canonical atom ATOM_data_import
EVLINK_4009,EQ_PMC7506757_01,method_atom,ATOM_data_import,method_atom,medium,Supporting evidence from 1447 papers,SRC_PMC7506757,Canonical atom ATOM_data_import
EVLINK_4010,EQ_PMC7139562_01,method_atom,ATOM_data_import,method_atom,medium,Supporting evidence from 1447 papers,SRC_PMC7139562,Canonical atom ATOM_data_import
EVLINK_4011,EQ_PMC6866983_01,method_atom,ATOM_data_import,method_atom,medium,Supporting evidence from 1447 papers,SRC_PMC6866983,Canonical atom ATOM_data_import
EVLINK_4012,EQ_PMC10297241_01,method_atom,ATOM_data_import,method_atom,medium,Supporting evidence from 1447 papers,SRC_PMC10297241,Canonical atom ATOM_data_import
EVLINK_4013,EQ_PMC9163532_01,method_atom,ATOM_data_import,method_atom,medium,Supporting evidence from 1447 papers,SRC_PMC9163532,Canonical atom ATOM_data_import
EVLINK_4014,EQ_PMC12942210_01,method_atom,ATOM_data_import,method_atom,medium,Supporting evidence from 1447 papers,SRC_PMC12942210,Canonical atom ATOM_data_import
EVLINK_4015,EQ_PMC12565398_01,method_atom,ATOM_data_import,method_atom,medium,Supporting evidence from 1447 papers,SRC_PMC12565398,Canonical atom ATOM_data_import
EVLINK_4016,EQ_PMC4801878_01,method_atom,ATOM_optical_density,method_atom,medium,Supporting evidence from 15 papers,SRC_PMC4801878,Canonical atom ATOM_optical_density
EVLINK_4017,EV_VBIT_0016,method_atom,ATOM_optical_density,method_atom,medium,Supporting evidence from 15 papers,SRC_PMC4801878,Canonical atom ATOM_optical_density
EVLINK_4018,EV_VBIT_0017,method_atom,ATOM_optical_density,method_atom,medium,Supporting evidence from 15 papers,SRC_PMC4801878,Canonical atom ATOM_optical_density
EVLINK_4019,EQ_PMC4524732_01,method_atom,ATOM_optical_density,method_atom,medium,Supporting evidence from 15 papers,SRC_PMC4524732,Canonical atom ATOM_optical_density
EVLINK_4020,EV_VBIT_0042,method_atom,ATOM_optical_density,method_atom,medium,Supporting evidence from 15 papers,SRC_PMC4524732,Canonical atom ATOM_optical_density
EVLINK_4021,EQ_PMC8901827_01,method_atom,ATOM_optical_density,method_atom,medium,Supporting evidence from 15 papers,SRC_PMC8901827,Canonical atom ATOM_optical_density
EVLINK_4022,EQ_PMC8901827_02,method_atom,ATOM_optical_density,method_atom,medium,Supporting evidence from 15 papers,SRC_PMC8901827,Canonical atom ATOM_optical_density
EVLINK_4023,EQ_PMC8901827_03,method_atom,ATOM_optical_density,method_atom,medium,Supporting evidence from 15 papers,SRC_PMC8901827,Canonical atom ATOM_optical_density
EVLINK_4024,EQ_PMC4524535_01,method_atom,ATOM_optical_density,method_atom,medium,Supporting evidence from 15 papers,SRC_PMC4524535,Canonical atom ATOM_optical_density
EVLINK_4025,EV_VBIT_0228,method_atom,ATOM_optical_density,method_atom,medium,Supporting evidence from 15 papers,SRC_PMC4524535,Canonical atom ATOM_optical_density
EVLINK_4026,EV_PMC4750083,method_atom,ATOM_optical_density,method_atom,medium,Supporting evidence from 15 papers,SRC_PMC4750083,Canonical atom ATOM_optical_density
EVLINK_4027,EV_VBIT_0212,method_atom,ATOM_optical_density,method_atom,medium,Supporting evidence from 15 papers,SRC_PMC4750083,Canonical atom ATOM_optical_density
EVLINK_4028,EV_28046043_01,method_atom,ATOM_optical_density,method_atom,medium,Supporting evidence from 15 papers,SRC_28046043,Canonical atom ATOM_optical_density
EVLINK_4029,EV_29494335_01,method_atom,ATOM_optical_density,method_atom,medium,Supporting evidence from 15 papers,SRC_29494335,Canonical atom ATOM_optical_density
EVLINK_4030,EV_35344941_01,method_atom,ATOM_optical_density,method_atom,medium,Supporting evidence from 15 papers,SRC_35344941,Canonical atom ATOM_optical_density
EVLINK_4031,EQ_PMC6953699_01,method_atom,ATOM_motion_correction,method_atom,medium,Supporting evidence from 1343 papers,SRC_PMC6953699,Canonical atom ATOM_motion_correction
EVLINK_4032,EV_VBIT_0232,method_atom,ATOM_motion_correction,method_atom,medium,Supporting evidence from 1343 papers,SRC_PMC6953699,Canonical atom ATOM_motion_correction
EVLINK_4033,EQ_PMC13102829_01,method_atom,ATOM_motion_correction,method_atom,medium,Supporting evidence from 1343 papers,SRC_PMC13102829,Canonical atom ATOM_motion_correction
EVLINK_4034,EQ_PMC8564674_01,method_atom,ATOM_motion_correction,method_atom,medium,Supporting evidence from 1343 papers,SRC_PMC8564674,Canonical atom ATOM_motion_correction
EVLINK_4035,EQ_PMC7586414_01,method_atom,ATOM_motion_correction,method_atom,medium,Supporting evidence from 1343 papers,SRC_PMC7586414,Canonical atom ATOM_motion_correction
EVLINK_4036,EQ_PMC10297241_01,method_atom,ATOM_motion_correction,method_atom,medium,Supporting evidence from 1343 papers,SRC_PMC10297241,Canonical atom ATOM_motion_correction
EVLINK_4037,EQ_PMC12329493_01,method_atom,ATOM_motion_correction,method_atom,medium,Supporting evidence from 1343 papers,SRC_PMC12329493,Canonical atom ATOM_motion_correction
EVLINK_4038,EQ_PMC11793855_01,method_atom,ATOM_motion_correction,method_atom,medium,Supporting evidence from 1343 papers,SRC_PMC11793855,Canonical atom ATOM_motion_correction
EVLINK_4039,EQ_PMC11592962_01,method_atom,ATOM_motion_correction,method_atom,medium,Supporting evidence from 1343 papers,SRC_PMC11592962,Canonical atom ATOM_motion_correction
EVLINK_4040,EQ_PMC6297380_01,method_atom,ATOM_motion_correction,method_atom,medium,Supporting evidence from 1343 papers,SRC_PMC6297380,Canonical atom ATOM_motion_correction
EVLINK_4041,EV_VBIT_0003,method_atom,ATOM_motion_correction,method_atom,medium,Supporting evidence from 1343 papers,SRC_PMC6297380,Canonical atom ATOM_motion_correction
EVLINK_4042,EQ_PMC4801878_01,method_atom,ATOM_motion_correction,method_atom,medium,Supporting evidence from 1343 papers,SRC_PMC4801878,Canonical atom ATOM_motion_correction
EVLINK_4043,EV_VBIT_0016,method_atom,ATOM_motion_correction,method_atom,medium,Supporting evidence from 1343 papers,SRC_PMC4801878,Canonical atom ATOM_motion_correction
EVLINK_4044,EV_VBIT_0017,method_atom,ATOM_motion_correction,method_atom,medium,Supporting evidence from 1343 papers,SRC_PMC4801878,Canonical atom ATOM_motion_correction
EVLINK_4046,EQ_PMC6953699_01,method_atom,ATOM_bandpass_filter,method_atom,medium,Supporting evidence from 334 papers,SRC_PMC6953699,Canonical atom ATOM_bandpass_filter
EVLINK_4047,EV_VBIT_0232,method_atom,ATOM_bandpass_filter,method_atom,medium,Supporting evidence from 334 papers,SRC_PMC6953699,Canonical atom ATOM_bandpass_filter
EVLINK_4048,EQ_PMC12877426_01,method_atom,ATOM_bandpass_filter,method_atom,medium,Supporting evidence from 334 papers,SRC_PMC12877426,Canonical atom ATOM_bandpass_filter
EVLINK_4049,EV_VBIT_0001,method_atom,ATOM_bandpass_filter,method_atom,medium,Supporting evidence from 334 papers,SRC_PMC12877426,Canonical atom ATOM_bandpass_filter
EVLINK_4050,EV_VBIT_0002,method_atom,ATOM_bandpass_filter,method_atom,medium,Supporting evidence from 334 papers,SRC_PMC12877426,Canonical atom ATOM_bandpass_filter
EVLINK_4051,EQ_PMC13102829_01,method_atom,ATOM_bandpass_filter,method_atom,medium,Supporting evidence from 334 papers,SRC_PMC13102829,Canonical atom ATOM_bandpass_filter
EVLINK_4052,EQ_PMC8564674_01,method_atom,ATOM_bandpass_filter,method_atom,medium,Supporting evidence from 334 papers,SRC_PMC8564674,Canonical atom ATOM_bandpass_filter
EVLINK_4053,EQ_PMC7586414_01,method_atom,ATOM_bandpass_filter,method_atom,medium,Supporting evidence from 334 papers,SRC_PMC7586414,Canonical atom ATOM_bandpass_filter
EVLINK_4054,EQ_PMC7506757_01,method_atom,ATOM_bandpass_filter,method_atom,medium,Supporting evidence from 334 papers,SRC_PMC7506757,Canonical atom ATOM_bandpass_filter
EVLINK_4055,EQ_PMC7139562_01,method_atom,ATOM_bandpass_filter,method_atom,medium,Supporting evidence from 334 papers,SRC_PMC7139562,Canonical atom ATOM_bandpass_filter
EVLINK_4056,EQ_PMC6866983_01,method_atom,ATOM_bandpass_filter,method_atom,medium,Supporting evidence from 334 papers,SRC_PMC6866983,Canonical atom ATOM_bandpass_filter
EVLINK_4057,EQ_PMC10297241_01,method_atom,ATOM_bandpass_filter,method_atom,medium,Supporting evidence from 334 papers,SRC_PMC10297241,Canonical atom ATOM_bandpass_filter
EVLINK_4058,EQ_PMC9163532_01,method_atom,ATOM_bandpass_filter,method_atom,medium,Supporting evidence from 334 papers,SRC_PMC9163532,Canonical atom ATOM_bandpass_filter
EVLINK_4059,EQ_PMC12942210_01,method_atom,ATOM_bandpass_filter,method_atom,medium,Supporting evidence from 334 papers,SRC_PMC12942210,Canonical atom ATOM_bandpass_filter
EVLINK_4060,EQ_PMC12565398_01,method_atom,ATOM_bandpass_filter,method_atom,medium,Supporting evidence from 334 papers,SRC_PMC12565398,Canonical atom ATOM_bandpass_filter
EVLINK_4061,EQ_PMC6953699_01,method_atom,ATOM_short_channel_regression,method_atom,medium,Supporting evidence from 83 papers,SRC_PMC6953699,Canonical atom ATOM_short_channel_regression
EVLINK_4062,EV_VBIT_0232,method_atom,ATOM_short_channel_regression,method_atom,medium,Supporting evidence from 83 papers,SRC_PMC6953699,Canonical atom ATOM_short_channel_regression
EVLINK_4063,EQ_PMC12877426_01,method_atom,ATOM_short_channel_regression,method_atom,medium,Supporting evidence from 83 papers,SRC_PMC12877426,Canonical atom ATOM_short_channel_regression
EVLINK_4064,EV_VBIT_0001,method_atom,ATOM_short_channel_regression,method_atom,medium,Supporting evidence from 83 papers,SRC_PMC12877426,Canonical atom ATOM_short_channel_regression
EVLINK_4065,EV_VBIT_0002,method_atom,ATOM_short_channel_regression,method_atom,medium,Supporting evidence from 83 papers,SRC_PMC12877426,Canonical atom ATOM_short_channel_regression
EVLINK_4066,EQ_PMC4524732_01,method_atom,ATOM_short_channel_regression,method_atom,medium,Supporting evidence from 83 papers,SRC_PMC4524732,Canonical atom ATOM_short_channel_regression
EVLINK_4067,EV_VBIT_0042,method_atom,ATOM_short_channel_regression,method_atom,medium,Supporting evidence from 83 papers,SRC_PMC4524732,Canonical atom ATOM_short_channel_regression
EVLINK_4068,EQ_PMC4524535_01,method_atom,ATOM_short_channel_regression,method_atom,medium,Supporting evidence from 83 papers,SRC_PMC4524535,Canonical atom ATOM_short_channel_regression
EVLINK_4069,EV_VBIT_0228,method_atom,ATOM_short_channel_regression,method_atom,medium,Supporting evidence from 83 papers,SRC_PMC4524535,Canonical atom ATOM_short_channel_regression
EVLINK_4070,EQ_PMC10199511_01,method_atom,ATOM_short_channel_regression,method_atom,medium,Supporting evidence from 83 papers,SRC_PMC10199511,Canonical atom ATOM_short_channel_regression
EVLINK_4071,EV_VBIT_0179,method_atom,ATOM_short_channel_regression,method_atom,medium,Supporting evidence from 83 papers,SRC_PMC10199511,Canonical atom ATOM_short_channel_regression
EVLINK_4072,EV_PMC6278088,method_atom,ATOM_short_channel_regression,method_atom,medium,Supporting evidence from 83 papers,SRC_PMC6278088,Canonical atom ATOM_short_channel_regression
EVLINK_4073,EV_VBIT_0291,method_atom,ATOM_short_channel_regression,method_atom,medium,Supporting evidence from 83 papers,SRC_PMC6278088,Canonical atom ATOM_short_channel_regression
EVLINK_4074,EV_VBIT_0292,method_atom,ATOM_short_channel_regression,method_atom,medium,Supporting evidence from 83 papers,SRC_PMC6278088,Canonical atom ATOM_short_channel_regression
EVLINK_4075,EQ_PMC11527908_01,method_atom,ATOM_short_channel_regression,method_atom,medium,Supporting evidence from 83 papers,SRC_PMC11527908,Canonical atom ATOM_short_channel_regression
EVLINK_4076,EQ_PMC4801878_01,method_atom,ATOM_mbll_conversion,method_atom,medium,Supporting evidence from 345 papers,SRC_PMC4801878,Canonical atom ATOM_mbll_conversion
EVLINK_4077,EV_VBIT_0016,method_atom,ATOM_mbll_conversion,method_atom,medium,Supporting evidence from 345 papers,SRC_PMC4801878,Canonical atom ATOM_mbll_conversion
EVLINK_4078,EV_VBIT_0017,method_atom,ATOM_mbll_conversion,method_atom,medium,Supporting evidence from 345 papers,SRC_PMC4801878,Canonical atom ATOM_mbll_conversion
EVLINK_4079,EQ_PMC4524732_01,method_atom,ATOM_mbll_conversion,method_atom,medium,Supporting evidence from 345 papers,SRC_PMC4524732,Canonical atom ATOM_mbll_conversion
EVLINK_4080,EV_VBIT_0042,method_atom,ATOM_mbll_conversion,method_atom,medium,Supporting evidence from 345 papers,SRC_PMC4524732,Canonical atom ATOM_mbll_conversion
EVLINK_4081,EQ_PMC4524535_01,method_atom,ATOM_mbll_conversion,method_atom,medium,Supporting evidence from 345 papers,SRC_PMC4524535,Canonical atom ATOM_mbll_conversion
EVLINK_4082,EV_VBIT_0228,method_atom,ATOM_mbll_conversion,method_atom,medium,Supporting evidence from 345 papers,SRC_PMC4524535,Canonical atom ATOM_mbll_conversion
EVLINK_4083,EQ_PMC12821684_01,method_atom,ATOM_mbll_conversion,method_atom,medium,Supporting evidence from 345 papers,SRC_PMC12821684,Canonical atom ATOM_mbll_conversion
EVLINK_4084,EQ_PMC9335366_01,method_atom,ATOM_mbll_conversion,method_atom,medium,Supporting evidence from 345 papers,SRC_PMC9335366,Canonical atom ATOM_mbll_conversion
EVLINK_4085,EQ_PMC4899446_01,method_atom,ATOM_mbll_conversion,method_atom,medium,Supporting evidence from 345 papers,SRC_PMC4899446,Canonical atom ATOM_mbll_conversion
EVLINK_4086,EQ_PMC11527908_01,method_atom,ATOM_mbll_conversion,method_atom,medium,Supporting evidence from 345 papers,SRC_PMC11527908,Canonical atom ATOM_mbll_conversion
EVLINK_4087,EV_PMC13256807,method_atom,ATOM_mbll_conversion,method_atom,medium,Supporting evidence from 345 papers,SRC_PMC13256807,Canonical atom ATOM_mbll_conversion
EVLINK_4088,EV_PMC13106591,method_atom,ATOM_mbll_conversion,method_atom,medium,Supporting evidence from 345 papers,SRC_PMC13106591,Canonical atom ATOM_mbll_conversion
EVLINK_4089,EV_PMC13105909,method_atom,ATOM_mbll_conversion,method_atom,medium,Supporting evidence from 345 papers,SRC_PMC13105909,Canonical atom ATOM_mbll_conversion
EVLINK_4090,EV_PMC13125256,method_atom,ATOM_mbll_conversion,method_atom,medium,Supporting evidence from 345 papers,SRC_PMC13125256,Canonical atom ATOM_mbll_conversion
EVLINK_4091,EQ_PMC6953699_01,method_atom,ATOM_first_level_glm,method_atom,medium,Supporting evidence from 340 papers,SRC_PMC6953699,Canonical atom ATOM_first_level_glm
EVLINK_4092,EV_VBIT_0232,method_atom,ATOM_first_level_glm,method_atom,medium,Supporting evidence from 340 papers,SRC_PMC6953699,Canonical atom ATOM_first_level_glm
EVLINK_4093,EQ_PMC12877426_01,method_atom,ATOM_first_level_glm,method_atom,medium,Supporting evidence from 340 papers,SRC_PMC12877426,Canonical atom ATOM_first_level_glm
EVLINK_4094,EV_VBIT_0001,method_atom,ATOM_first_level_glm,method_atom,medium,Supporting evidence from 340 papers,SRC_PMC12877426,Canonical atom ATOM_first_level_glm
EVLINK_4095,EV_VBIT_0002,method_atom,ATOM_first_level_glm,method_atom,medium,Supporting evidence from 340 papers,SRC_PMC12877426,Canonical atom ATOM_first_level_glm
EVLINK_4096,EQ_PMC5363470_01,method_atom,ATOM_first_level_glm,method_atom,medium,Supporting evidence from 340 papers,SRC_PMC5363470,Canonical atom ATOM_first_level_glm
EVLINK_4097,EQ_PMC6213715_01,method_atom,ATOM_first_level_glm,method_atom,medium,Supporting evidence from 340 papers,SRC_PMC6213715,Canonical atom ATOM_first_level_glm
EVLINK_4098,EQ_PMC6297380_01,method_atom,ATOM_first_level_glm,method_atom,medium,Supporting evidence from 340 papers,SRC_PMC6297380,Canonical atom ATOM_first_level_glm
EVLINK_4099,EV_VBIT_0003,method_atom,ATOM_first_level_glm,method_atom,medium,Supporting evidence from 340 papers,SRC_PMC6297380,Canonical atom ATOM_first_level_glm
EVLINK_4100,EQ_PMC5603769_01,method_atom,ATOM_first_level_glm,method_atom,medium,Supporting evidence from 340 papers,SRC_PMC5603769,Canonical atom ATOM_first_level_glm
EVLINK_4101,EV_VBIT_0004,method_atom,ATOM_first_level_glm,method_atom,medium,Supporting evidence from 340 papers,SRC_PMC5603769,Canonical atom ATOM_first_level_glm
EVLINK_4102,EV_VBIT_0005,method_atom,ATOM_first_level_glm,method_atom,medium,Supporting evidence from 340 papers,SRC_PMC5603769,Canonical atom ATOM_first_level_glm
EVLINK_4103,EQ_PMC6336925_01,method_atom,ATOM_first_level_glm,method_atom,medium,Supporting evidence from 340 papers,SRC_PMC6336925,Canonical atom ATOM_first_level_glm
EVLINK_4104,EV_VBIT_0013,method_atom,ATOM_first_level_glm,method_atom,medium,Supporting evidence from 340 papers,SRC_PMC6336925,Canonical atom ATOM_first_level_glm
EVLINK_4105,EV_VBIT_0014,method_atom,ATOM_first_level_glm,method_atom,medium,Supporting evidence from 340 papers,SRC_PMC6336925,Canonical atom ATOM_first_level_glm
EVLINK_4106,EQ_PMC6953699_01,method_atom,ATOM_resting_connectivity,method_atom,medium,Supporting evidence from 292 papers,SRC_PMC6953699,Canonical atom ATOM_resting_connectivity
EVLINK_4107,EV_VBIT_0232,method_atom,ATOM_resting_connectivity,method_atom,medium,Supporting evidence from 292 papers,SRC_PMC6953699,Canonical atom ATOM_resting_connectivity
EVLINK_4108,EQ_PMC12877426_01,method_atom,ATOM_resting_connectivity,method_atom,medium,Supporting evidence from 292 papers,SRC_PMC12877426,Canonical atom ATOM_resting_connectivity
EVLINK_4109,EV_VBIT_0001,method_atom,ATOM_resting_connectivity,method_atom,medium,Supporting evidence from 292 papers,SRC_PMC12877426,Canonical atom ATOM_resting_connectivity
EVLINK_4110,EV_VBIT_0002,method_atom,ATOM_resting_connectivity,method_atom,medium,Supporting evidence from 292 papers,SRC_PMC12877426,Canonical atom ATOM_resting_connectivity
EVLINK_4111,EQ_PMC10277131_01,method_atom,ATOM_resting_connectivity,method_atom,medium,Supporting evidence from 292 papers,SRC_PMC10277131,Canonical atom ATOM_resting_connectivity
EVLINK_4112,EQ_PMC13102829_01,method_atom,ATOM_resting_connectivity,method_atom,medium,Supporting evidence from 292 papers,SRC_PMC13102829,Canonical atom ATOM_resting_connectivity
EVLINK_4113,EQ_PMC8564674_01,method_atom,ATOM_resting_connectivity,method_atom,medium,Supporting evidence from 292 papers,SRC_PMC8564674,Canonical atom ATOM_resting_connectivity
EVLINK_4114,EQ_PMC7586414_01,method_atom,ATOM_resting_connectivity,method_atom,medium,Supporting evidence from 292 papers,SRC_PMC7586414,Canonical atom ATOM_resting_connectivity
EVLINK_4115,EQ_PMC7506757_01,method_atom,ATOM_resting_connectivity,method_atom,medium,Supporting evidence from 292 papers,SRC_PMC7506757,Canonical atom ATOM_resting_connectivity
EVLINK_4116,EQ_PMC7139562_01,method_atom,ATOM_resting_connectivity,method_atom,medium,Supporting evidence from 292 papers,SRC_PMC7139562,Canonical atom ATOM_resting_connectivity
EVLINK_4117,EQ_PMC6866983_01,method_atom,ATOM_resting_connectivity,method_atom,medium,Supporting evidence from 292 papers,SRC_PMC6866983,Canonical atom ATOM_resting_connectivity
EVLINK_4118,EQ_PMC10297241_01,method_atom,ATOM_resting_connectivity,method_atom,medium,Supporting evidence from 292 papers,SRC_PMC10297241,Canonical atom ATOM_resting_connectivity
EVLINK_4119,EQ_PMC9163532_01,method_atom,ATOM_resting_connectivity,method_atom,medium,Supporting evidence from 292 papers,SRC_PMC9163532,Canonical atom ATOM_resting_connectivity
EVLINK_4120,EQ_PMC12942210_01,method_atom,ATOM_resting_connectivity,method_atom,medium,Supporting evidence from 292 papers,SRC_PMC12942210,Canonical atom ATOM_resting_connectivity
EVLINK_4121,EQ_PMC6213715_01,method_atom,ATOM_ml_feature_extraction,method_atom,medium,Supporting evidence from 74 papers,SRC_PMC6213715,Canonical atom ATOM_ml_feature_extraction
EVLINK_4122,EQ_PMC13254259_01,method_atom,ATOM_ml_feature_extraction,method_atom,medium,Supporting evidence from 74 papers,SRC_PMC13254259,Canonical atom ATOM_ml_feature_extraction
EVLINK_4123,EQ_PMC12938511_01,method_atom,ATOM_ml_feature_extraction,method_atom,medium,Supporting evidence from 74 papers,SRC_PMC12938511,Canonical atom ATOM_ml_feature_extraction
EVLINK_4124,EV_VBIT_0049,method_atom,ATOM_ml_feature_extraction,method_atom,medium,Supporting evidence from 74 papers,SRC_PMC12938511,Canonical atom ATOM_ml_feature_extraction
EVLINK_4125,EV_VBIT_0050,method_atom,ATOM_ml_feature_extraction,method_atom,medium,Supporting evidence from 74 papers,SRC_PMC12938511,Canonical atom ATOM_ml_feature_extraction
EVLINK_4126,EQ_PMC12803311_01,method_atom,ATOM_ml_feature_extraction,method_atom,medium,Supporting evidence from 74 papers,SRC_PMC12803311,Canonical atom ATOM_ml_feature_extraction
EVLINK_4127,EV_VBIT_0051,method_atom,ATOM_ml_feature_extraction,method_atom,medium,Supporting evidence from 74 papers,SRC_PMC12803311,Canonical atom ATOM_ml_feature_extraction
EVLINK_4128,EV_VBIT_0052,method_atom,ATOM_ml_feature_extraction,method_atom,medium,Supporting evidence from 74 papers,SRC_PMC12803311,Canonical atom ATOM_ml_feature_extraction
EVLINK_4129,EQ_PMC12747172_01,method_atom,ATOM_ml_feature_extraction,method_atom,medium,Supporting evidence from 74 papers,SRC_PMC12747172,Canonical atom ATOM_ml_feature_extraction
EVLINK_4130,EV_VBIT_0053,method_atom,ATOM_ml_feature_extraction,method_atom,medium,Supporting evidence from 74 papers,SRC_PMC12747172,Canonical atom ATOM_ml_feature_extraction
EVLINK_4131,EV_VBIT_0054,method_atom,ATOM_ml_feature_extraction,method_atom,medium,Supporting evidence from 74 papers,SRC_PMC12747172,Canonical atom ATOM_ml_feature_extraction
EVLINK_4132,EQ_PMC12793994_01,method_atom,ATOM_ml_feature_extraction,method_atom,medium,Supporting evidence from 74 papers,SRC_PMC12793994,Canonical atom ATOM_ml_feature_extraction
EVLINK_4133,EQ_PMC12618017_01,method_atom,ATOM_ml_feature_extraction,method_atom,medium,Supporting evidence from 74 papers,SRC_PMC12618017,Canonical atom ATOM_ml_feature_extraction
EVLINK_4134,EV_VBIT_0055,method_atom,ATOM_ml_feature_extraction,method_atom,medium,Supporting evidence from 74 papers,SRC_PMC12618017,Canonical atom ATOM_ml_feature_extraction
EVLINK_4135,EV_VBIT_0056,method_atom,ATOM_ml_feature_extraction,method_atom,medium,Supporting evidence from 74 papers,SRC_PMC12618017,Canonical atom ATOM_ml_feature_extraction
EVLINK_5001,EQ_PMC9245014_01,method_atom,ATOM_signal_qc,method_atom,medium,QC-related evidence from literature,SRC_PMC9245014,Supports ATOM_signal_qc
EVLINK_5002,EQ_PMC7827826_01,method_atom,ATOM_signal_qc,method_atom,medium,QC-related evidence from literature,SRC_PMC7827826,Supports ATOM_signal_qc
EVLINK_5003,EQ_PMC12011959_01,method_atom,ATOM_signal_qc,method_atom,medium,QC-related evidence from literature,SRC_PMC12011959,Supports ATOM_signal_qc
EVLINK_5004,EQ_PMC3593170_01,method_atom,ATOM_signal_qc,method_atom,medium,QC-related evidence from literature,SRC_PMC3593170,Supports ATOM_signal_qc
EVLINK_5005,EQ_PMC7364176_01,method_atom,ATOM_signal_qc,method_atom,medium,QC-related evidence from literature,SRC_PMC7364176,Supports ATOM_signal_qc
EVLINK_5006,EQ_PMC12747172_01,method_atom,ATOM_signal_qc,method_atom,medium,QC-related evidence from literature,SRC_PMC12747172,Supports ATOM_signal_qc
EVLINK_5007,EQ_PMC5001212_01,method_atom,ATOM_signal_qc,method_atom,medium,QC-related evidence from literature,SRC_PMC5001212,Supports ATOM_signal_qc
EVLINK_5008,EQ_PMC12714936_01,method_atom,ATOM_signal_qc,method_atom,medium,QC-related evidence from literature,SRC_PMC12714936,Supports ATOM_signal_qc
EVLINK_5009,EQ_PMC11314658_01,method_atom,ATOM_signal_qc,method_atom,medium,QC-related evidence from literature,SRC_PMC11314658,Supports ATOM_signal_qc
EVLINK_5010,EQ_PMC10681683_01,method_atom,ATOM_signal_qc,method_atom,medium,QC-related evidence from literature,SRC_PMC10681683,Supports ATOM_signal_qc
EVLINK_5011,EQ_PMC9587749_01,method_atom,ATOM_signal_qc,method_atom,medium,QC-related evidence from literature,SRC_PMC9587749,Supports ATOM_signal_qc
EVLINK_5012,EQ_PMC9555616_01,method_atom,ATOM_signal_qc,method_atom,medium,QC-related evidence from literature,SRC_PMC9555616,Supports ATOM_signal_qc
EVLINK_5013,EQ_PMC9386281_01,method_atom,ATOM_signal_qc,method_atom,medium,QC-related evidence from literature,SRC_PMC9386281,Supports ATOM_signal_qc
EVLINK_5014,EQ_PMC9116886_01,method_atom,ATOM_signal_qc,method_atom,medium,QC-related evidence from literature,SRC_PMC9116886,Supports ATOM_signal_qc
EVLINK_5015,EQ_PMC8869971_01,method_atom,ATOM_signal_qc,method_atom,medium,QC-related evidence from literature,SRC_PMC8869971,Supports ATOM_signal_qc
EVLINK_5016,EQ_PMC8231828_01,method_atom,ATOM_signal_qc,method_atom,medium,QC-related evidence from literature,SRC_PMC8231828,Supports ATOM_signal_qc
EVLINK_5017,EQ_PMC8093202_01,method_atom,ATOM_signal_qc,method_atom,medium,QC-related evidence from literature,SRC_PMC8093202,Supports ATOM_signal_qc
EVLINK_5018,EQ_PMC7829673_01,method_atom,ATOM_signal_qc,method_atom,medium,QC-related evidence from literature,SRC_PMC7829673,Supports ATOM_signal_qc
EVLINK_5019,EQ_PMC7511246_01,method_atom,ATOM_signal_qc,method_atom,medium,QC-related evidence from literature,SRC_PMC7511246,Supports ATOM_signal_qc
EVLINK_5020,EQ_PMC6257082_01,method_atom,ATOM_signal_qc,method_atom,medium,QC-related evidence from literature,SRC_PMC6257082,Supports ATOM_signal_qc
EVLINK_5021,EQ_PMC5971219_01,method_atom,ATOM_signal_qc,method_atom,medium,QC-related evidence from literature,SRC_PMC5971219,Supports ATOM_signal_qc
EVLINK_5022,EQ_PMC4913108_01,method_atom,ATOM_signal_qc,method_atom,medium,QC-related evidence from literature,SRC_PMC4913108,Supports ATOM_signal_qc
EVLINK_5023,EQ_PMC4619753_01,method_atom,ATOM_signal_qc,method_atom,medium,QC-related evidence from literature,SRC_PMC4619753,Supports ATOM_signal_qc
EVLINK_5024,EQ_PMC3756568_01,method_atom,ATOM_signal_qc,method_atom,medium,QC-related evidence from literature,SRC_PMC3756568,Supports ATOM_signal_qc
EVLINK_5025,EQ_PMC4524535_01,method_atom,ATOM_signal_qc,method_atom,medium,QC-related evidence from literature,SRC_PMC4524535,Supports ATOM_signal_qc
EVLINK_5026,EQ_PMC3665655_01,method_atom,ATOM_signal_qc,method_atom,medium,QC-related evidence from literature,SRC_PMC3665655,Supports ATOM_signal_qc
EVLINK_5027,EQ_PMC3348501_01,method_atom,ATOM_signal_qc,method_atom,medium,QC-related evidence from literature,SRC_PMC3348501,Supports ATOM_signal_qc
EVLINK_5028,EQ_PMC3288700_01,method_atom,ATOM_signal_qc,method_atom,medium,QC-related evidence from literature,SRC_PMC3288700,Supports ATOM_signal_qc
EVLINK_5029,EQ_PMC3254723_01,method_atom,ATOM_signal_qc,method_atom,medium,QC-related evidence from literature,SRC_PMC3254723,Supports ATOM_signal_qc
EVLINK_5030,EQ_PMC13030481_01,method_atom,ATOM_signal_qc,method_atom,medium,QC-related evidence from literature,SRC_PMC13030481,Supports ATOM_signal_qc
EVLINK_5031,EQ_PMC12912286_01,method_atom,ATOM_signal_qc,method_atom,medium,QC-related evidence from literature,SRC_PMC12912286,Supports ATOM_signal_qc
EVLINK_5032,EQ_PMC11945418_01,method_atom,ATOM_signal_qc,method_atom,medium,QC-related evidence from literature,SRC_PMC11945418,Supports ATOM_signal_qc
EVLINK_5033,EQ_PMC12179319_01,method_atom,ATOM_signal_qc,method_atom,medium,QC-related evidence from literature,SRC_PMC12179319,Supports ATOM_signal_qc
EVLINK_5034,EQ_PMC11188482_01,method_atom,ATOM_signal_qc,method_atom,medium,QC-related evidence from literature,SRC_PMC11188482,Supports ATOM_signal_qc
EVLINK_5035,EQ_PMC11125330_01,method_atom,ATOM_signal_qc,method_atom,medium,QC-related evidence from literature,SRC_PMC11125330,Supports ATOM_signal_qc
EVLINK_5036,EQ_PMC10741372_01,method_atom,ATOM_signal_qc,method_atom,medium,QC-related evidence from literature,SRC_PMC10741372,Supports ATOM_signal_qc
EVLINK_5037,EQ_PMC9576156_01,method_atom,ATOM_signal_qc,method_atom,medium,QC-related evidence from literature,SRC_PMC9576156,Supports ATOM_signal_qc
EVLINK_5038,EQ_PMC9366124_01,method_atom,ATOM_signal_qc,method_atom,medium,QC-related evidence from literature,SRC_PMC9366124,Supports ATOM_signal_qc
EVLINK_5039,EQ_PMC8831678_01,method_atom,ATOM_signal_qc,method_atom,medium,QC-related evidence from literature,SRC_PMC8831678,Supports ATOM_signal_qc
EVLINK_5040,EQ_PMC8170390_01,method_atom,ATOM_signal_qc,method_atom,medium,QC-related evidence from literature,SRC_PMC8170390,Supports ATOM_signal_qc
EVLINK_5041,EQ_PMC8113412_01,method_atom,ATOM_signal_qc,method_atom,medium,QC-related evidence from literature,SRC_PMC8113412,Supports ATOM_signal_qc
EVLINK_5042,EQ_PMC7745044_01,method_atom,ATOM_signal_qc,method_atom,medium,QC-related evidence from literature,SRC_PMC7745044,Supports ATOM_signal_qc
EVLINK_5043,EQ_PMC7047008_01,method_atom,ATOM_signal_qc,method_atom,medium,QC-related evidence from literature,SRC_PMC7047008,Supports ATOM_signal_qc
EVLINK_5044,EQ_PMC7703677_01,method_atom,ATOM_signal_qc,method_atom,medium,QC-related evidence from literature,SRC_PMC7703677,Supports ATOM_signal_qc
EVLINK_5045,EQ_PMC6820049_01,method_atom,ATOM_signal_qc,method_atom,medium,QC-related evidence from literature,SRC_PMC6820049,Supports ATOM_signal_qc
EVLINK_5046,EQ_PMC6769087_01,method_atom,ATOM_signal_qc,method_atom,medium,QC-related evidence from literature,SRC_PMC6769087,Supports ATOM_signal_qc
EVLINK_5047,EQ_PMC6191612_01,method_atom,ATOM_signal_qc,method_atom,medium,QC-related evidence from literature,SRC_PMC6191612,Supports ATOM_signal_qc
EVLINK_5048,EQ_PMC6323003_01,method_atom,ATOM_signal_qc,method_atom,medium,QC-related evidence from literature,SRC_PMC6323003,Supports ATOM_signal_qc
EVLINK_5049,EQ_PMC5766679_01,method_atom,ATOM_signal_qc,method_atom,medium,QC-related evidence from literature,SRC_PMC5766679,Supports ATOM_signal_qc
EVLINK_5050,EQ_PMC5175555_01,method_atom,ATOM_signal_qc,method_atom,medium,QC-related evidence from literature,SRC_PMC5175555,Supports ATOM_signal_qc
EVLINK_5051,EQ_PMC4773699_01,method_atom,ATOM_signal_qc,method_atom,medium,QC-related evidence from literature,SRC_PMC4773699,Supports ATOM_signal_qc
EVLINK_5052,EQ_PMC4704972_01,method_atom,ATOM_signal_qc,method_atom,medium,QC-related evidence from literature,SRC_PMC4704972,Supports ATOM_signal_qc
EVLINK_5053,EQ_PMC4679556_01,method_atom,ATOM_signal_qc,method_atom,medium,QC-related evidence from literature,SRC_PMC4679556,Supports ATOM_signal_qc
EVLINK_5054,EQ_PMC3859838_01,method_atom,ATOM_signal_qc,method_atom,medium,QC-related evidence from literature,SRC_PMC3859838,Supports ATOM_signal_qc
EVLINK_5055,EQ_PMC13199322_01,method_atom,ATOM_signal_qc,method_atom,medium,QC-related evidence from literature,SRC_PMC13199322,Supports ATOM_signal_qc
EVLINK_5056,EQ_PMC12818463_01,method_atom,ATOM_signal_qc,method_atom,medium,QC-related evidence from literature,SRC_PMC12818463,Supports ATOM_signal_qc
EVLINK_5057,EQ_PMC12717063_01,method_atom,ATOM_signal_qc,method_atom,medium,QC-related evidence from literature,SRC_PMC12717063,Supports ATOM_signal_qc
EVLINK_5058,EQ_PMC12634216_01,method_atom,ATOM_signal_qc,method_atom,medium,QC-related evidence from literature,SRC_PMC12634216,Supports ATOM_signal_qc
EVLINK_5059,EQ_PMC12319887_01,method_atom,ATOM_signal_qc,method_atom,medium,QC-related evidence from literature,SRC_PMC12319887,Supports ATOM_signal_qc
EVLINK_5060,EQ_PMC11679141_01,method_atom,ATOM_signal_qc,method_atom,medium,QC-related evidence from literature,SRC_PMC11679141,Supports ATOM_signal_qc
EVLINK_5061,EQ_PMC11059326_01,method_atom,ATOM_signal_qc,method_atom,medium,QC-related evidence from literature,SRC_PMC11059326,Supports ATOM_signal_qc
EVLINK_5062,EQ_PMC10765727_01,method_atom,ATOM_signal_qc,method_atom,medium,QC-related evidence from literature,SRC_PMC10765727,Supports ATOM_signal_qc
EVLINK_5063,EQ_PMC10410636_01,method_atom,ATOM_signal_qc,method_atom,medium,QC-related evidence from literature,SRC_PMC10410636,Supports ATOM_signal_qc
EVLINK_5064,EQ_PMC10199511_01,method_atom,ATOM_signal_qc,method_atom,medium,QC-related evidence from literature,SRC_PMC10199511,Supports ATOM_signal_qc
EVLINK_5065,EV_19154918_01,method_atom,ATOM_signal_qc,method_atom,medium,QC-related evidence from literature,SRC_19154918,Supports ATOM_signal_qc
EVLINK_5066,EQ_PMC12505193_02,method_atom,ATOM_ml_classification,method_atom,medium,ML classification evidence from literature,SRC_PMC12505193,Supports ATOM_ml_classification
EVLINK_5067,EQ_PMC12909569_01,method_atom,ATOM_ml_classification,method_atom,medium,ML classification evidence from literature,SRC_PMC12909569,Supports ATOM_ml_classification
EVLINK_5068,EQ_PMC7868344_01,method_atom,ATOM_ml_classification,method_atom,medium,ML classification evidence from literature,SRC_PMC7868344,Supports ATOM_ml_classification
EVLINK_5069,EQ_PMC12425739_02,method_atom,ATOM_ml_classification,method_atom,medium,ML classification evidence from literature,SRC_PMC12425739,Supports ATOM_ml_classification
EVLINK_5070,EQ_PMC10277131_01,method_atom,ATOM_ml_classification,method_atom,medium,ML classification evidence from literature,SRC_PMC10277131,Supports ATOM_ml_classification
EVLINK_5071,EQ_PMC11506513_01,method_atom,ATOM_ml_classification,method_atom,medium,ML classification evidence from literature,SRC_PMC11506513,Supports ATOM_ml_classification
EVLINK_5072,EQ_PMC9003428_01,method_atom,ATOM_ml_classification,method_atom,medium,ML classification evidence from literature,SRC_PMC9003428,Supports ATOM_ml_classification
EVLINK_5073,EQ_PMC11564592_01,method_atom,ATOM_ml_classification,method_atom,medium,ML classification evidence from literature,SRC_PMC11564592,Supports ATOM_ml_classification
EVLINK_5074,EQ_PMC10790918_01,method_atom,ATOM_ml_classification,method_atom,medium,ML classification evidence from literature,SRC_PMC10790918,Supports ATOM_ml_classification
EVLINK_5075,EQ_PMC8659988_01,method_atom,ATOM_ml_classification,method_atom,medium,ML classification evidence from literature,SRC_PMC8659988,Supports ATOM_ml_classification
EVLINK_5076,EQ_PMC5512010_01,method_atom,ATOM_ml_classification,method_atom,medium,ML classification evidence from literature,SRC_PMC5512010,Supports ATOM_ml_classification
EVLINK_5077,EQ_PMC11762704_01,method_atom,ATOM_ml_classification,method_atom,medium,ML classification evidence from literature,SRC_PMC11762704,Supports ATOM_ml_classification
EVLINK_5078,EQ_PMC6032997_01,method_atom,ATOM_ml_classification,method_atom,medium,ML classification evidence from literature,SRC_PMC6032997,Supports ATOM_ml_classification
EVLINK_5079,EQ_PMC5522881_01,method_atom,ATOM_ml_classification,method_atom,medium,ML classification evidence from literature,SRC_PMC5522881,Supports ATOM_ml_classification
EVLINK_5080,EQ_PMC13210414_01,method_atom,ATOM_ml_classification,method_atom,medium,ML classification evidence from literature,SRC_PMC13210414,Supports ATOM_ml_classification
EVLINK_5081,EQ_PMC11125334_01,method_atom,ATOM_ml_classification,method_atom,medium,ML classification evidence from literature,SRC_PMC11125334,Supports ATOM_ml_classification
EVLINK_5082,EQ_PMC9593203_01,method_atom,ATOM_ml_classification,method_atom,medium,ML classification evidence from literature,SRC_PMC9593203,Supports ATOM_ml_classification
EVLINK_5083,EQ_PMC5829061_01,method_atom,ATOM_ml_classification,method_atom,medium,ML classification evidence from literature,SRC_PMC5829061,Supports ATOM_ml_classification
EVLINK_5084,EQ_PMC3759001_01,method_atom,ATOM_ml_classification,method_atom,medium,ML classification evidence from literature,SRC_PMC3759001,Supports ATOM_ml_classification
EVLINK_5085,EQ_PMC11506513_04,method_atom,ATOM_ml_classification,method_atom,medium,ML classification evidence from literature,SRC_PMC11506513,Supports ATOM_ml_classification
EVLINK_5086,EQ_PMID_40843107_06,method_atom,ATOM_ml_classification,method_atom,medium,ML classification evidence from literature,SRC_PMID40843107,Supports ATOM_ml_classification
EVLINK_5087,EQ_PMID_40843107_08,method_atom,ATOM_ml_classification,method_atom,medium,ML classification evidence from literature,SRC_PMID40843107,Supports ATOM_ml_classification
EVLINK_5088,EQ_PMID_42255351_03,method_atom,ATOM_ml_classification,method_atom,medium,ML classification evidence from literature,SRC_PMID42255351,Supports ATOM_ml_classification
EVLINK_5089,EQ_PMID_40605912_03,method_atom,ATOM_ml_classification,method_atom,medium,ML classification evidence from literature,SRC_PMID40605912,Supports ATOM_ml_classification
EVLINK_5090,EQ_PMC11833346_01,method_atom,ATOM_methods_report,method_atom,medium,Reporting requirement evidence from literature,SRC_PMC11833346,Supports ATOM_methods_report
EVLINK_5091,EQ_PMC11833346_07,method_atom,ATOM_methods_report,method_atom,medium,Reporting requirement evidence from literature,SRC_PMC11833346,Supports ATOM_methods_report
EVLINK_5092,EQ_PMC12505193_03,method_atom,ATOM_methods_report,method_atom,medium,Reporting requirement evidence from literature,SRC_PMC12505193,Supports ATOM_methods_report
EVLINK_5093,EQ_PMC3598807_04,method_atom,ATOM_methods_report,method_atom,medium,Reporting requirement evidence from literature,SRC_PMC3598807,Supports ATOM_methods_report
EVLINK_5094,EQ_PMC12909569_04,method_atom,ATOM_methods_report,method_atom,medium,Reporting requirement evidence from literature,SRC_PMC12909569,Supports ATOM_methods_report
EVLINK_5095,EQ_PMC13290608_01,method_atom,ATOM_methods_report,method_atom,medium,Reporting requirement evidence from literature,SRC_PMC13290608,Supports ATOM_methods_report
EVLINK_5096,EQ_PMC9780687_01,method_atom,ATOM_methods_report,method_atom,medium,Reporting requirement evidence from literature,SRC_PMC9780687,Supports ATOM_methods_report
EVLINK_5097,EQ_PMC8901194_01,method_atom,ATOM_methods_report,method_atom,medium,Reporting requirement evidence from literature,SRC_PMC8901194,Supports ATOM_methods_report
EVLINK_5098,EQ_PMC12407257_01,method_atom,ATOM_methods_report,method_atom,medium,Reporting requirement evidence from literature,SRC_PMC12407257,Supports ATOM_methods_report
EVLINK_5099,EQ_23891905_001,method_atom,ATOM_methods_report,method_atom,medium,Reporting requirement evidence from literature,SRC_23891905,Supports ATOM_methods_report
EVLINK_5100,EQ_23891905_002,method_atom,ATOM_methods_report,method_atom,medium,Reporting requirement evidence from literature,SRC_23891905,Supports ATOM_methods_report
EVLINK_5101,EQ_PMID_40629211_02,method_atom,ATOM_methods_report,method_atom,medium,Reporting requirement evidence from literature,SRC_PMID40629211,Supports ATOM_methods_report
EVLINK_5102,EQ_PMID_42313692_06,method_atom,ATOM_methods_report,method_atom,medium,Reporting requirement evidence from literature,SRC_PMID42313692,Supports ATOM_methods_report
EVLINK_5103,EQ_PMC11833346_03,method_atom,ATOM_methods_report,method_atom,medium,Reporting requirement evidence from literature,SRC_PMC11833346,Supports ATOM_methods_report
EVLINK_5104,EQ_PMC11833346_08,method_atom,ATOM_methods_report,method_atom,medium,Reporting requirement evidence from literature,SRC_PMC11833346,Supports ATOM_methods_report
EVLINK_5105,EQ_PMC12053328_05,method_atom,ATOM_methods_report,method_atom,medium,Reporting requirement evidence from literature,SRC_PMC12053328,Supports ATOM_methods_report
EVLINK_5108,EQ_PMC12909569_02,method_atom,ATOM_methods_report,method_atom,medium,Reporting requirement evidence from literature,SRC_PMC12909569,Supports ATOM_methods_report
EVLINK_5109,EV_VBIT_0077,method_atom,ATOM_methods_report,method_atom,medium,Reporting requirement evidence from literature,SRC_PMC8066873,Supports ATOM_methods_report
EVLINK_5110,EV_VBIT_0088,method_atom,ATOM_methods_report,method_atom,medium,Reporting requirement evidence from literature,SRC_PMC12581266,Supports ATOM_methods_report
EVLINK_5111,EV_VBIT_0094,method_atom,ATOM_methods_report,method_atom,medium,Reporting requirement evidence from literature,SRC_PMC12270413,Supports ATOM_methods_report
EVLINK_5112,EQ_PMC10295283_01,method_atom,ATOM_methods_report,method_atom,medium,Reporting requirement evidence from literature,SRC_PMC10295283,Supports ATOM_methods_report
EVLINK_5113,EQ_PMC12634216_01,method_atom,ATOM_methods_report,method_atom,medium,Reporting requirement evidence from literature,SRC_PMC12634216,Supports ATOM_methods_report
EVLINK_5114,EQ_PMC8901827_03,method_atom,ATOM_methods_report,method_atom,medium,Reporting requirement evidence from literature,SRC_PMC8901827,Supports ATOM_methods_report
EVLINK_5115,EQ_PMC11833346_09,method_atom,ATOM_methods_report,method_atom,medium,Reporting requirement evidence from literature,SRC_PMC11833346,Supports ATOM_methods_report
EVLINK_5116,EQ_PMC12929548_02,method_atom,ATOM_methods_report,method_atom,medium,Reporting requirement evidence from literature,SRC_PMC12929548,Supports ATOM_methods_report
EVLINK_5117,EQ_PMC12929548_06,method_atom,ATOM_methods_report,method_atom,medium,Reporting requirement evidence from literature,SRC_PMC12929548,Supports ATOM_methods_report
EVLINK_5118,EQ_PMC12505193_02,method_atom,ATOM_methods_report,method_atom,medium,Reporting requirement evidence from literature,SRC_PMC12505193,Supports ATOM_methods_report
EVLINK_5119,EQ_PMC7868344_01,method_atom,ATOM_methods_report,method_atom,medium,Reporting requirement evidence from literature,SRC_PMC7868344,Supports ATOM_methods_report
EVLINK_5120,EQ_PMC11506513_01,method_atom,ATOM_methods_report,method_atom,medium,Reporting requirement evidence from literature,SRC_PMC11506513,Supports ATOM_methods_report
EVLINK_5121,EQ_PMC9917717_01,method_atom,ATOM_methods_report,method_atom,medium,Reporting requirement evidence from literature,SRC_PMC9917717,Supports ATOM_methods_report
EVLINK_5122,EQ_PMC8231828_01,method_atom,ATOM_methods_report,method_atom,medium,Reporting requirement evidence from literature,SRC_PMC8231828,Supports ATOM_methods_report
EVLINK_5123,EQ_PMC7047008_01,method_atom,ATOM_methods_report,method_atom,medium,Reporting requirement evidence from literature,SRC_PMC7047008,Supports ATOM_methods_report
EVLINK_5126,EQ_PMC8901827_02,method_atom,ATOM_methods_report,method_atom,medium,Reporting requirement evidence from literature,SRC_PMC8901827,Supports ATOM_methods_report
EVLINK_5128,EQ_PMC11833346_02,method_atom,ATOM_methods_report,method_atom,medium,Reporting requirement evidence from literature,SRC_PMC11833346,Supports ATOM_methods_report
EVLINK_5129,EQ_PMC11833346_04,method_atom,ATOM_methods_report,method_atom,medium,Reporting requirement evidence from literature,SRC_PMC11833346,Supports ATOM_methods_report
EVLINK_5130,EQ_PMC7396619_05,method_atom,ATOM_data_export,method_atom,medium,Data sharing evidence from literature,SRC_PMC7396619,Supports ATOM_data_export
EVLINK_6001,EQ_PMC11527908_01,risk_rule,RULE_sc_geometry,risk_rule,medium,Risk identified in extraction,SRC_PMC11527908,Supports risk rule RULE_sc_geometry
EVLINK_6003,EQ_PMC4524535_01,risk_rule,RULE_sc_geometry,risk_rule,medium,Risk identified in extraction,SRC_PMC4524535,Supports risk rule RULE_sc_geometry
EVLINK_6004,EV_VBIT_0228,risk_rule,RULE_sc_geometry,risk_rule,medium,Risk identified in extraction,SRC_PMC4524535,Supports risk rule RULE_sc_geometry
EVLINK_6005,EV_PMC12489784,risk_rule,RULE_sc_geometry,risk_rule,medium,Risk identified in extraction,SRC_PMC12489784,Supports risk rule RULE_sc_geometry
EVLINK_6006,EV_PMC12431421,risk_rule,RULE_sc_geometry,risk_rule,medium,Risk identified in extraction,SRC_PMC12431421,Supports risk rule RULE_sc_geometry
EVLINK_6007,EV_PMC13264803,risk_rule,RULE_sc_geometry,risk_rule,medium,Risk identified in extraction,SRC_PMC13264803,Supports risk rule RULE_sc_geometry
EVLINK_6008,EV_PMC12319781,risk_rule,RULE_sc_geometry,risk_rule,medium,Risk identified in extraction,SRC_PMC12319781,Supports risk rule RULE_sc_geometry
EVLINK_6009,EV_PMC11565806,risk_rule,RULE_sc_geometry,risk_rule,medium,Risk identified in extraction,SRC_PMC11565806,Supports risk rule RULE_sc_geometry
EVLINK_6010,EV_PMC11177928,risk_rule,RULE_sc_geometry,risk_rule,medium,Risk identified in extraction,SRC_PMC11177928,Supports risk rule RULE_sc_geometry
EVLINK_6011,EV_PMC10356754,risk_rule,RULE_sc_geometry,risk_rule,medium,Risk identified in extraction,SRC_PMC10356754,Supports risk rule RULE_sc_geometry
EVLINK_6012,EV_PMC10203730,risk_rule,RULE_sc_geometry,risk_rule,medium,Risk identified in extraction,SRC_PMC10203730,Supports risk rule RULE_sc_geometry
EVLINK_6013,EQ_PMC7040364_01,risk_rule,RULE_ml_leakage,risk_rule,medium,Risk identified in extraction,SRC_PMC7040364,Supports risk rule RULE_ml_leakage
EVLINK_6014,EV_VBIT_0233,risk_rule,RULE_ml_leakage,risk_rule,medium,Risk identified in extraction,SRC_PMC7040364,Supports risk rule RULE_ml_leakage
EVLINK_6015,EV_PMC7523733,risk_rule,RULE_ml_leakage,risk_rule,medium,Risk identified in extraction,SRC_PMC7523733,Supports risk rule RULE_ml_leakage
EVLINK_6016,EV_PMC6375904,risk_rule,RULE_ml_leakage,risk_rule,medium,Risk identified in extraction,SRC_PMC6375904,Supports risk rule RULE_ml_leakage
EVLINK_6017,EV_PMC8006181,risk_rule,RULE_ml_leakage,risk_rule,medium,Risk identified in extraction,SRC_PMC8006181,Supports risk rule RULE_ml_leakage
EVLINK_6018,EV_PMC12982450,risk_rule,RULE_ml_leakage,risk_rule,medium,Risk identified in extraction,SRC_PMC12982450,Supports risk rule RULE_ml_leakage
EVLINK_6019,EV_PMC12521986,risk_rule,RULE_ml_leakage,risk_rule,medium,Risk identified in extraction,SRC_PMC12521986,Supports risk rule RULE_ml_leakage
EVLINK_6020,EV_PMC4746294,risk_rule,RULE_ml_leakage,risk_rule,medium,Risk identified in extraction,SRC_PMC4746294,Supports risk rule RULE_ml_leakage
EVLINK_6021,EV_VBIT_0067,risk_rule,RULE_missing_motion_correction,risk_rule,medium,Risk-related evidence from literature,SRC_PMC13269331,Supports risk rule RULE_missing_motion_correction
EVLINK_6022,EV_VBIT_0068,risk_rule,RULE_missing_motion_correction,risk_rule,medium,Risk-related evidence from literature,SRC_PMC13244843,Supports risk rule RULE_missing_motion_correction
EVLINK_6023,EV_VBIT_0069,risk_rule,RULE_missing_motion_correction,risk_rule,medium,Risk-related evidence from literature,SRC_PMC13136355,Supports risk rule RULE_missing_motion_correction
EVLINK_6024,EV_VBIT_0072,risk_rule,RULE_missing_motion_correction,risk_rule,medium,Risk-related evidence from literature,SRC_PMC11564592,Supports risk rule RULE_missing_motion_correction
EVLINK_6025,EV_VBIT_0074,risk_rule,RULE_missing_motion_correction,risk_rule,medium,Risk-related evidence from literature,SRC_PMC10790918,Supports risk rule RULE_missing_motion_correction
EVLINK_6026,EV_VBIT_0076,risk_rule,RULE_missing_motion_correction,risk_rule,medium,Risk-related evidence from literature,SRC_PMC10549729,Supports risk rule RULE_missing_motion_correction
EVLINK_6027,EV_VBIT_0082,risk_rule,RULE_missing_motion_correction,risk_rule,medium,Risk-related evidence from literature,SRC_PMC7824905,Supports risk rule RULE_missing_motion_correction
EVLINK_6028,EV_VBIT_0085,risk_rule,RULE_missing_motion_correction,risk_rule,medium,Risk-related evidence from literature,SRC_PMC13291161,Supports risk rule RULE_missing_motion_correction
EVLINK_6029,EV_VBIT_0089,risk_rule,RULE_missing_motion_correction,risk_rule,medium,Risk-related evidence from literature,SRC_PMC12286323,Supports risk rule RULE_missing_motion_correction
EVLINK_6030,EV_VBIT_0091,risk_rule,RULE_missing_motion_correction,risk_rule,medium,Risk-related evidence from literature,SRC_PMC11918759,Supports risk rule RULE_missing_motion_correction
EVLINK_6031,EV_VBIT_0100,risk_rule,RULE_missing_motion_correction,risk_rule,medium,Risk-related evidence from literature,SRC_PMC5605645,Supports risk rule RULE_missing_motion_correction
EVLINK_6032,EV_VBIT_0101,risk_rule,RULE_missing_motion_correction,risk_rule,medium,Risk-related evidence from literature,SRC_PMC5380755,Supports risk rule RULE_missing_motion_correction
EVLINK_6033,EV_VBIT_0102,risk_rule,RULE_missing_motion_correction,risk_rule,medium,Risk-related evidence from literature,SRC_PMC13210414,Supports risk rule RULE_missing_motion_correction
EVLINK_6034,EV_VBIT_0107,risk_rule,RULE_missing_motion_correction,risk_rule,medium,Risk-related evidence from literature,SRC_PMC12781209,Supports risk rule RULE_missing_motion_correction
EVLINK_6035,EV_VBIT_0108,risk_rule,RULE_missing_motion_correction,risk_rule,medium,Risk-related evidence from literature,SRC_PMC12673338,Supports risk rule RULE_missing_motion_correction
EVLINK_6036,EV_VBIT_0110,risk_rule,RULE_missing_motion_correction,risk_rule,medium,Risk-related evidence from literature,SRC_PMC12627794,Supports risk rule RULE_missing_motion_correction
EVLINK_6037,EV_VBIT_0112,risk_rule,RULE_missing_motion_correction,risk_rule,medium,Risk-related evidence from literature,SRC_PMC12157042,Supports risk rule RULE_missing_motion_correction
EVLINK_6038,EV_VBIT_0116,risk_rule,RULE_missing_motion_correction,risk_rule,medium,Risk-related evidence from literature,SRC_PMC10942712,Supports risk rule RULE_missing_motion_correction
EVLINK_6039,EV_VBIT_0121,risk_rule,RULE_missing_motion_correction,risk_rule,medium,Risk-related evidence from literature,SRC_PMC10137986,Supports risk rule RULE_missing_motion_correction
EVLINK_6040,EV_VBIT_0123,risk_rule,RULE_missing_motion_correction,risk_rule,medium,Risk-related evidence from literature,SRC_PMC9742284,Supports risk rule RULE_missing_motion_correction
EVLINK_6041,EV_VBIT_0124,risk_rule,RULE_missing_motion_correction,risk_rule,medium,Risk-related evidence from literature,SRC_PMC9692288,Supports risk rule RULE_missing_motion_correction
EVLINK_6042,EV_VBIT_0126,risk_rule,RULE_missing_motion_correction,risk_rule,medium,Risk-related evidence from literature,SRC_PMC8263279,Supports risk rule RULE_missing_motion_correction
EVLINK_6043,EV_VBIT_0129,risk_rule,RULE_missing_motion_correction,risk_rule,medium,Risk-related evidence from literature,SRC_PMC12714936,Supports risk rule RULE_missing_motion_correction
EVLINK_6044,EV_VBIT_0131,risk_rule,RULE_missing_motion_correction,risk_rule,medium,Risk-related evidence from literature,SRC_PMC11314658,Supports risk rule RULE_missing_motion_correction
EVLINK_6045,EV_VBIT_0136,risk_rule,RULE_missing_motion_correction,risk_rule,medium,Risk-related evidence from literature,SRC_PMC8093202,Supports risk rule RULE_missing_motion_correction
EVLINK_6046,EV_VBIT_0139,risk_rule,RULE_missing_motion_correction,risk_rule,medium,Risk-related evidence from literature,SRC_PMC5971219,Supports risk rule RULE_missing_motion_correction
EVLINK_6047,EV_VBIT_0140,risk_rule,RULE_missing_motion_correction,risk_rule,medium,Risk-related evidence from literature,SRC_PMC4619753,Supports risk rule RULE_missing_motion_correction
EVLINK_6048,EV_VBIT_0143,risk_rule,RULE_missing_motion_correction,risk_rule,medium,Risk-related evidence from literature,SRC_PMC3348501,Supports risk rule RULE_missing_motion_correction
EVLINK_6049,EV_VBIT_0149,risk_rule,RULE_missing_motion_correction,risk_rule,medium,Risk-related evidence from literature,SRC_PMC11945418,Supports risk rule RULE_missing_motion_correction
EVLINK_6050,EV_VBIT_0158,risk_rule,RULE_missing_motion_correction,risk_rule,medium,Risk-related evidence from literature,SRC_PMC7745044,Supports risk rule RULE_missing_motion_correction
EVLINK_6051,EV_VBIT_0164,risk_rule,RULE_missing_motion_correction,risk_rule,medium,Risk-related evidence from literature,SRC_PMC6191612,Supports risk rule RULE_missing_motion_correction
EVLINK_6052,EV_VBIT_0166,risk_rule,RULE_missing_motion_correction,risk_rule,medium,Risk-related evidence from literature,SRC_PMC6323003,Supports risk rule RULE_missing_motion_correction
EVLINK_6053,EV_VBIT_0173,risk_rule,RULE_missing_motion_correction,risk_rule,medium,Risk-related evidence from literature,SRC_PMC12634216,Supports risk rule RULE_missing_motion_correction
EVLINK_6054,EV_VBIT_0175,risk_rule,RULE_missing_motion_correction,risk_rule,medium,Risk-related evidence from literature,SRC_PMC12319887,Supports risk rule RULE_missing_motion_correction
EVLINK_6055,EV_VBIT_0177,risk_rule,RULE_missing_motion_correction,risk_rule,medium,Risk-related evidence from literature,SRC_PMC11679141,Supports risk rule RULE_missing_motion_correction
EVLINK_6056,EV_VBIT_0178,risk_rule,RULE_missing_motion_correction,risk_rule,medium,Risk-related evidence from literature,SRC_PMC11059326,Supports risk rule RULE_missing_motion_correction
EVLINK_6057,EV_VBIT_0184,risk_rule,RULE_missing_motion_correction,risk_rule,medium,Risk-related evidence from literature,SRC_PMC7985709,Supports risk rule RULE_missing_motion_correction
EVLINK_6058,EV_VBIT_0185,risk_rule,RULE_missing_motion_correction,risk_rule,medium,Risk-related evidence from literature,SRC_PMC6824917,Supports risk rule RULE_missing_motion_correction
EVLINK_6059,EV_VBIT_0186,risk_rule,RULE_missing_motion_correction,risk_rule,medium,Risk-related evidence from literature,SRC_PMC6387909,Supports risk rule RULE_missing_motion_correction
EVLINK_6060,EV_VBIT_0188,risk_rule,RULE_missing_motion_correction,risk_rule,medium,Risk-related evidence from literature,SRC_PMC5565675,Supports risk rule RULE_missing_motion_correction
EVLINK_6061,EV_VBIT_0194,risk_rule,RULE_missing_motion_correction,risk_rule,medium,Risk-related evidence from literature,SRC_PMC2806654,Supports risk rule RULE_missing_motion_correction
EVLINK_6062,EV_VBIT_0201,risk_rule,RULE_missing_motion_correction,risk_rule,medium,Risk-related evidence from literature,SRC_PMC9205639,Supports risk rule RULE_missing_motion_correction
EVLINK_6063,EV_VBIT_0202,risk_rule,RULE_missing_motion_correction,risk_rule,medium,Risk-related evidence from literature,SRC_PMC8973170,Supports risk rule RULE_missing_motion_correction
EVLINK_6064,EV_VBIT_0203,risk_rule,RULE_missing_motion_correction,risk_rule,medium,Risk-related evidence from literature,SRC_PMC8778041,Supports risk rule RULE_missing_motion_correction
EVLINK_6065,EV_VBIT_0206,risk_rule,RULE_missing_motion_correction,risk_rule,medium,Risk-related evidence from literature,SRC_PMC7927423,Supports risk rule RULE_missing_motion_correction
EVLINK_6066,EV_VBIT_0208,risk_rule,RULE_missing_motion_correction,risk_rule,medium,Risk-related evidence from literature,SRC_PMC7280505,Supports risk rule RULE_missing_motion_correction
EVLINK_6067,EV_VBIT_0209,risk_rule,RULE_missing_motion_correction,risk_rule,medium,Risk-related evidence from literature,SRC_PMC6412154,Supports risk rule RULE_missing_motion_correction
EVLINK_6068,EV_VBIT_0210,risk_rule,RULE_missing_motion_correction,risk_rule,medium,Risk-related evidence from literature,SRC_PMC5424771,Supports risk rule RULE_missing_motion_correction
EVLINK_6069,EV_VBIT_0211,risk_rule,RULE_missing_motion_correction,risk_rule,medium,Risk-related evidence from literature,SRC_PMC4753811,Supports risk rule RULE_missing_motion_correction
EVLINK_6070,EV_VBIT_0214,risk_rule,RULE_missing_motion_correction,risk_rule,medium,Risk-related evidence from literature,SRC_PMC3865602,Supports risk rule RULE_missing_motion_correction
EVLINK_6071,EV_VBIT_0218,risk_rule,RULE_missing_motion_correction,risk_rule,medium,Risk-related evidence from literature,SRC_PMC13259229,Supports risk rule RULE_missing_motion_correction
EVLINK_6072,EV_VBIT_0231,risk_rule,RULE_missing_motion_correction,risk_rule,medium,Risk-related evidence from literature,SRC_PMC5788966,Supports risk rule RULE_missing_motion_correction
EVLINK_6073,EV_VBIT_0233,risk_rule,RULE_missing_motion_correction,risk_rule,medium,Risk-related evidence from literature,SRC_PMC7040364,Supports risk rule RULE_missing_motion_correction
EVLINK_6074,EV_VBIT_0235,risk_rule,RULE_missing_motion_correction,risk_rule,medium,Risk-related evidence from literature,SRC_PMC8231828,Supports risk rule RULE_missing_motion_correction
EVLINK_6075,EV_VBIT_0244,risk_rule,RULE_missing_motion_correction,risk_rule,medium,Risk-related evidence from literature,SRC_PMC10683641,Supports risk rule RULE_missing_motion_correction
EVLINK_6076,EV_VBIT_0246,risk_rule,RULE_missing_motion_correction,risk_rule,medium,Risk-related evidence from literature,SRC_PMC10765727,Supports risk rule RULE_missing_motion_correction
EVLINK_6077,EV_VBIT_0247,risk_rule,RULE_missing_motion_correction,risk_rule,medium,Risk-related evidence from literature,SRC_PMC11188482,Supports risk rule RULE_missing_motion_correction
EVLINK_6078,EV_VBIT_0251,risk_rule,RULE_missing_motion_correction,risk_rule,medium,Risk-related evidence from literature,SRC_PMC11652482,Supports risk rule RULE_missing_motion_correction
EVLINK_6079,EV_VBIT_0252,risk_rule,RULE_missing_motion_correction,risk_rule,medium,Risk-related evidence from literature,SRC_PMC11679405,Supports risk rule RULE_missing_motion_correction
EVLINK_6080,EV_VBIT_0256,risk_rule,RULE_missing_motion_correction,risk_rule,medium,Risk-related evidence from literature,SRC_PMC12110038,Supports risk rule RULE_missing_motion_correction
EVLINK_6081,EV_VBIT_0259,risk_rule,RULE_missing_motion_correction,risk_rule,medium,Risk-related evidence from literature,SRC_PMC12592382,Supports risk rule RULE_missing_motion_correction
EVLINK_6082,EV_VBIT_0264,risk_rule,RULE_missing_motion_correction,risk_rule,medium,Risk-related evidence from literature,SRC_PMC3085546,Supports risk rule RULE_missing_motion_correction
EVLINK_6083,EV_VBIT_0267,risk_rule,RULE_missing_motion_correction,risk_rule,medium,Risk-related evidence from literature,SRC_PMC3254723,Supports risk rule RULE_missing_motion_correction
EVLINK_6084,EV_VBIT_0269,risk_rule,RULE_missing_motion_correction,risk_rule,medium,Risk-related evidence from literature,SRC_PMC3468891,Supports risk rule RULE_missing_motion_correction
EVLINK_6085,EV_VBIT_0273,risk_rule,RULE_missing_motion_correction,risk_rule,medium,Risk-related evidence from literature,SRC_PMC4211632,Supports risk rule RULE_missing_motion_correction
EVLINK_6086,EV_VBIT_0276,risk_rule,RULE_missing_motion_correction,risk_rule,medium,Risk-related evidence from literature,SRC_PMC4478749,Supports risk rule RULE_missing_motion_correction
EVLINK_6087,EV_VBIT_0277,risk_rule,RULE_missing_motion_correction,risk_rule,medium,Risk-related evidence from literature,SRC_PMC4719469,Supports risk rule RULE_missing_motion_correction
EVLINK_6088,EV_VBIT_0278,risk_rule,RULE_missing_motion_correction,risk_rule,medium,Risk-related evidence from literature,SRC_PMC4773699,Supports risk rule RULE_missing_motion_correction
EVLINK_6089,EV_VBIT_0280,risk_rule,RULE_missing_motion_correction,risk_rule,medium,Risk-related evidence from literature,SRC_PMC4893204,Supports risk rule RULE_missing_motion_correction
EVLINK_6090,EV_VBIT_0284,risk_rule,RULE_missing_motion_correction,risk_rule,medium,Risk-related evidence from literature,SRC_PMC5592780,Supports risk rule RULE_missing_motion_correction
EVLINK_6091,EV_VBIT_0287,risk_rule,RULE_missing_motion_correction,risk_rule,medium,Risk-related evidence from literature,SRC_PMC5963607,Supports risk rule RULE_missing_motion_correction
EVLINK_6092,EV_VBIT_0290,risk_rule,RULE_missing_motion_correction,risk_rule,medium,Risk-related evidence from literature,SRC_PMC6230489,Supports risk rule RULE_missing_motion_correction
EVLINK_6093,EV_VBIT_0292,risk_rule,RULE_missing_motion_correction,risk_rule,medium,Risk-related evidence from literature,SRC_PMC6278088,Supports risk rule RULE_missing_motion_correction
EVLINK_6094,EV_VBIT_0296,risk_rule,RULE_missing_motion_correction,risk_rule,medium,Risk-related evidence from literature,SRC_PMC7125097,Supports risk rule RULE_missing_motion_correction
EVLINK_6095,EV_VBIT_0297,risk_rule,RULE_missing_motion_correction,risk_rule,medium,Risk-related evidence from literature,SRC_PMC7373176,Supports risk rule RULE_missing_motion_correction
EVLINK_6096,EV_VBIT_0300,risk_rule,RULE_missing_motion_correction,risk_rule,medium,Risk-related evidence from literature,SRC_PMC8022277,Supports risk rule RULE_missing_motion_correction
EVLINK_6097,EV_VBIT_0301,risk_rule,RULE_missing_motion_correction,risk_rule,medium,Risk-related evidence from literature,SRC_PMC8113412,Supports risk rule RULE_missing_motion_correction
EVLINK_6098,EV_VBIT_0305,risk_rule,RULE_missing_motion_correction,risk_rule,medium,Risk-related evidence from literature,SRC_PMC8871689,Supports risk rule RULE_missing_motion_correction
EVLINK_6099,EV_VBIT_0307,risk_rule,RULE_missing_motion_correction,risk_rule,medium,Risk-related evidence from literature,SRC_PMC9301871,Supports risk rule RULE_missing_motion_correction
EVLINK_6100,EV_VBIT_0308,risk_rule,RULE_missing_motion_correction,risk_rule,medium,Risk-related evidence from literature,SRC_PMC9366124,Supports risk rule RULE_missing_motion_correction
EVLINK_6101,EV_VBIT_0310,risk_rule,RULE_missing_motion_correction,risk_rule,medium,Risk-related evidence from literature,SRC_PMC9576156,Supports risk rule RULE_missing_motion_correction
EVLINK_6102,EV_VBIT_0312,risk_rule,RULE_missing_motion_correction,risk_rule,medium,Risk-related evidence from literature,SRC_PMC9587758,Supports risk rule RULE_missing_motion_correction
EVLINK_6103,EV_VBIT_0313,risk_rule,RULE_missing_motion_correction,risk_rule,medium,Risk-related evidence from literature,SRC_PMC9900395,Supports risk rule RULE_missing_motion_correction
EVLINK_6104,EV_VBIT_0320,risk_rule,RULE_missing_motion_correction,risk_rule,medium,Risk-related evidence from literature,SRC_PMC11752877,Supports risk rule RULE_missing_motion_correction
EVLINK_6105,EV_VBIT_0336,risk_rule,RULE_missing_motion_correction,risk_rule,medium,Risk-related evidence from literature,SRC_PMC7364176,Supports risk rule RULE_missing_motion_correction
EVLINK_6106,EQ_PMID_42255351_09,risk_rule,RULE_missing_motion_correction,risk_rule,medium,Risk-related evidence from literature,SRC_PMID42255351,Supports risk rule RULE_missing_motion_correction
EVLINK_6107,EQ_PMC6953699_01,risk_rule,RULE_missing_motion_correction,risk_rule,medium,Risk-related evidence from literature,SRC_PMC6953699,Supports risk rule RULE_missing_motion_correction
EVLINK_6108,EV_VBIT_0232,risk_rule,RULE_missing_motion_correction,risk_rule,medium,Risk-related evidence from literature,SRC_PMC6953699,Supports risk rule RULE_missing_motion_correction
EVLINK_6109,EQ_PMC13102829_01,risk_rule,RULE_missing_motion_correction,risk_rule,medium,Risk-related evidence from literature,SRC_PMC13102829,Supports risk rule RULE_missing_motion_correction
EVLINK_6110,EQ_PMC8564674_01,risk_rule,RULE_missing_motion_correction,risk_rule,medium,Risk-related evidence from literature,SRC_PMC8564674,Supports risk rule RULE_missing_motion_correction
EVLINK_6111,EQ_PMC7586414_01,risk_rule,RULE_missing_motion_correction,risk_rule,medium,Risk-related evidence from literature,SRC_PMC7586414,Supports risk rule RULE_missing_motion_correction
EVLINK_6112,EQ_PMC10297241_01,risk_rule,RULE_missing_motion_correction,risk_rule,medium,Risk-related evidence from literature,SRC_PMC10297241,Supports risk rule RULE_missing_motion_correction
EVLINK_6113,EQ_PMC12329493_01,risk_rule,RULE_missing_motion_correction,risk_rule,medium,Risk-related evidence from literature,SRC_PMC12329493,Supports risk rule RULE_missing_motion_correction
EVLINK_6114,EQ_PMC11793855_01,risk_rule,RULE_missing_motion_correction,risk_rule,medium,Risk-related evidence from literature,SRC_PMC11793855,Supports risk rule RULE_missing_motion_correction
EVLINK_6115,EQ_PMC11592962_01,risk_rule,RULE_missing_motion_correction,risk_rule,medium,Risk-related evidence from literature,SRC_PMC11592962,Supports risk rule RULE_missing_motion_correction
EVLINK_6116,EQ_PMC6297380_01,risk_rule,RULE_missing_motion_correction,risk_rule,medium,Risk-related evidence from literature,SRC_PMC6297380,Supports risk rule RULE_missing_motion_correction
EVLINK_6117,EV_VBIT_0003,risk_rule,RULE_missing_motion_correction,risk_rule,medium,Risk-related evidence from literature,SRC_PMC6297380,Supports risk rule RULE_missing_motion_correction
EVLINK_6118,EQ_PMC4801878_01,risk_rule,RULE_missing_motion_correction,risk_rule,medium,Risk-related evidence from literature,SRC_PMC4801878,Supports risk rule RULE_missing_motion_correction
EVLINK_6119,EV_VBIT_0016,risk_rule,RULE_missing_motion_correction,risk_rule,medium,Risk-related evidence from literature,SRC_PMC4801878,Supports risk rule RULE_missing_motion_correction
EVLINK_6120,EV_VBIT_0017,risk_rule,RULE_missing_motion_correction,risk_rule,medium,Risk-related evidence from literature,SRC_PMC4801878,Supports risk rule RULE_missing_motion_correction
EVLINK_6122,EQ_PMC11506513_03,risk_rule,RULE_missing_filter_cutoffs,risk_rule,medium,Risk-related evidence from literature,SRC_PMC11506513,Supports risk rule RULE_missing_filter_cutoffs
EVLINK_6123,EQ_PMID_40843107_03,risk_rule,RULE_missing_filter_cutoffs,risk_rule,medium,Risk-related evidence from literature,SRC_PMID40843107,Supports risk rule RULE_missing_filter_cutoffs
EVLINK_6124,EQ_PMID_40843107_04,risk_rule,RULE_missing_filter_cutoffs,risk_rule,medium,Risk-related evidence from literature,SRC_PMID40843107,Supports risk rule RULE_missing_filter_cutoffs
EVLINK_6125,EQ_PMID_42255351_08,risk_rule,RULE_missing_filter_cutoffs,risk_rule,medium,Risk-related evidence from literature,SRC_PMID42255351,Supports risk rule RULE_missing_filter_cutoffs
EVLINK_6126,EQ_PMC6953699_01,risk_rule,RULE_missing_filter_cutoffs,risk_rule,medium,Risk-related evidence from literature,SRC_PMC6953699,Supports risk rule RULE_missing_filter_cutoffs
EVLINK_6127,EV_VBIT_0232,risk_rule,RULE_missing_filter_cutoffs,risk_rule,medium,Risk-related evidence from literature,SRC_PMC6953699,Supports risk rule RULE_missing_filter_cutoffs
EVLINK_6128,EQ_PMC12877426_01,risk_rule,RULE_missing_filter_cutoffs,risk_rule,medium,Risk-related evidence from literature,SRC_PMC12877426,Supports risk rule RULE_missing_filter_cutoffs
EVLINK_6129,EV_VBIT_0001,risk_rule,RULE_missing_filter_cutoffs,risk_rule,medium,Risk-related evidence from literature,SRC_PMC12877426,Supports risk rule RULE_missing_filter_cutoffs
EVLINK_6130,EV_VBIT_0002,risk_rule,RULE_missing_filter_cutoffs,risk_rule,medium,Risk-related evidence from literature,SRC_PMC12877426,Supports risk rule RULE_missing_filter_cutoffs
EVLINK_6131,EQ_PMC13102829_01,risk_rule,RULE_missing_filter_cutoffs,risk_rule,medium,Risk-related evidence from literature,SRC_PMC13102829,Supports risk rule RULE_missing_filter_cutoffs
EVLINK_6132,EQ_PMC8564674_01,risk_rule,RULE_missing_filter_cutoffs,risk_rule,medium,Risk-related evidence from literature,SRC_PMC8564674,Supports risk rule RULE_missing_filter_cutoffs
EVLINK_6133,EQ_PMC7586414_01,risk_rule,RULE_missing_filter_cutoffs,risk_rule,medium,Risk-related evidence from literature,SRC_PMC7586414,Supports risk rule RULE_missing_filter_cutoffs
EVLINK_6134,EQ_PMC7506757_01,risk_rule,RULE_missing_filter_cutoffs,risk_rule,medium,Risk-related evidence from literature,SRC_PMC7506757,Supports risk rule RULE_missing_filter_cutoffs
EVLINK_6135,EQ_PMC7139562_01,risk_rule,RULE_missing_filter_cutoffs,risk_rule,medium,Risk-related evidence from literature,SRC_PMC7139562,Supports risk rule RULE_missing_filter_cutoffs
EVLINK_6136,EQ_PMC6866983_01,risk_rule,RULE_missing_filter_cutoffs,risk_rule,medium,Risk-related evidence from literature,SRC_PMC6866983,Supports risk rule RULE_missing_filter_cutoffs
EVLINK_6137,EQ_PMC10297241_01,risk_rule,RULE_missing_filter_cutoffs,risk_rule,medium,Risk-related evidence from literature,SRC_PMC10297241,Supports risk rule RULE_missing_filter_cutoffs
EVLINK_6138,EQ_PMC9163532_01,risk_rule,RULE_missing_filter_cutoffs,risk_rule,medium,Risk-related evidence from literature,SRC_PMC9163532,Supports risk rule RULE_missing_filter_cutoffs
EVLINK_6139,EQ_PMC12942210_01,risk_rule,RULE_missing_filter_cutoffs,risk_rule,medium,Risk-related evidence from literature,SRC_PMC12942210,Supports risk rule RULE_missing_filter_cutoffs
EVLINK_6140,EQ_PMC12565398_01,risk_rule,RULE_missing_filter_cutoffs,risk_rule,medium,Risk-related evidence from literature,SRC_PMC12565398,Supports risk rule RULE_missing_filter_cutoffs
EVLINK_6141,EQ_PMC11833346_02,risk_rule,RULE_missing_multiple_comparison_correction,risk_rule,medium,Risk-related evidence from literature,SRC_PMC11833346,Supports risk rule RULE_missing_multiple_comparison_correction
EVLINK_6142,EQ_PMC8901827_03,risk_rule,RULE_missing_multiple_comparison_correction,risk_rule,medium,Risk-related evidence from literature,SRC_PMC8901827,Supports risk rule RULE_missing_multiple_comparison_correction
EVLINK_6143,EQ_PMC7396619_04,risk_rule,RULE_missing_preregistration,risk_rule,medium,Risk-related evidence from literature,SRC_PMC7396619,Supports risk rule RULE_missing_preregistration
EVLINK_6144,EQ_PMC13290608_01,risk_rule,RULE_missing_preregistration,risk_rule,medium,Risk-related evidence from literature,SRC_PMC13290608,Supports risk rule RULE_missing_preregistration
EVLINK_6145,EQ_PMC10277131_01,risk_rule,RULE_missing_preregistration,risk_rule,medium,Risk-related evidence from literature,SRC_PMC10277131,Supports risk rule RULE_missing_preregistration
EVLINK_6146,EQ_PMC12306464_01,risk_rule,RULE_missing_preregistration,risk_rule,medium,Risk-related evidence from literature,SRC_PMC12306464,Supports risk rule RULE_missing_preregistration
EVLINK_6147,EQ_PMC12581266_01,risk_rule,RULE_missing_preregistration,risk_rule,medium,Risk-related evidence from literature,SRC_PMC12581266,Supports risk rule RULE_missing_preregistration
EVLINK_6148,EQ_PMID_42313692_03,risk_rule,RULE_missing_preregistration,risk_rule,medium,Risk-related evidence from literature,SRC_PMID42313692,Supports risk rule RULE_missing_preregistration
EVLINK_6149,EQ_PMC11833346_01,risk_rule,RULE_missing_software_version,risk_rule,medium,Risk-related evidence from literature,SRC_PMC11833346,Supports risk rule RULE_missing_software_version
EVLINK_6150,EQ_PMC7829673_01,risk_rule,RULE_missing_software_version,risk_rule,medium,Risk-related evidence from literature,SRC_PMC7829673,Supports risk rule RULE_missing_software_version
EVLINK_7001,EQ_PMC7396619_02,method_atom,ATOM_descriptive_statistics,method_atom,medium,Statistical method evidence,SRC_PMC7396619,Supports ATOM_descriptive_statistics
EVLINK_7002,EQ_PMC12909569_01,method_atom,ATOM_descriptive_statistics,method_atom,medium,Statistical method evidence,SRC_PMC12909569,Supports ATOM_descriptive_statistics
EVLINK_7003,EQ_PMC10169732_01,method_atom,ATOM_descriptive_statistics,method_atom,medium,Statistical method evidence,SRC_PMC10169732,Supports ATOM_descriptive_statistics
EVLINK_7004,EQ_PMC12731443_01,method_atom,ATOM_descriptive_statistics,method_atom,medium,Statistical method evidence,SRC_PMC12731443,Supports ATOM_descriptive_statistics
EVLINK_7005,EV_VBIT_0122,method_atom,ATOM_descriptive_statistics,method_atom,medium,Statistical method evidence,SRC_PMC10137986,Supports ATOM_descriptive_statistics
EVLINK_7006,EQ_24897940_001,method_atom,ATOM_descriptive_statistics,method_atom,medium,Statistical method evidence,SRC_24897940,Supports ATOM_descriptive_statistics
EVLINK_7007,EQ_PMID_33512913_02,method_atom,ATOM_descriptive_statistics,method_atom,medium,Statistical method evidence,SRC_PMID_33512913,Supports ATOM_descriptive_statistics
EVLINK_7008,EQ_PMID_34284934_01,method_atom,ATOM_descriptive_statistics,method_atom,medium,Statistical method evidence,SRC_PMID_34284934,Supports ATOM_descriptive_statistics
EVLINK_7009,EQ_PMID_34284934_02,method_atom,ATOM_descriptive_statistics,method_atom,medium,Statistical method evidence,SRC_PMID_34284934,Supports ATOM_descriptive_statistics
EVLINK_7010,EQ_PMID_34411803_06,method_atom,ATOM_descriptive_statistics,method_atom,medium,Statistical method evidence,SRC_PMID_34411803,Supports ATOM_descriptive_statistics
EVLINK_7011,EQ_PMID_40816923_02,method_atom,ATOM_descriptive_statistics,method_atom,medium,Statistical method evidence,SRC_PMID40816923,Supports ATOM_descriptive_statistics
EVLINK_7012,EQ_PMID_40843107_07,method_atom,ATOM_descriptive_statistics,method_atom,medium,Statistical method evidence,SRC_PMID40843107,Supports ATOM_descriptive_statistics
EVLINK_7013,EQ_PMC8901827_03,method_atom,ATOM_group_comparison,method_atom,medium,Statistical method evidence,SRC_PMC8901827,Supports ATOM_group_comparison
EVLINK_7014,EQ_PMID_40843107_06,method_atom,ATOM_group_comparison,method_atom,medium,Statistical method evidence,SRC_PMID40843107,Supports ATOM_group_comparison
EVLINK_7015,EQ_PMID_40843107_07,method_atom,ATOM_group_comparison,method_atom,medium,Statistical method evidence,SRC_PMID40843107,Supports ATOM_group_comparison
EVLINK_7016,EQ_PMC11833346_02,method_atom,ATOM_multiple_comparison_correction,method_atom,medium,Statistical method evidence,SRC_PMC11833346,Supports ATOM_multiple_comparison_correction
EVLINK_7017,EQ_PMC8901827_03,method_atom,ATOM_multiple_comparison_correction,method_atom,medium,Statistical method evidence,SRC_PMC8901827,Supports ATOM_multiple_comparison_correction
EVLINK_7018,EQ_PMC12929548_01,method_atom,ATOM_roi_analysis,method_atom,medium,Statistical method evidence,SRC_PMC12929548,Supports ATOM_roi_analysis
EVLINK_7019,EQ_PMC12505193_04,method_atom,ATOM_roi_analysis,method_atom,medium,Statistical method evidence,SRC_PMC12505193,Supports ATOM_roi_analysis
EVLINK_7020,EQ_PMC12061381_02,method_atom,ATOM_roi_analysis,method_atom,medium,Statistical method evidence,SRC_PMC12061381,Supports ATOM_roi_analysis
EVLINK_7021,EQ_PMC12347915_03,method_atom,ATOM_roi_analysis,method_atom,medium,Statistical method evidence,SRC_PMC12347915,Supports ATOM_roi_analysis
EVLINK_7022,EQ_PMC10014824_01,method_atom,ATOM_roi_analysis,method_atom,medium,Statistical method evidence,SRC_PMC10014824,Supports ATOM_roi_analysis
EVLINK_7024,EQ_PMC8888846_01,method_atom,ATOM_roi_analysis,method_atom,medium,Statistical method evidence,SRC_PMC8888846,Supports ATOM_roi_analysis
EVLINK_7025,EQ_PMC4309034_01,method_atom,ATOM_roi_analysis,method_atom,medium,Statistical method evidence,SRC_PMC4309034,Supports ATOM_roi_analysis
EVLINK_7026,EQ_PMC13030400_01,method_atom,ATOM_roi_analysis,method_atom,medium,Statistical method evidence,SRC_PMC13030400,Supports ATOM_roi_analysis
EVLINK_7027,EQ_PMC10259670_01,method_atom,ATOM_roi_analysis,method_atom,medium,Statistical method evidence,SRC_PMC10259670,Supports ATOM_roi_analysis
EVLINK_7028,EQ_PMC7893520_01,method_atom,ATOM_roi_analysis,method_atom,medium,Statistical method evidence,SRC_PMC7893520,Supports ATOM_roi_analysis
EVLINK_7029,EQ_PMC13013050_01,method_atom,ATOM_roi_analysis,method_atom,medium,Statistical method evidence,SRC_PMC13013050,Supports ATOM_roi_analysis
EVLINK_7030,EQ_PMC12014625_01,method_atom,ATOM_roi_analysis,method_atom,medium,Statistical method evidence,SRC_PMC12014625,Supports ATOM_roi_analysis
EVLINK_7031,EQ_PMC11042249_01,method_atom,ATOM_roi_analysis,method_atom,medium,Statistical method evidence,SRC_PMC11042249,Supports ATOM_roi_analysis
EVLINK_7032,EQ_PMC9815777_03,method_atom,ATOM_roi_analysis,method_atom,medium,Statistical method evidence,SRC_PMC9815777,Supports ATOM_roi_analysis
EVLINK_7033,EQ_PMC11048695_01,method_atom,ATOM_roi_analysis,method_atom,medium,Statistical method evidence,SRC_PMC11048695,Supports ATOM_roi_analysis
EVLINK_7034,EQ_PMC5603769_01,method_atom,ATOM_roi_analysis,method_atom,medium,Statistical method evidence,SRC_PMC5603769,Supports ATOM_roi_analysis
EVLINK_7035,EQ_PMC6336925_01,method_atom,ATOM_roi_analysis,method_atom,medium,Statistical method evidence,SRC_PMC6336925,Supports ATOM_roi_analysis
EVLINK_7036,EQ_PMC10665481_01,method_atom,ATOM_roi_analysis,method_atom,medium,Statistical method evidence,SRC_PMC10665481,Supports ATOM_roi_analysis
EVLINK_7038,EQ_PMC7821565_01,method_atom,ATOM_roi_analysis,method_atom,medium,Statistical method evidence,SRC_PMC7821565,Supports ATOM_roi_analysis
EVLINK_7039,EQ_PMC8901827_01,method_atom,ATOM_roi_analysis,method_atom,medium,Statistical method evidence,SRC_PMC8901827,Supports ATOM_roi_analysis
EVLINK_7040,EQ_PMC12944262_01,method_atom,ATOM_roi_analysis,method_atom,medium,Statistical method evidence,SRC_PMC12944262,Supports ATOM_roi_analysis
EVLINK_7041,EQ_PMC12546995_01,method_atom,ATOM_roi_analysis,method_atom,medium,Statistical method evidence,SRC_PMC12546995,Supports ATOM_roi_analysis
EVLINK_7042,EQ_PMC11110533_01,method_atom,ATOM_roi_analysis,method_atom,medium,Statistical method evidence,SRC_PMC11110533,Supports ATOM_roi_analysis
EVLINK_7043,EQ_PMC10362671_01,method_atom,ATOM_roi_analysis,method_atom,medium,Statistical method evidence,SRC_PMC10362671,Supports ATOM_roi_analysis
EVLINK_7044,EQ_PMC10765727_01,method_atom,ATOM_roi_analysis,method_atom,medium,Statistical method evidence,SRC_PMC10765727,Supports ATOM_roi_analysis
EVLINK_7045,EQ_PMC12061381_02,method_atom,ATOM_laterality_index,method_atom,medium,Statistical method evidence,SRC_PMC12061381,Supports ATOM_laterality_index
EVLINK_7046,EQ_PMC13013050_01,method_atom,ATOM_laterality_index,method_atom,medium,Statistical method evidence,SRC_PMC13013050,Supports ATOM_laterality_index
EVLINK_7048,EQ_PMC9950900_01,method_atom,ATOM_laterality_index,method_atom,medium,Statistical method evidence,SRC_PMC9950900,Supports ATOM_laterality_index
EVLINK_7049,EQ_PMC8901827_01,method_atom,ATOM_laterality_index,method_atom,medium,Statistical method evidence,SRC_PMC8901827,Supports ATOM_laterality_index
EVLINK_7050,EQ_PMC13269331_01,method_atom,ATOM_laterality_index,method_atom,medium,Statistical method evidence,SRC_PMC13269331,Supports ATOM_laterality_index
EVLINK_7051,EQ_PMC8659988_01,method_atom,ATOM_laterality_index,method_atom,medium,Statistical method evidence,SRC_PMC8659988,Supports ATOM_laterality_index
EVLINK_7052,EQ_PMC8263279_01,method_atom,ATOM_laterality_index,method_atom,medium,Statistical method evidence,SRC_PMC8263279,Supports ATOM_laterality_index
EVLINK_7053,EQ_PMC8202129_01,method_atom,ATOM_laterality_index,method_atom,medium,Statistical method evidence,SRC_PMC8202129,Supports ATOM_laterality_index
EVLINK_7054,EQ_PMC13199322_01,method_atom,ATOM_laterality_index,method_atom,medium,Statistical method evidence,SRC_PMC13199322,Supports ATOM_laterality_index
EVLINK_7055,EQ_PMC8901827_04,method_atom,ATOM_laterality_index,method_atom,medium,Statistical method evidence,SRC_PMC8901827,Supports ATOM_laterality_index
EVLINK_7056,EQ_PMC12931874_01,method_atom,ATOM_correlation_analysis,method_atom,medium,Statistical method evidence,SRC_PMC12931874,Supports ATOM_correlation_analysis
EVLINK_7057,EQ_PMC12347915_01,method_atom,ATOM_correlation_analysis,method_atom,medium,Statistical method evidence,SRC_PMC12347915,Supports ATOM_correlation_analysis
EVLINK_7058,EQ_PMC7868344_03,method_atom,ATOM_correlation_analysis,method_atom,medium,Statistical method evidence,SRC_PMC7868344,Supports ATOM_correlation_analysis
EVLINK_7059,EQ_PMC8918582_01,method_atom,ATOM_correlation_analysis,method_atom,medium,Statistical method evidence,SRC_PMC8918582,Supports ATOM_correlation_analysis
EVLINK_7060,EQ_PMC12340143_01,method_atom,ATOM_correlation_analysis,method_atom,medium,Statistical method evidence,SRC_PMC12340143,Supports ATOM_correlation_analysis
EVLINK_7061,EQ_PMC8414570_01,method_atom,ATOM_correlation_analysis,method_atom,medium,Statistical method evidence,SRC_PMC8414570,Supports ATOM_correlation_analysis
EVLINK_7062,EQ_PMC10146120_01,method_atom,ATOM_correlation_analysis,method_atom,medium,Statistical method evidence,SRC_PMC10146120,Supports ATOM_correlation_analysis
EVLINK_7063,EQ_PMC9780687_01,method_atom,ATOM_correlation_analysis,method_atom,medium,Statistical method evidence,SRC_PMC9780687,Supports ATOM_correlation_analysis
EVLINK_7064,EQ_PMC9335366_01,method_atom,ATOM_correlation_analysis,method_atom,medium,Statistical method evidence,SRC_PMC9335366,Supports ATOM_correlation_analysis
EVLINK_7065,EQ_PMC13244843_01,method_atom,ATOM_correlation_analysis,method_atom,medium,Statistical method evidence,SRC_PMC13244843,Supports ATOM_correlation_analysis
EVLINK_7066,EQ_PMC12717063_01,method_atom,ATOM_correlation_analysis,method_atom,medium,Statistical method evidence,SRC_PMC12717063,Supports ATOM_correlation_analysis
EVLINK_7067,EQ_PMID_39734141_01,method_atom,ATOM_correlation_analysis,method_atom,medium,Statistical method evidence,SRC_PMID39734141,Supports ATOM_correlation_analysis
EVLINK_7068,EQ_PMID_41196800_06,method_atom,ATOM_correlation_analysis,method_atom,medium,Statistical method evidence,SRC_PMID41196800,Supports ATOM_correlation_analysis
EVLINK_7069,EQ_PMID_40629211_04,method_atom,ATOM_correlation_analysis,method_atom,medium,Statistical method evidence,SRC_PMID40629211,Supports ATOM_correlation_analysis
EVLINK_7070,EQ_PMID_40816923_02,method_atom,ATOM_correlation_analysis,method_atom,medium,Statistical method evidence,SRC_PMID40816923,Supports ATOM_correlation_analysis
EVLINK_7071,EQ_PMC11833346_07,method_atom,ATOM_reliability_analysis,method_atom,medium,Statistical method evidence,SRC_PMC11833346,Supports ATOM_reliability_analysis
EVLINK_7072,EQ_PMC12909569_04,method_atom,ATOM_reliability_analysis,method_atom,medium,Statistical method evidence,SRC_PMC12909569,Supports ATOM_reliability_analysis
EVLINK_7073,EQ_PMC8901194_01,method_atom,ATOM_reliability_analysis,method_atom,medium,Statistical method evidence,SRC_PMC8901194,Supports ATOM_reliability_analysis
EVLINK_7074,EQ_PMC12818463_01,method_atom,ATOM_reliability_analysis,method_atom,medium,Statistical method evidence,SRC_PMC12818463,Supports ATOM_reliability_analysis
EVLINK_8001,EQ_PMC11506513_03,method_atom,ATOM_spline_motion_correction,method_atom,medium,Evidence from traditional analysis packages,SRC_PMC11506513,Supports ATOM_spline_motion_correction
EVLINK_8002,EV_VBIT_0067,method_atom,ATOM_spline_motion_correction,method_atom,medium,Evidence from traditional analysis packages,SRC_PMC13269331,Supports ATOM_spline_motion_correction
EVLINK_8003,EV_VBIT_0068,method_atom,ATOM_spline_motion_correction,method_atom,medium,Evidence from traditional analysis packages,SRC_PMC13244843,Supports ATOM_spline_motion_correction
EVLINK_8004,EV_VBIT_0069,method_atom,ATOM_spline_motion_correction,method_atom,medium,Evidence from traditional analysis packages,SRC_PMC13136355,Supports ATOM_spline_motion_correction
EVLINK_8005,EV_VBIT_0072,method_atom,ATOM_spline_motion_correction,method_atom,medium,Evidence from traditional analysis packages,SRC_PMC11564592,Supports ATOM_spline_motion_correction
EVLINK_8006,EV_VBIT_0074,method_atom,ATOM_spline_motion_correction,method_atom,medium,Evidence from traditional analysis packages,SRC_PMC10790918,Supports ATOM_spline_motion_correction
EVLINK_8007,EV_VBIT_0076,method_atom,ATOM_spline_motion_correction,method_atom,medium,Evidence from traditional analysis packages,SRC_PMC10549729,Supports ATOM_spline_motion_correction
EVLINK_8008,EV_VBIT_0082,method_atom,ATOM_spline_motion_correction,method_atom,medium,Evidence from traditional analysis packages,SRC_PMC7824905,Supports ATOM_spline_motion_correction
EVLINK_8009,EV_VBIT_0085,method_atom,ATOM_spline_motion_correction,method_atom,medium,Evidence from traditional analysis packages,SRC_PMC13291161,Supports ATOM_spline_motion_correction
EVLINK_8010,EV_VBIT_0089,method_atom,ATOM_spline_motion_correction,method_atom,medium,Evidence from traditional analysis packages,SRC_PMC12286323,Supports ATOM_spline_motion_correction
EVLINK_8011,EV_VBIT_0091,method_atom,ATOM_spline_motion_correction,method_atom,medium,Evidence from traditional analysis packages,SRC_PMC11918759,Supports ATOM_spline_motion_correction
EVLINK_8012,EV_VBIT_0100,method_atom,ATOM_spline_motion_correction,method_atom,medium,Evidence from traditional analysis packages,SRC_PMC5605645,Supports ATOM_spline_motion_correction
EVLINK_8013,EV_VBIT_0101,method_atom,ATOM_spline_motion_correction,method_atom,medium,Evidence from traditional analysis packages,SRC_PMC5380755,Supports ATOM_spline_motion_correction
EVLINK_8014,EV_VBIT_0102,method_atom,ATOM_spline_motion_correction,method_atom,medium,Evidence from traditional analysis packages,SRC_PMC13210414,Supports ATOM_spline_motion_correction
EVLINK_8015,EV_VBIT_0107,method_atom,ATOM_spline_motion_correction,method_atom,medium,Evidence from traditional analysis packages,SRC_PMC12781209,Supports ATOM_spline_motion_correction
EVLINK_8016,EV_VBIT_0108,method_atom,ATOM_spline_motion_correction,method_atom,medium,Evidence from traditional analysis packages,SRC_PMC12673338,Supports ATOM_spline_motion_correction
EVLINK_8017,EV_VBIT_0110,method_atom,ATOM_spline_motion_correction,method_atom,medium,Evidence from traditional analysis packages,SRC_PMC12627794,Supports ATOM_spline_motion_correction
EVLINK_8018,EV_VBIT_0112,method_atom,ATOM_spline_motion_correction,method_atom,medium,Evidence from traditional analysis packages,SRC_PMC12157042,Supports ATOM_spline_motion_correction
EVLINK_8019,EV_VBIT_0116,method_atom,ATOM_spline_motion_correction,method_atom,medium,Evidence from traditional analysis packages,SRC_PMC10942712,Supports ATOM_spline_motion_correction
EVLINK_8020,EV_VBIT_0121,method_atom,ATOM_spline_motion_correction,method_atom,medium,Evidence from traditional analysis packages,SRC_PMC10137986,Supports ATOM_spline_motion_correction
EVLINK_8021,EV_VBIT_0123,method_atom,ATOM_spline_motion_correction,method_atom,medium,Evidence from traditional analysis packages,SRC_PMC9742284,Supports ATOM_spline_motion_correction
EVLINK_8022,EV_VBIT_0124,method_atom,ATOM_spline_motion_correction,method_atom,medium,Evidence from traditional analysis packages,SRC_PMC9692288,Supports ATOM_spline_motion_correction
EVLINK_8023,EV_VBIT_0126,method_atom,ATOM_spline_motion_correction,method_atom,medium,Evidence from traditional analysis packages,SRC_PMC8263279,Supports ATOM_spline_motion_correction
EVLINK_8024,EV_VBIT_0129,method_atom,ATOM_spline_motion_correction,method_atom,medium,Evidence from traditional analysis packages,SRC_PMC12714936,Supports ATOM_spline_motion_correction
EVLINK_8025,EV_VBIT_0131,method_atom,ATOM_spline_motion_correction,method_atom,medium,Evidence from traditional analysis packages,SRC_PMC11314658,Supports ATOM_spline_motion_correction
EVLINK_8026,EV_VBIT_0136,method_atom,ATOM_spline_motion_correction,method_atom,medium,Evidence from traditional analysis packages,SRC_PMC8093202,Supports ATOM_spline_motion_correction
EVLINK_8027,EV_VBIT_0139,method_atom,ATOM_spline_motion_correction,method_atom,medium,Evidence from traditional analysis packages,SRC_PMC5971219,Supports ATOM_spline_motion_correction
EVLINK_8028,EV_VBIT_0140,method_atom,ATOM_spline_motion_correction,method_atom,medium,Evidence from traditional analysis packages,SRC_PMC4619753,Supports ATOM_spline_motion_correction
EVLINK_8029,EV_VBIT_0143,method_atom,ATOM_spline_motion_correction,method_atom,medium,Evidence from traditional analysis packages,SRC_PMC3348501,Supports ATOM_spline_motion_correction
EVLINK_8030,EV_VBIT_0149,method_atom,ATOM_spline_motion_correction,method_atom,medium,Evidence from traditional analysis packages,SRC_PMC11945418,Supports ATOM_spline_motion_correction
EVLINK_8031,EV_VBIT_0158,method_atom,ATOM_spline_motion_correction,method_atom,medium,Evidence from traditional analysis packages,SRC_PMC7745044,Supports ATOM_spline_motion_correction
EVLINK_8032,EV_VBIT_0164,method_atom,ATOM_spline_motion_correction,method_atom,medium,Evidence from traditional analysis packages,SRC_PMC6191612,Supports ATOM_spline_motion_correction
EVLINK_8033,EV_VBIT_0166,method_atom,ATOM_spline_motion_correction,method_atom,medium,Evidence from traditional analysis packages,SRC_PMC6323003,Supports ATOM_spline_motion_correction
EVLINK_8034,EV_VBIT_0173,method_atom,ATOM_spline_motion_correction,method_atom,medium,Evidence from traditional analysis packages,SRC_PMC12634216,Supports ATOM_spline_motion_correction
EVLINK_8035,EV_VBIT_0175,method_atom,ATOM_spline_motion_correction,method_atom,medium,Evidence from traditional analysis packages,SRC_PMC12319887,Supports ATOM_spline_motion_correction
EVLINK_8036,EV_VBIT_0177,method_atom,ATOM_spline_motion_correction,method_atom,medium,Evidence from traditional analysis packages,SRC_PMC11679141,Supports ATOM_spline_motion_correction
EVLINK_8037,EV_VBIT_0178,method_atom,ATOM_spline_motion_correction,method_atom,medium,Evidence from traditional analysis packages,SRC_PMC11059326,Supports ATOM_spline_motion_correction
EVLINK_8038,EV_VBIT_0184,method_atom,ATOM_spline_motion_correction,method_atom,medium,Evidence from traditional analysis packages,SRC_PMC7985709,Supports ATOM_spline_motion_correction
EVLINK_8039,EV_VBIT_0185,method_atom,ATOM_spline_motion_correction,method_atom,medium,Evidence from traditional analysis packages,SRC_PMC6824917,Supports ATOM_spline_motion_correction
EVLINK_8040,EV_VBIT_0186,method_atom,ATOM_spline_motion_correction,method_atom,medium,Evidence from traditional analysis packages,SRC_PMC6387909,Supports ATOM_spline_motion_correction
EVLINK_8041,EV_VBIT_0188,method_atom,ATOM_spline_motion_correction,method_atom,medium,Evidence from traditional analysis packages,SRC_PMC5565675,Supports ATOM_spline_motion_correction
EVLINK_8042,EV_VBIT_0194,method_atom,ATOM_spline_motion_correction,method_atom,medium,Evidence from traditional analysis packages,SRC_PMC2806654,Supports ATOM_spline_motion_correction
EVLINK_8043,EV_VBIT_0201,method_atom,ATOM_spline_motion_correction,method_atom,medium,Evidence from traditional analysis packages,SRC_PMC9205639,Supports ATOM_spline_motion_correction
EVLINK_8044,EV_VBIT_0202,method_atom,ATOM_spline_motion_correction,method_atom,medium,Evidence from traditional analysis packages,SRC_PMC8973170,Supports ATOM_spline_motion_correction
EVLINK_8045,EV_VBIT_0203,method_atom,ATOM_spline_motion_correction,method_atom,medium,Evidence from traditional analysis packages,SRC_PMC8778041,Supports ATOM_spline_motion_correction
EVLINK_8046,EV_VBIT_0206,method_atom,ATOM_spline_motion_correction,method_atom,medium,Evidence from traditional analysis packages,SRC_PMC7927423,Supports ATOM_spline_motion_correction
EVLINK_8047,EV_VBIT_0208,method_atom,ATOM_spline_motion_correction,method_atom,medium,Evidence from traditional analysis packages,SRC_PMC7280505,Supports ATOM_spline_motion_correction
EVLINK_8048,EV_VBIT_0209,method_atom,ATOM_spline_motion_correction,method_atom,medium,Evidence from traditional analysis packages,SRC_PMC6412154,Supports ATOM_spline_motion_correction
EVLINK_8049,EV_VBIT_0210,method_atom,ATOM_spline_motion_correction,method_atom,medium,Evidence from traditional analysis packages,SRC_PMC5424771,Supports ATOM_spline_motion_correction
EVLINK_8050,EV_VBIT_0211,method_atom,ATOM_spline_motion_correction,method_atom,medium,Evidence from traditional analysis packages,SRC_PMC4753811,Supports ATOM_spline_motion_correction
EVLINK_8051,EV_VBIT_0214,method_atom,ATOM_spline_motion_correction,method_atom,medium,Evidence from traditional analysis packages,SRC_PMC3865602,Supports ATOM_spline_motion_correction
EVLINK_8052,EV_VBIT_0218,method_atom,ATOM_spline_motion_correction,method_atom,medium,Evidence from traditional analysis packages,SRC_PMC13259229,Supports ATOM_spline_motion_correction
EVLINK_8053,EV_VBIT_0231,method_atom,ATOM_spline_motion_correction,method_atom,medium,Evidence from traditional analysis packages,SRC_PMC5788966,Supports ATOM_spline_motion_correction
EVLINK_8054,EV_VBIT_0233,method_atom,ATOM_spline_motion_correction,method_atom,medium,Evidence from traditional analysis packages,SRC_PMC7040364,Supports ATOM_spline_motion_correction
EVLINK_8055,EV_VBIT_0235,method_atom,ATOM_spline_motion_correction,method_atom,medium,Evidence from traditional analysis packages,SRC_PMC8231828,Supports ATOM_spline_motion_correction
EVLINK_8056,EV_VBIT_0244,method_atom,ATOM_spline_motion_correction,method_atom,medium,Evidence from traditional analysis packages,SRC_PMC10683641,Supports ATOM_spline_motion_correction
EVLINK_8057,EV_VBIT_0246,method_atom,ATOM_spline_motion_correction,method_atom,medium,Evidence from traditional analysis packages,SRC_PMC10765727,Supports ATOM_spline_motion_correction
EVLINK_8058,EV_VBIT_0247,method_atom,ATOM_spline_motion_correction,method_atom,medium,Evidence from traditional analysis packages,SRC_PMC11188482,Supports ATOM_spline_motion_correction
EVLINK_8059,EV_VBIT_0251,method_atom,ATOM_spline_motion_correction,method_atom,medium,Evidence from traditional analysis packages,SRC_PMC11652482,Supports ATOM_spline_motion_correction
EVLINK_8060,EV_VBIT_0252,method_atom,ATOM_spline_motion_correction,method_atom,medium,Evidence from traditional analysis packages,SRC_PMC11679405,Supports ATOM_spline_motion_correction
EVLINK_8061,EV_VBIT_0256,method_atom,ATOM_spline_motion_correction,method_atom,medium,Evidence from traditional analysis packages,SRC_PMC12110038,Supports ATOM_spline_motion_correction
EVLINK_8062,EV_VBIT_0259,method_atom,ATOM_spline_motion_correction,method_atom,medium,Evidence from traditional analysis packages,SRC_PMC12592382,Supports ATOM_spline_motion_correction
EVLINK_8063,EV_VBIT_0264,method_atom,ATOM_spline_motion_correction,method_atom,medium,Evidence from traditional analysis packages,SRC_PMC3085546,Supports ATOM_spline_motion_correction
EVLINK_8064,EV_VBIT_0267,method_atom,ATOM_spline_motion_correction,method_atom,medium,Evidence from traditional analysis packages,SRC_PMC3254723,Supports ATOM_spline_motion_correction
EVLINK_8065,EV_VBIT_0269,method_atom,ATOM_spline_motion_correction,method_atom,medium,Evidence from traditional analysis packages,SRC_PMC3468891,Supports ATOM_spline_motion_correction
EVLINK_8066,EV_VBIT_0273,method_atom,ATOM_spline_motion_correction,method_atom,medium,Evidence from traditional analysis packages,SRC_PMC4211632,Supports ATOM_spline_motion_correction
EVLINK_8067,EV_VBIT_0276,method_atom,ATOM_spline_motion_correction,method_atom,medium,Evidence from traditional analysis packages,SRC_PMC4478749,Supports ATOM_spline_motion_correction
EVLINK_8068,EV_VBIT_0277,method_atom,ATOM_spline_motion_correction,method_atom,medium,Evidence from traditional analysis packages,SRC_PMC4719469,Supports ATOM_spline_motion_correction
EVLINK_8069,EV_VBIT_0278,method_atom,ATOM_spline_motion_correction,method_atom,medium,Evidence from traditional analysis packages,SRC_PMC4773699,Supports ATOM_spline_motion_correction
EVLINK_8070,EV_VBIT_0280,method_atom,ATOM_spline_motion_correction,method_atom,medium,Evidence from traditional analysis packages,SRC_PMC4893204,Supports ATOM_spline_motion_correction
EVLINK_8071,EV_VBIT_0284,method_atom,ATOM_spline_motion_correction,method_atom,medium,Evidence from traditional analysis packages,SRC_PMC5592780,Supports ATOM_spline_motion_correction
EVLINK_8072,EV_VBIT_0287,method_atom,ATOM_spline_motion_correction,method_atom,medium,Evidence from traditional analysis packages,SRC_PMC5963607,Supports ATOM_spline_motion_correction
EVLINK_8073,EV_VBIT_0290,method_atom,ATOM_spline_motion_correction,method_atom,medium,Evidence from traditional analysis packages,SRC_PMC6230489,Supports ATOM_spline_motion_correction
EVLINK_8074,EV_VBIT_0292,method_atom,ATOM_spline_motion_correction,method_atom,medium,Evidence from traditional analysis packages,SRC_PMC6278088,Supports ATOM_spline_motion_correction
EVLINK_8075,EV_VBIT_0296,method_atom,ATOM_spline_motion_correction,method_atom,medium,Evidence from traditional analysis packages,SRC_PMC7125097,Supports ATOM_spline_motion_correction
EVLINK_8076,EV_VBIT_0297,method_atom,ATOM_spline_motion_correction,method_atom,medium,Evidence from traditional analysis packages,SRC_PMC7373176,Supports ATOM_spline_motion_correction
EVLINK_8077,EV_VBIT_0300,method_atom,ATOM_spline_motion_correction,method_atom,medium,Evidence from traditional analysis packages,SRC_PMC8022277,Supports ATOM_spline_motion_correction
EVLINK_8078,EV_VBIT_0301,method_atom,ATOM_spline_motion_correction,method_atom,medium,Evidence from traditional analysis packages,SRC_PMC8113412,Supports ATOM_spline_motion_correction
EVLINK_8079,EV_VBIT_0305,method_atom,ATOM_spline_motion_correction,method_atom,medium,Evidence from traditional analysis packages,SRC_PMC8871689,Supports ATOM_spline_motion_correction
EVLINK_8080,EV_VBIT_0307,method_atom,ATOM_spline_motion_correction,method_atom,medium,Evidence from traditional analysis packages,SRC_PMC9301871,Supports ATOM_spline_motion_correction
EVLINK_8081,EV_VBIT_0308,method_atom,ATOM_spline_motion_correction,method_atom,medium,Evidence from traditional analysis packages,SRC_PMC9366124,Supports ATOM_spline_motion_correction
EVLINK_8082,EV_VBIT_0310,method_atom,ATOM_spline_motion_correction,method_atom,medium,Evidence from traditional analysis packages,SRC_PMC9576156,Supports ATOM_spline_motion_correction
EVLINK_8083,EV_VBIT_0312,method_atom,ATOM_spline_motion_correction,method_atom,medium,Evidence from traditional analysis packages,SRC_PMC9587758,Supports ATOM_spline_motion_correction
EVLINK_8084,EV_VBIT_0313,method_atom,ATOM_spline_motion_correction,method_atom,medium,Evidence from traditional analysis packages,SRC_PMC9900395,Supports ATOM_spline_motion_correction
EVLINK_8085,EV_VBIT_0320,method_atom,ATOM_spline_motion_correction,method_atom,medium,Evidence from traditional analysis packages,SRC_PMC11752877,Supports ATOM_spline_motion_correction
EVLINK_8086,EV_VBIT_0336,method_atom,ATOM_spline_motion_correction,method_atom,medium,Evidence from traditional analysis packages,SRC_PMC7364176,Supports ATOM_spline_motion_correction
EVLINK_8087,EQ_PMID_42255351_02,method_atom,ATOM_spline_motion_correction,method_atom,medium,Evidence from traditional analysis packages,SRC_PMID42255351,Supports ATOM_spline_motion_correction
EVLINK_8088,EQ_PMID_42255351_09,method_atom,ATOM_spline_motion_correction,method_atom,medium,Evidence from traditional analysis packages,SRC_PMID42255351,Supports ATOM_spline_motion_correction
EVLINK_8089,EQ_PMC6953699_01,method_atom,ATOM_spline_motion_correction,method_atom,medium,Evidence from traditional analysis packages,SRC_PMC6953699,Supports ATOM_spline_motion_correction
EVLINK_8090,EV_VBIT_0232,method_atom,ATOM_spline_motion_correction,method_atom,medium,Evidence from traditional analysis packages,SRC_PMC6953699,Supports ATOM_spline_motion_correction
EVLINK_8091,EQ_PMC13102829_01,method_atom,ATOM_spline_motion_correction,method_atom,medium,Evidence from traditional analysis packages,SRC_PMC13102829,Supports ATOM_spline_motion_correction
EVLINK_8092,EQ_PMC8564674_01,method_atom,ATOM_spline_motion_correction,method_atom,medium,Evidence from traditional analysis packages,SRC_PMC8564674,Supports ATOM_spline_motion_correction
EVLINK_8093,EQ_PMC7586414_01,method_atom,ATOM_spline_motion_correction,method_atom,medium,Evidence from traditional analysis packages,SRC_PMC7586414,Supports ATOM_spline_motion_correction
EVLINK_8094,EQ_PMC10297241_01,method_atom,ATOM_spline_motion_correction,method_atom,medium,Evidence from traditional analysis packages,SRC_PMC10297241,Supports ATOM_spline_motion_correction
EVLINK_8095,EQ_PMC12329493_01,method_atom,ATOM_spline_motion_correction,method_atom,medium,Evidence from traditional analysis packages,SRC_PMC12329493,Supports ATOM_spline_motion_correction
EVLINK_8096,EQ_PMC11793855_01,method_atom,ATOM_spline_motion_correction,method_atom,medium,Evidence from traditional analysis packages,SRC_PMC11793855,Supports ATOM_spline_motion_correction
EVLINK_8097,EQ_PMC11592962_01,method_atom,ATOM_spline_motion_correction,method_atom,medium,Evidence from traditional analysis packages,SRC_PMC11592962,Supports ATOM_spline_motion_correction
EVLINK_8098,EQ_PMC6297380_01,method_atom,ATOM_spline_motion_correction,method_atom,medium,Evidence from traditional analysis packages,SRC_PMC6297380,Supports ATOM_spline_motion_correction
EVLINK_8099,EV_VBIT_0003,method_atom,ATOM_spline_motion_correction,method_atom,medium,Evidence from traditional analysis packages,SRC_PMC6297380,Supports ATOM_spline_motion_correction
EVLINK_8100,EQ_PMC4801878_01,method_atom,ATOM_spline_motion_correction,method_atom,medium,Evidence from traditional analysis packages,SRC_PMC4801878,Supports ATOM_spline_motion_correction
EVLINK_8101,EV_VBIT_0016,method_atom,ATOM_spline_motion_correction,method_atom,medium,Evidence from traditional analysis packages,SRC_PMC4801878,Supports ATOM_spline_motion_correction
EVLINK_8102,EV_VBIT_0017,method_atom,ATOM_spline_motion_correction,method_atom,medium,Evidence from traditional analysis packages,SRC_PMC4801878,Supports ATOM_spline_motion_correction
EVLINK_8205,EQ_PMC11833346_02,method_atom,ATOM_artifact_detection,method_atom,medium,Evidence from traditional analysis packages,SRC_PMC11833346,Supports ATOM_artifact_detection
EVLINK_8206,EQ_PMC12505193_02,method_atom,ATOM_artifact_detection,method_atom,medium,Evidence from traditional analysis packages,SRC_PMC12505193,Supports ATOM_artifact_detection
EVLINK_8207,EQ_PMC12053328_03,method_atom,ATOM_artifact_detection,method_atom,medium,Evidence from traditional analysis packages,SRC_PMC12053328,Supports ATOM_artifact_detection
EVLINK_8208,EQ_PMC7868344_02,method_atom,ATOM_artifact_detection,method_atom,medium,Evidence from traditional analysis packages,SRC_PMC7868344,Supports ATOM_artifact_detection
EVLINK_8209,EQ_PMC11428271_01,method_atom,ATOM_artifact_detection,method_atom,medium,Evidence from traditional analysis packages,SRC_PMC11428271,Supports ATOM_artifact_detection
EVLINK_8210,EQ_PMC11428271_02,method_atom,ATOM_artifact_detection,method_atom,medium,Evidence from traditional analysis packages,SRC_PMC11428271,Supports ATOM_artifact_detection
EVLINK_8211,EQ_PMC11016629_02,method_atom,ATOM_artifact_detection,method_atom,medium,Evidence from traditional analysis packages,SRC_PMC11016629,Supports ATOM_artifact_detection
EVLINK_8212,EQ_PMC6953699_01,method_atom,ATOM_artifact_detection,method_atom,medium,Evidence from traditional analysis packages,SRC_PMC6953699,Supports ATOM_artifact_detection
EVLINK_8213,EQ_PMC4524732_01,method_atom,ATOM_artifact_detection,method_atom,medium,Evidence from traditional analysis packages,SRC_PMC4524732,Supports ATOM_artifact_detection
EVLINK_8214,EQ_PMC13136355_01,method_atom,ATOM_artifact_detection,method_atom,medium,Evidence from traditional analysis packages,SRC_PMC13136355,Supports ATOM_artifact_detection
EVLINK_8215,EQ_PMC10683641_01,method_atom,ATOM_artifact_detection,method_atom,medium,Evidence from traditional analysis packages,SRC_PMC10683641,Supports ATOM_artifact_detection
EVLINK_8216,EQ_PMC12947967_01,method_atom,ATOM_artifact_detection,method_atom,medium,Evidence from traditional analysis packages,SRC_PMC12947967,Supports ATOM_artifact_detection
EVLINK_8217,EQ_PMC10957543_01,method_atom,ATOM_artifact_detection,method_atom,medium,Evidence from traditional analysis packages,SRC_PMC10957543,Supports ATOM_artifact_detection
EVLINK_8218,EQ_PMC10681683_01,method_atom,ATOM_artifact_detection,method_atom,medium,Evidence from traditional analysis packages,SRC_PMC10681683,Supports ATOM_artifact_detection
EVLINK_8219,EQ_PMC11125330_01,method_atom,ATOM_artifact_detection,method_atom,medium,Evidence from traditional analysis packages,SRC_PMC11125330,Supports ATOM_artifact_detection
EVLINK_8220,EQ_PMC9576156_01,method_atom,ATOM_artifact_detection,method_atom,medium,Evidence from traditional analysis packages,SRC_PMC9576156,Supports ATOM_artifact_detection
EVLINK_8221,EQ_PMC11506513_03,method_atom,ATOM_artifact_detection,method_atom,medium,Evidence from traditional analysis packages,SRC_PMC11506513,Supports ATOM_artifact_detection
EVLINK_8222,EV_VBIT_0068,method_atom,ATOM_artifact_detection,method_atom,medium,Evidence from traditional analysis packages,SRC_PMC13244843,Supports ATOM_artifact_detection
EVLINK_8223,EV_VBIT_0074,method_atom,ATOM_artifact_detection,method_atom,medium,Evidence from traditional analysis packages,SRC_PMC10790918,Supports ATOM_artifact_detection
EVLINK_8224,EV_VBIT_0082,method_atom,ATOM_artifact_detection,method_atom,medium,Evidence from traditional analysis packages,SRC_PMC7824905,Supports ATOM_artifact_detection
EVLINK_8225,EV_VBIT_0101,method_atom,ATOM_artifact_detection,method_atom,medium,Evidence from traditional analysis packages,SRC_PMC5380755,Supports ATOM_artifact_detection
EVLINK_8226,EV_VBIT_0102,method_atom,ATOM_artifact_detection,method_atom,medium,Evidence from traditional analysis packages,SRC_PMC13210414,Supports ATOM_artifact_detection
EVLINK_8227,EV_VBIT_0124,method_atom,ATOM_artifact_detection,method_atom,medium,Evidence from traditional analysis packages,SRC_PMC9692288,Supports ATOM_artifact_detection
EVLINK_8228,EV_VBIT_0129,method_atom,ATOM_artifact_detection,method_atom,medium,Evidence from traditional analysis packages,SRC_PMC12714936,Supports ATOM_artifact_detection
EVLINK_8229,EV_VBIT_0131,method_atom,ATOM_artifact_detection,method_atom,medium,Evidence from traditional analysis packages,SRC_PMC11314658,Supports ATOM_artifact_detection
EVLINK_8230,EV_23774396_01,method_atom,ATOM_artifact_detection,method_atom,medium,Evidence from traditional analysis packages,SRC_23774396,Supports ATOM_artifact_detection
EVLINK_8231,EQ_PMID_34284934_05,method_atom,ATOM_artifact_detection,method_atom,medium,Evidence from traditional analysis packages,SRC_PMID_34284934,Supports ATOM_artifact_detection
EVLINK_8232,EQ_PMID_39734141_05,method_atom,ATOM_artifact_detection,method_atom,medium,Evidence from traditional analysis packages,SRC_PMID39734141,Supports ATOM_artifact_detection
EVLINK_8233,EQ_PMID_40843107_03,method_atom,ATOM_artifact_detection,method_atom,medium,Evidence from traditional analysis packages,SRC_PMID40843107,Supports ATOM_artifact_detection
EVLINK_8234,EQ_PMID_42255351_02,method_atom,ATOM_artifact_detection,method_atom,medium,Evidence from traditional analysis packages,SRC_PMID42255351,Supports ATOM_artifact_detection
EVLINK_8235,EQ_PMID_42255351_09,method_atom,ATOM_artifact_detection,method_atom,medium,Evidence from traditional analysis packages,SRC_PMID42255351,Supports ATOM_artifact_detection
EVLINK_8236,EQ_PMC11833346_08,method_atom,ATOM_pca_denoising,method_atom,medium,Evidence from traditional analysis packages,SRC_PMC11833346,Supports ATOM_pca_denoising
EVLINK_8237,EQ_PMC12061381_01,method_atom,ATOM_pca_denoising,method_atom,medium,Evidence from traditional analysis packages,SRC_PMC12061381,Supports ATOM_pca_denoising
EVLINK_8238,EQ_PMC12909569_02,method_atom,ATOM_pca_denoising,method_atom,medium,Evidence from traditional analysis packages,SRC_PMC12909569,Supports ATOM_pca_denoising
EVLINK_8239,EQ_PMC7868344_02,method_atom,ATOM_pca_denoising,method_atom,medium,Evidence from traditional analysis packages,SRC_PMC7868344,Supports ATOM_pca_denoising
EVLINK_8240,EQ_PMC11428271_02,method_atom,ATOM_pca_denoising,method_atom,medium,Evidence from traditional analysis packages,SRC_PMC11428271,Supports ATOM_pca_denoising
EVLINK_8241,EQ_PMC7827826_01,method_atom,ATOM_pca_denoising,method_atom,medium,Evidence from traditional analysis packages,SRC_PMC7827826,Supports ATOM_pca_denoising
EVLINK_8242,EQ_PMC10169732_01,method_atom,ATOM_pca_denoising,method_atom,medium,Evidence from traditional analysis packages,SRC_PMC10169732,Supports ATOM_pca_denoising
EVLINK_8243,EQ_PMC9815777_02,method_atom,ATOM_pca_denoising,method_atom,medium,Evidence from traditional analysis packages,SRC_PMC9815777,Supports ATOM_pca_denoising
EVLINK_8244,EQ_PMC9174890_01,method_atom,ATOM_pca_denoising,method_atom,medium,Evidence from traditional analysis packages,SRC_PMC9174890,Supports ATOM_pca_denoising
EVLINK_8245,EQ_PMC4893204_01,method_atom,ATOM_pca_denoising,method_atom,medium,Evidence from traditional analysis packages,SRC_PMC4893204,Supports ATOM_pca_denoising
EVLINK_8246,EQ_PMC7511246_01,method_atom,ATOM_pca_denoising,method_atom,medium,Evidence from traditional analysis packages,SRC_PMC7511246,Supports ATOM_pca_denoising
EVLINK_8247,EQ_PMC3348501_01,method_atom,ATOM_pca_denoising,method_atom,medium,Evidence from traditional analysis packages,SRC_PMC3348501,Supports ATOM_pca_denoising
EVLINK_8248,EQ_PMC3288700_01,method_atom,ATOM_pca_denoising,method_atom,medium,Evidence from traditional analysis packages,SRC_PMC3288700,Supports ATOM_pca_denoising
EVLINK_8249,EQ_PMC7703677_01,method_atom,ATOM_pca_denoising,method_atom,medium,Evidence from traditional analysis packages,SRC_PMC7703677,Supports ATOM_pca_denoising
EVLINK_8250,EQ_PMC6820049_01,method_atom,ATOM_pca_denoising,method_atom,medium,Evidence from traditional analysis packages,SRC_PMC6820049,Supports ATOM_pca_denoising
EVLINK_8251,EQ_PMC6191612_01,method_atom,ATOM_pca_denoising,method_atom,medium,Evidence from traditional analysis packages,SRC_PMC6191612,Supports ATOM_pca_denoising
EVLINK_8252,EQ_PMC4773699_01,method_atom,ATOM_pca_denoising,method_atom,medium,Evidence from traditional analysis packages,SRC_PMC4773699,Supports ATOM_pca_denoising
EVLINK_8253,EV_VBIT_0077,method_atom,ATOM_pca_denoising,method_atom,medium,Evidence from traditional analysis packages,SRC_PMC8066873,Supports ATOM_pca_denoising
EVLINK_8254,EV_VBIT_0088,method_atom,ATOM_pca_denoising,method_atom,medium,Evidence from traditional analysis packages,SRC_PMC12581266,Supports ATOM_pca_denoising
EVLINK_8255,EV_VBIT_0094,method_atom,ATOM_pca_denoising,method_atom,medium,Evidence from traditional analysis packages,SRC_PMC12270413,Supports ATOM_pca_denoising
EVLINK_8256,EV_VBIT_0097,method_atom,ATOM_pca_denoising,method_atom,medium,Evidence from traditional analysis packages,SRC_PMC9896013,Supports ATOM_pca_denoising
EVLINK_8257,EV_VBIT_0098,method_atom,ATOM_pca_denoising,method_atom,medium,Evidence from traditional analysis packages,SRC_PMC9174890,Supports ATOM_pca_denoising
EVLINK_8258,EV_VBIT_0103,method_atom,ATOM_pca_denoising,method_atom,medium,Evidence from traditional analysis packages,SRC_PMC13210414,Supports ATOM_pca_denoising
EVLINK_8259,EV_VBIT_0109,method_atom,ATOM_pca_denoising,method_atom,medium,Evidence from traditional analysis packages,SRC_PMC12673338,Supports ATOM_pca_denoising
EVLINK_8260,EV_VBIT_0130,method_atom,ATOM_pca_denoising,method_atom,medium,Evidence from traditional analysis packages,SRC_PMC12714936,Supports ATOM_pca_denoising
EVLINK_8261,EV_VBIT_0132,method_atom,ATOM_pca_denoising,method_atom,medium,Evidence from traditional analysis packages,SRC_PMC9555616,Supports ATOM_pca_denoising
EVLINK_8262,EV_VBIT_0133,method_atom,ATOM_pca_denoising,method_atom,medium,Evidence from traditional analysis packages,SRC_PMC9386281,Supports ATOM_pca_denoising
EVLINK_8263,EV_VBIT_0134,method_atom,ATOM_pca_denoising,method_atom,medium,Evidence from traditional analysis packages,SRC_PMC9116886,Supports ATOM_pca_denoising
EVLINK_8264,EV_VBIT_0138,method_atom,ATOM_pca_denoising,method_atom,medium,Evidence from traditional analysis packages,SRC_PMC7511246,Supports ATOM_pca_denoising
EVLINK_8265,EV_VBIT_0142,method_atom,ATOM_pca_denoising,method_atom,medium,Evidence from traditional analysis packages,SRC_PMC3665655,Supports ATOM_pca_denoising
EVLINK_8266,EV_VBIT_0273,method_atom,ATOM_pca_denoising,method_atom,medium,Evidence from traditional analysis packages,SRC_PMC4211632,Supports ATOM_pca_denoising
EVLINK_8267,EV_VBIT_0284,method_atom,ATOM_pca_denoising,method_atom,medium,Evidence from traditional analysis packages,SRC_PMC5592780,Supports ATOM_pca_denoising
EVLINK_8268,EQ_PMID_35065956_01,method_atom,ATOM_pca_denoising,method_atom,medium,Evidence from traditional analysis packages,SRC_PMID35065956,Supports ATOM_pca_denoising
EVLINK_8269,EQ_PMID_40843107_04,method_atom,ATOM_pca_denoising,method_atom,medium,Evidence from traditional analysis packages,SRC_PMID40843107,Supports ATOM_pca_denoising
EVLINK_8270,EQ_PMID_42255351_08,method_atom,ATOM_pca_denoising,method_atom,medium,Evidence from traditional analysis packages,SRC_PMID42255351,Supports ATOM_pca_denoising
EVLINK_8274,EQ_PMC6953699_01,method_atom,ATOM_pca_denoising,method_atom,medium,Evidence from traditional analysis packages,SRC_PMC6953699,Supports ATOM_pca_denoising
EVLINK_8275,EV_VBIT_0232,method_atom,ATOM_pca_denoising,method_atom,medium,Evidence from traditional analysis packages,SRC_PMC6953699,Supports ATOM_pca_denoising
EVLINK_8276,EQ_PMC12877426_01,method_atom,ATOM_pca_denoising,method_atom,medium,Evidence from traditional analysis packages,SRC_PMC12877426,Supports ATOM_pca_denoising
EVLINK_8277,EV_VBIT_0001,method_atom,ATOM_pca_denoising,method_atom,medium,Evidence from traditional analysis packages,SRC_PMC12877426,Supports ATOM_pca_denoising
EVLINK_8278,EV_VBIT_0002,method_atom,ATOM_pca_denoising,method_atom,medium,Evidence from traditional analysis packages,SRC_PMC12877426,Supports ATOM_pca_denoising
EVLINK_8279,EQ_PMC4524732_01,method_atom,ATOM_pca_denoising,method_atom,medium,Evidence from traditional analysis packages,SRC_PMC4524732,Supports ATOM_pca_denoising
EVLINK_8280,EV_VBIT_0042,method_atom,ATOM_pca_denoising,method_atom,medium,Evidence from traditional analysis packages,SRC_PMC4524732,Supports ATOM_pca_denoising
EVLINK_8281,EQ_PMC4524535_01,method_atom,ATOM_pca_denoising,method_atom,medium,Evidence from traditional analysis packages,SRC_PMC4524535,Supports ATOM_pca_denoising
EVLINK_8282,EV_VBIT_0228,method_atom,ATOM_pca_denoising,method_atom,medium,Evidence from traditional analysis packages,SRC_PMC4524535,Supports ATOM_pca_denoising
EVLINK_8283,EQ_PMC10199511_01,method_atom,ATOM_pca_denoising,method_atom,medium,Evidence from traditional analysis packages,SRC_PMC10199511,Supports ATOM_pca_denoising
EVLINK_8284,EV_VBIT_0179,method_atom,ATOM_pca_denoising,method_atom,medium,Evidence from traditional analysis packages,SRC_PMC10199511,Supports ATOM_pca_denoising
EVLINK_8285,EV_PMC6278088,method_atom,ATOM_pca_denoising,method_atom,medium,Evidence from traditional analysis packages,SRC_PMC6278088,Supports ATOM_pca_denoising
EVLINK_8286,EV_VBIT_0291,method_atom,ATOM_pca_denoising,method_atom,medium,Evidence from traditional analysis packages,SRC_PMC6278088,Supports ATOM_pca_denoising
EVLINK_8287,EV_VBIT_0292,method_atom,ATOM_pca_denoising,method_atom,medium,Evidence from traditional analysis packages,SRC_PMC6278088,Supports ATOM_pca_denoising
EVLINK_8288,EQ_PMC11527908_01,method_atom,ATOM_pca_denoising,method_atom,medium,Evidence from traditional analysis packages,SRC_PMC11527908,Supports ATOM_pca_denoising
EVLINK_8289,EQ_PMC11221214_03,method_atom,ATOM_block_average,method_atom,medium,Evidence from traditional analysis packages,SRC_PMC11221214,Supports ATOM_block_average
EVLINK_8290,EQ_PMC12731443_01,method_atom,ATOM_block_average,method_atom,medium,Evidence from traditional analysis packages,SRC_PMC12731443,Supports ATOM_block_average
EVLINK_8291,EQ_PMID_39667979_01,method_atom,ATOM_block_average,method_atom,medium,Evidence from traditional analysis packages,SRC_PMID39667979,Supports ATOM_block_average
EVLINK_8292,EQ_PMID_39667979_02,method_atom,ATOM_block_average,method_atom,medium,Evidence from traditional analysis packages,SRC_PMID39667979,Supports ATOM_block_average
EVLINK_8293,EQ_PMID_39667979_03,method_atom,ATOM_block_average,method_atom,medium,Evidence from traditional analysis packages,SRC_PMID39667979,Supports ATOM_block_average
EVLINK_8294,EQ_PMID_40605912_03,method_atom,ATOM_block_average,method_atom,medium,Evidence from traditional analysis packages,SRC_PMID40605912,Supports ATOM_block_average
EVLINK_8295,EQ_PMC6297380_01,method_atom,ATOM_glm_with_drift,method_atom,medium,Evidence from traditional analysis packages,SRC_PMC6297380,Supports ATOM_glm_with_drift
EVLINK_8296,EQ_PMC10295283_01,method_atom,ATOM_glm_with_drift,method_atom,medium,Evidence from traditional analysis packages,SRC_PMC10295283,Supports ATOM_glm_with_drift
EVLINK_8297,EQ_PMC12634216_01,method_atom,ATOM_glm_with_drift,method_atom,medium,Evidence from traditional analysis packages,SRC_PMC12634216,Supports ATOM_glm_with_drift
EVLINK_8298,EQ_PMC8901827_03,method_atom,ATOM_glm_with_drift,method_atom,medium,Evidence from traditional analysis packages,SRC_PMC8901827,Supports ATOM_glm_with_drift
EVLINK_8299,EV_VBIT_0078,method_atom,ATOM_glm_with_drift,method_atom,medium,Evidence from traditional analysis packages,SRC_PMC8066873,Supports ATOM_glm_with_drift
EVLINK_8300,EV_VBIT_0083,method_atom,ATOM_glm_with_drift,method_atom,medium,Evidence from traditional analysis packages,SRC_PMC7824905,Supports ATOM_glm_with_drift
EVLINK_8301,EV_VBIT_0084,method_atom,ATOM_glm_with_drift,method_atom,medium,Evidence from traditional analysis packages,SRC_PMC5512010,Supports ATOM_glm_with_drift
EVLINK_8302,EV_VBIT_0096,method_atom,ATOM_glm_with_drift,method_atom,medium,Evidence from traditional analysis packages,SRC_PMC10295283,Supports ATOM_glm_with_drift
EVLINK_8303,EV_VBIT_0099,method_atom,ATOM_glm_with_drift,method_atom,medium,Evidence from traditional analysis packages,SRC_PMC9174890,Supports ATOM_glm_with_drift
EVLINK_8304,EV_VBIT_0137,method_atom,ATOM_glm_with_drift,method_atom,medium,Evidence from traditional analysis packages,SRC_PMC7829673,Supports ATOM_glm_with_drift
EVLINK_8305,EV_VBIT_0141,method_atom,ATOM_glm_with_drift,method_atom,medium,Evidence from traditional analysis packages,SRC_PMC3756568,Supports ATOM_glm_with_drift
EVLINK_8306,EV_VBIT_0195,method_atom,ATOM_glm_with_drift,method_atom,medium,Evidence from traditional analysis packages,SRC_PMC2806654,Supports ATOM_glm_with_drift
EVLINK_8307,EV_VBIT_0265,method_atom,ATOM_glm_with_drift,method_atom,medium,Evidence from traditional analysis packages,SRC_PMC3085546,Supports ATOM_glm_with_drift
EVLINK_8308,EV_VBIT_0314,method_atom,ATOM_glm_with_drift,method_atom,medium,Evidence from traditional analysis packages,SRC_PMC9950900,Supports ATOM_glm_with_drift
EVLINK_8309,EV_VBIT_0338,method_atom,ATOM_glm_with_drift,method_atom,medium,Evidence from traditional analysis packages,SRC_PMC8901827,Supports ATOM_glm_with_drift
EVLINK_8313,EQ_PMC12929548_07,method_atom,ATOM_glm_with_drift,method_atom,medium,Evidence from traditional analysis packages,SRC_PMC12929548,Supports ATOM_glm_with_drift
EVLINK_8314,EQ_PMC12053328_02,method_atom,ATOM_glm_with_drift,method_atom,medium,Evidence from traditional analysis packages,SRC_PMC12053328,Supports ATOM_glm_with_drift
EVLINK_8315,EQ_PMC12952035_02,method_atom,ATOM_glm_with_drift,method_atom,medium,Evidence from traditional analysis packages,SRC_PMC12952035,Supports ATOM_glm_with_drift
EVLINK_8316,EQ_PMC6953699_01,method_atom,ATOM_glm_with_drift,method_atom,medium,Evidence from traditional analysis packages,SRC_PMC6953699,Supports ATOM_glm_with_drift
EVLINK_8317,EV_VBIT_0232,method_atom,ATOM_glm_with_drift,method_atom,medium,Evidence from traditional analysis packages,SRC_PMC6953699,Supports ATOM_glm_with_drift
EVLINK_8318,EQ_PMC12877426_01,method_atom,ATOM_glm_with_drift,method_atom,medium,Evidence from traditional analysis packages,SRC_PMC12877426,Supports ATOM_glm_with_drift
EVLINK_8319,EV_VBIT_0001,method_atom,ATOM_glm_with_drift,method_atom,medium,Evidence from traditional analysis packages,SRC_PMC12877426,Supports ATOM_glm_with_drift
EVLINK_8320,EV_VBIT_0002,method_atom,ATOM_glm_with_drift,method_atom,medium,Evidence from traditional analysis packages,SRC_PMC12877426,Supports ATOM_glm_with_drift
EVLINK_8321,EQ_PMC5363470_01,method_atom,ATOM_glm_with_drift,method_atom,medium,Evidence from traditional analysis packages,SRC_PMC5363470,Supports ATOM_glm_with_drift
EVLINK_8322,EQ_PMC6213715_01,method_atom,ATOM_glm_with_drift,method_atom,medium,Evidence from traditional analysis packages,SRC_PMC6213715,Supports ATOM_glm_with_drift
EVLINK_8324,EV_VBIT_0003,method_atom,ATOM_glm_with_drift,method_atom,medium,Evidence from traditional analysis packages,SRC_PMC6297380,Supports ATOM_glm_with_drift
EVLINK_8325,EQ_PMC5603769_01,method_atom,ATOM_glm_with_drift,method_atom,medium,Evidence from traditional analysis packages,SRC_PMC5603769,Supports ATOM_glm_with_drift
EVLINK_8326,EV_VBIT_0004,method_atom,ATOM_glm_with_drift,method_atom,medium,Evidence from traditional analysis packages,SRC_PMC5603769,Supports ATOM_glm_with_drift
EVLINK_8327,EV_VBIT_0005,method_atom,ATOM_glm_with_drift,method_atom,medium,Evidence from traditional analysis packages,SRC_PMC5603769,Supports ATOM_glm_with_drift
EVLINK_8328,EQ_PMC6336925_01,method_atom,ATOM_glm_with_drift,method_atom,medium,Evidence from traditional analysis packages,SRC_PMC6336925,Supports ATOM_glm_with_drift
EVLINK_8329,EV_VBIT_0013,method_atom,ATOM_glm_with_drift,method_atom,medium,Evidence from traditional analysis packages,SRC_PMC6336925,Supports ATOM_glm_with_drift
EVLINK_8330,EV_VBIT_0014,method_atom,ATOM_glm_with_drift,method_atom,medium,Evidence from traditional analysis packages,SRC_PMC6336925,Supports ATOM_glm_with_drift
EVLINK_8331,EQ_PMC11221214_03,method_atom,ATOM_detrending,method_atom,medium,Evidence from traditional analysis packages,SRC_PMC11221214,Supports ATOM_detrending
EVLINK_8332,EQ_PMC12731443_01,method_atom,ATOM_detrending,method_atom,medium,Evidence from traditional analysis packages,SRC_PMC12731443,Supports ATOM_detrending
EVLINK_8333,EQ_PMC6297380_01,method_atom,ATOM_detrending,method_atom,medium,Evidence from traditional analysis packages,SRC_PMC6297380,Supports ATOM_detrending
EVLINK_8334,EQ_PMC10295283_01,method_atom,ATOM_detrending,method_atom,medium,Evidence from traditional analysis packages,SRC_PMC10295283,Supports ATOM_detrending
EVLINK_8335,EQ_PMC8113412_01,method_atom,ATOM_detrending,method_atom,medium,Evidence from traditional analysis packages,SRC_PMC8113412,Supports ATOM_detrending
EVLINK_8336,EQ_PMC7047008_01,method_atom,ATOM_detrending,method_atom,medium,Evidence from traditional analysis packages,SRC_PMC7047008,Supports ATOM_detrending
EVLINK_8337,EQ_PMC6191612_01,method_atom,ATOM_detrending,method_atom,medium,Evidence from traditional analysis packages,SRC_PMC6191612,Supports ATOM_detrending
EVLINK_8338,EQ_PMC11506513_03,method_atom,ATOM_detrending,method_atom,medium,Evidence from traditional analysis packages,SRC_PMC11506513,Supports ATOM_detrending
EVLINK_8339,EV_VBIT_0069,method_atom,ATOM_detrending,method_atom,medium,Evidence from traditional analysis packages,SRC_PMC13136355,Supports ATOM_detrending
EVLINK_8340,EV_VBIT_0072,method_atom,ATOM_detrending,method_atom,medium,Evidence from traditional analysis packages,SRC_PMC11564592,Supports ATOM_detrending
EVLINK_8341,EV_VBIT_0076,method_atom,ATOM_detrending,method_atom,medium,Evidence from traditional analysis packages,SRC_PMC10549729,Supports ATOM_detrending
EVLINK_8342,EV_VBIT_0089,method_atom,ATOM_detrending,method_atom,medium,Evidence from traditional analysis packages,SRC_PMC12286323,Supports ATOM_detrending
EVLINK_8343,EV_VBIT_0091,method_atom,ATOM_detrending,method_atom,medium,Evidence from traditional analysis packages,SRC_PMC11918759,Supports ATOM_detrending
EVLINK_8344,EV_VBIT_0110,method_atom,ATOM_detrending,method_atom,medium,Evidence from traditional analysis packages,SRC_PMC12627794,Supports ATOM_detrending
EVLINK_8345,EV_VBIT_0121,method_atom,ATOM_detrending,method_atom,medium,Evidence from traditional analysis packages,SRC_PMC10137986,Supports ATOM_detrending
EVLINK_8346,EV_VBIT_0136,method_atom,ATOM_detrending,method_atom,medium,Evidence from traditional analysis packages,SRC_PMC8093202,Supports ATOM_detrending
EVLINK_8347,EV_VBIT_0149,method_atom,ATOM_detrending,method_atom,medium,Evidence from traditional analysis packages,SRC_PMC11945418,Supports ATOM_detrending
EVLINK_8348,EV_VBIT_0158,method_atom,ATOM_detrending,method_atom,medium,Evidence from traditional analysis packages,SRC_PMC7745044,Supports ATOM_detrending
EVLINK_8349,EV_VBIT_0164,method_atom,ATOM_detrending,method_atom,medium,Evidence from traditional analysis packages,SRC_PMC6191612,Supports ATOM_detrending
EVLINK_8350,EV_VBIT_0166,method_atom,ATOM_detrending,method_atom,medium,Evidence from traditional analysis packages,SRC_PMC6323003,Supports ATOM_detrending
EVLINK_8351,EV_VBIT_0173,method_atom,ATOM_detrending,method_atom,medium,Evidence from traditional analysis packages,SRC_PMC12634216,Supports ATOM_detrending
EVLINK_8352,EV_VBIT_0175,method_atom,ATOM_detrending,method_atom,medium,Evidence from traditional analysis packages,SRC_PMC12319887,Supports ATOM_detrending
EVLINK_8353,EV_VBIT_0177,method_atom,ATOM_detrending,method_atom,medium,Evidence from traditional analysis packages,SRC_PMC11679141,Supports ATOM_detrending
EVLINK_8354,EV_VBIT_0178,method_atom,ATOM_detrending,method_atom,medium,Evidence from traditional analysis packages,SRC_PMC11059326,Supports ATOM_detrending
EVLINK_8355,EV_VBIT_0184,method_atom,ATOM_detrending,method_atom,medium,Evidence from traditional analysis packages,SRC_PMC7985709,Supports ATOM_detrending
EVLINK_8356,EV_VBIT_0185,method_atom,ATOM_detrending,method_atom,medium,Evidence from traditional analysis packages,SRC_PMC6824917,Supports ATOM_detrending
EVLINK_8357,EV_VBIT_0186,method_atom,ATOM_detrending,method_atom,medium,Evidence from traditional analysis packages,SRC_PMC6387909,Supports ATOM_detrending
EVLINK_8358,EV_VBIT_0188,method_atom,ATOM_detrending,method_atom,medium,Evidence from traditional analysis packages,SRC_PMC5565675,Supports ATOM_detrending
EVLINK_8359,EV_VBIT_0194,method_atom,ATOM_detrending,method_atom,medium,Evidence from traditional analysis packages,SRC_PMC2806654,Supports ATOM_detrending
EVLINK_8360,EV_VBIT_0201,method_atom,ATOM_detrending,method_atom,medium,Evidence from traditional analysis packages,SRC_PMC9205639,Supports ATOM_detrending
EVLINK_8361,EV_VBIT_0202,method_atom,ATOM_detrending,method_atom,medium,Evidence from traditional analysis packages,SRC_PMC8973170,Supports ATOM_detrending
EVLINK_8362,EV_VBIT_0203,method_atom,ATOM_detrending,method_atom,medium,Evidence from traditional analysis packages,SRC_PMC8778041,Supports ATOM_detrending
EVLINK_8363,EV_VBIT_0206,method_atom,ATOM_detrending,method_atom,medium,Evidence from traditional analysis packages,SRC_PMC7927423,Supports ATOM_detrending
EVLINK_8364,EV_VBIT_0208,method_atom,ATOM_detrending,method_atom,medium,Evidence from traditional analysis packages,SRC_PMC7280505,Supports ATOM_detrending
EVLINK_8365,EV_VBIT_0209,method_atom,ATOM_detrending,method_atom,medium,Evidence from traditional analysis packages,SRC_PMC6412154,Supports ATOM_detrending
EVLINK_8366,EV_VBIT_0210,method_atom,ATOM_detrending,method_atom,medium,Evidence from traditional analysis packages,SRC_PMC5424771,Supports ATOM_detrending
EVLINK_8367,EV_VBIT_0211,method_atom,ATOM_detrending,method_atom,medium,Evidence from traditional analysis packages,SRC_PMC4753811,Supports ATOM_detrending
EVLINK_8368,EV_VBIT_0214,method_atom,ATOM_detrending,method_atom,medium,Evidence from traditional analysis packages,SRC_PMC3865602,Supports ATOM_detrending
EVLINK_8369,EV_VBIT_0218,method_atom,ATOM_detrending,method_atom,medium,Evidence from traditional analysis packages,SRC_PMC13259229,Supports ATOM_detrending
EVLINK_8370,EV_VBIT_0231,method_atom,ATOM_detrending,method_atom,medium,Evidence from traditional analysis packages,SRC_PMC5788966,Supports ATOM_detrending
EVLINK_8371,EV_VBIT_0233,method_atom,ATOM_detrending,method_atom,medium,Evidence from traditional analysis packages,SRC_PMC7040364,Supports ATOM_detrending
EVLINK_8372,EV_VBIT_0235,method_atom,ATOM_detrending,method_atom,medium,Evidence from traditional analysis packages,SRC_PMC8231828,Supports ATOM_detrending
EVLINK_8373,EV_VBIT_0251,method_atom,ATOM_detrending,method_atom,medium,Evidence from traditional analysis packages,SRC_PMC11652482,Supports ATOM_detrending
EVLINK_8374,EV_VBIT_0256,method_atom,ATOM_detrending,method_atom,medium,Evidence from traditional analysis packages,SRC_PMC12110038,Supports ATOM_detrending
EVLINK_8375,EV_VBIT_0287,method_atom,ATOM_detrending,method_atom,medium,Evidence from traditional analysis packages,SRC_PMC5963607,Supports ATOM_detrending
EVLINK_8376,EV_VBIT_0296,method_atom,ATOM_detrending,method_atom,medium,Evidence from traditional analysis packages,SRC_PMC7125097,Supports ATOM_detrending
EVLINK_8377,EV_VBIT_0300,method_atom,ATOM_detrending,method_atom,medium,Evidence from traditional analysis packages,SRC_PMC8022277,Supports ATOM_detrending
EVLINK_8378,EV_VBIT_0301,method_atom,ATOM_detrending,method_atom,medium,Evidence from traditional analysis packages,SRC_PMC8113412,Supports ATOM_detrending
EVLINK_8379,EV_VBIT_0305,method_atom,ATOM_detrending,method_atom,medium,Evidence from traditional analysis packages,SRC_PMC8871689,Supports ATOM_detrending
EVLINK_8380,EV_VBIT_0307,method_atom,ATOM_detrending,method_atom,medium,Evidence from traditional analysis packages,SRC_PMC9301871,Supports ATOM_detrending
EVLINK_8381,EV_VBIT_0312,method_atom,ATOM_detrending,method_atom,medium,Evidence from traditional analysis packages,SRC_PMC9587758,Supports ATOM_detrending
EVLINK_8382,EV_VBIT_0313,method_atom,ATOM_detrending,method_atom,medium,Evidence from traditional analysis packages,SRC_PMC9900395,Supports ATOM_detrending
EVLINK_8383,EV_VBIT_0320,method_atom,ATOM_detrending,method_atom,medium,Evidence from traditional analysis packages,SRC_PMC11752877,Supports ATOM_detrending
EVLINK_8384,EQ_PMID_39667979_01,method_atom,ATOM_detrending,method_atom,medium,Evidence from traditional analysis packages,SRC_PMID39667979,Supports ATOM_detrending
EVLINK_8385,EQ_PMID_39667979_02,method_atom,ATOM_detrending,method_atom,medium,Evidence from traditional analysis packages,SRC_PMID39667979,Supports ATOM_detrending
EVLINK_8386,EQ_PMID_39667979_03,method_atom,ATOM_detrending,method_atom,medium,Evidence from traditional analysis packages,SRC_PMID39667979,Supports ATOM_detrending
EVLINK_8387,EQ_PMID_41771364_02,method_atom,ATOM_detrending,method_atom,medium,Evidence from traditional analysis packages,SRC_PMID41771364,Supports ATOM_detrending
EVLINK_8388,EQ_PMC10338804_01,method_atom,ATOM_hpf_lpf_filter,method_atom,medium,Evidence from traditional analysis packages,SRC_PMC10338804,Supports ATOM_hpf_lpf_filter
EVLINK_8389,EQ_PMC11679405_01,method_atom,ATOM_hpf_lpf_filter,method_atom,medium,Evidence from traditional analysis packages,SRC_PMC11679405,Supports ATOM_hpf_lpf_filter
EVLINK_8390,EQ_PMC10295283_01,method_atom,ATOM_hpf_lpf_filter,method_atom,medium,Evidence from traditional analysis packages,SRC_PMC10295283,Supports ATOM_hpf_lpf_filter
EVLINK_8391,EQ_PMC9174890_01,method_atom,ATOM_hpf_lpf_filter,method_atom,medium,Evidence from traditional analysis packages,SRC_PMC9174890,Supports ATOM_hpf_lpf_filter
EVLINK_8392,EQ_PMC4719469_01,method_atom,ATOM_hpf_lpf_filter,method_atom,medium,Evidence from traditional analysis packages,SRC_PMC4719469,Supports ATOM_hpf_lpf_filter
EVLINK_8393,EQ_PMC3288700_01,method_atom,ATOM_hpf_lpf_filter,method_atom,medium,Evidence from traditional analysis packages,SRC_PMC3288700,Supports ATOM_hpf_lpf_filter
EVLINK_8394,EQ_PMC11506513_03,method_atom,ATOM_hpf_lpf_filter,method_atom,medium,Evidence from traditional analysis packages,SRC_PMC11506513,Supports ATOM_hpf_lpf_filter
EVLINK_8395,EQ_PMC8901827_02,method_atom,ATOM_hpf_lpf_filter,method_atom,medium,Evidence from traditional analysis packages,SRC_PMC8901827,Supports ATOM_hpf_lpf_filter
EVLINK_8396,EV_VBIT_0017,method_atom,ATOM_hpf_lpf_filter,method_atom,medium,Evidence from traditional analysis packages,SRC_PMC4801878,Supports ATOM_hpf_lpf_filter
EVLINK_8397,EV_VBIT_0056,method_atom,ATOM_hpf_lpf_filter,method_atom,medium,Evidence from traditional analysis packages,SRC_PMC12618017,Supports ATOM_hpf_lpf_filter
EVLINK_8398,EV_VBIT_0065,method_atom,ATOM_hpf_lpf_filter,method_atom,medium,Evidence from traditional analysis packages,SRC_PMC8901194,Supports ATOM_hpf_lpf_filter
EVLINK_8399,EV_VBIT_0095,method_atom,ATOM_hpf_lpf_filter,method_atom,medium,Evidence from traditional analysis packages,SRC_PMC12270413,Supports ATOM_hpf_lpf_filter
EVLINK_8400,EV_VBIT_0117,method_atom,ATOM_hpf_lpf_filter,method_atom,medium,Evidence from traditional analysis packages,SRC_PMC10942712,Supports ATOM_hpf_lpf_filter
EVLINK_8401,EV_VBIT_0147,method_atom,ATOM_hpf_lpf_filter,method_atom,medium,Evidence from traditional analysis packages,SRC_PMC12912286,Supports ATOM_hpf_lpf_filter
EVLINK_8402,EV_VBIT_0152,method_atom,ATOM_hpf_lpf_filter,method_atom,medium,Evidence from traditional analysis packages,SRC_PMC11125330,Supports ATOM_hpf_lpf_filter
EVLINK_8403,EV_VBIT_0174,method_atom,ATOM_hpf_lpf_filter,method_atom,medium,Evidence from traditional analysis packages,SRC_PMC12319887,Supports ATOM_hpf_lpf_filter
EVLINK_8404,EV_VBIT_0182,method_atom,ATOM_hpf_lpf_filter,method_atom,medium,Evidence from traditional analysis packages,SRC_PMC9775029,Supports ATOM_hpf_lpf_filter
EVLINK_8405,EV_VBIT_0187,method_atom,ATOM_hpf_lpf_filter,method_atom,medium,Evidence from traditional analysis packages,SRC_PMC5562388,Supports ATOM_hpf_lpf_filter
EVLINK_8406,EV_VBIT_0197,method_atom,ATOM_hpf_lpf_filter,method_atom,medium,Evidence from traditional analysis packages,SRC_PMC12290587,Supports ATOM_hpf_lpf_filter
EVLINK_8407,EV_VBIT_0207,method_atom,ATOM_hpf_lpf_filter,method_atom,medium,Evidence from traditional analysis packages,SRC_PMC7280505,Supports ATOM_hpf_lpf_filter
EVLINK_8408,EV_VBIT_0215,method_atom,ATOM_hpf_lpf_filter,method_atom,medium,Evidence from traditional analysis packages,SRC_PMC3762942,Supports ATOM_hpf_lpf_filter
EVLINK_8409,EV_VBIT_0216,method_atom,ATOM_hpf_lpf_filter,method_atom,medium,Evidence from traditional analysis packages,SRC_PMC2846950,Supports ATOM_hpf_lpf_filter
EVLINK_8410,EV_VBIT_0223,method_atom,ATOM_hpf_lpf_filter,method_atom,medium,Evidence from traditional analysis packages,SRC_PMC11762704,Supports ATOM_hpf_lpf_filter
EVLINK_8411,EV_VBIT_0229,method_atom,ATOM_hpf_lpf_filter,method_atom,medium,Evidence from traditional analysis packages,SRC_PMC4913108,Supports ATOM_hpf_lpf_filter
EVLINK_8412,EV_VBIT_0239,method_atom,ATOM_hpf_lpf_filter,method_atom,medium,Evidence from traditional analysis packages,SRC_PMC9593203,Supports ATOM_hpf_lpf_filter
EVLINK_8413,EV_VBIT_0244,method_atom,ATOM_hpf_lpf_filter,method_atom,medium,Evidence from traditional analysis packages,SRC_PMC10683641,Supports ATOM_hpf_lpf_filter
EVLINK_8414,EV_VBIT_0246,method_atom,ATOM_hpf_lpf_filter,method_atom,medium,Evidence from traditional analysis packages,SRC_PMC10765727,Supports ATOM_hpf_lpf_filter
EVLINK_8415,EV_VBIT_0251,method_atom,ATOM_hpf_lpf_filter,method_atom,medium,Evidence from traditional analysis packages,SRC_PMC11652482,Supports ATOM_hpf_lpf_filter
EVLINK_8416,EV_VBIT_0252,method_atom,ATOM_hpf_lpf_filter,method_atom,medium,Evidence from traditional analysis packages,SRC_PMC11679405,Supports ATOM_hpf_lpf_filter
EVLINK_8417,EV_VBIT_0256,method_atom,ATOM_hpf_lpf_filter,method_atom,medium,Evidence from traditional analysis packages,SRC_PMC12110038,Supports ATOM_hpf_lpf_filter
EVLINK_8418,EV_VBIT_0264,method_atom,ATOM_hpf_lpf_filter,method_atom,medium,Evidence from traditional analysis packages,SRC_PMC3085546,Supports ATOM_hpf_lpf_filter
EVLINK_8419,EV_VBIT_0267,method_atom,ATOM_hpf_lpf_filter,method_atom,medium,Evidence from traditional analysis packages,SRC_PMC3254723,Supports ATOM_hpf_lpf_filter
EVLINK_8420,EV_VBIT_0269,method_atom,ATOM_hpf_lpf_filter,method_atom,medium,Evidence from traditional analysis packages,SRC_PMC3468891,Supports ATOM_hpf_lpf_filter
EVLINK_8421,EV_VBIT_0273,method_atom,ATOM_hpf_lpf_filter,method_atom,medium,Evidence from traditional analysis packages,SRC_PMC4211632,Supports ATOM_hpf_lpf_filter
EVLINK_8422,EV_VBIT_0276,method_atom,ATOM_hpf_lpf_filter,method_atom,medium,Evidence from traditional analysis packages,SRC_PMC4478749,Supports ATOM_hpf_lpf_filter
EVLINK_8423,EV_VBIT_0277,method_atom,ATOM_hpf_lpf_filter,method_atom,medium,Evidence from traditional analysis packages,SRC_PMC4719469,Supports ATOM_hpf_lpf_filter
EVLINK_8424,EV_VBIT_0278,method_atom,ATOM_hpf_lpf_filter,method_atom,medium,Evidence from traditional analysis packages,SRC_PMC4773699,Supports ATOM_hpf_lpf_filter
EVLINK_8425,EV_VBIT_0284,method_atom,ATOM_hpf_lpf_filter,method_atom,medium,Evidence from traditional analysis packages,SRC_PMC5592780,Supports ATOM_hpf_lpf_filter
EVLINK_8426,EV_VBIT_0287,method_atom,ATOM_hpf_lpf_filter,method_atom,medium,Evidence from traditional analysis packages,SRC_PMC5963607,Supports ATOM_hpf_lpf_filter
EVLINK_8427,EV_VBIT_0292,method_atom,ATOM_hpf_lpf_filter,method_atom,medium,Evidence from traditional analysis packages,SRC_PMC6278088,Supports ATOM_hpf_lpf_filter
EVLINK_8428,EV_VBIT_0297,method_atom,ATOM_hpf_lpf_filter,method_atom,medium,Evidence from traditional analysis packages,SRC_PMC7373176,Supports ATOM_hpf_lpf_filter
EVLINK_8429,EV_VBIT_0300,method_atom,ATOM_hpf_lpf_filter,method_atom,medium,Evidence from traditional analysis packages,SRC_PMC8022277,Supports ATOM_hpf_lpf_filter
EVLINK_8430,EV_VBIT_0305,method_atom,ATOM_hpf_lpf_filter,method_atom,medium,Evidence from traditional analysis packages,SRC_PMC8871689,Supports ATOM_hpf_lpf_filter
EVLINK_8431,EV_VBIT_0307,method_atom,ATOM_hpf_lpf_filter,method_atom,medium,Evidence from traditional analysis packages,SRC_PMC9301871,Supports ATOM_hpf_lpf_filter
EVLINK_8432,EV_VBIT_0308,method_atom,ATOM_hpf_lpf_filter,method_atom,medium,Evidence from traditional analysis packages,SRC_PMC9366124,Supports ATOM_hpf_lpf_filter
EVLINK_8433,EV_VBIT_0310,method_atom,ATOM_hpf_lpf_filter,method_atom,medium,Evidence from traditional analysis packages,SRC_PMC9576156,Supports ATOM_hpf_lpf_filter
EVLINK_8434,EV_VBIT_0312,method_atom,ATOM_hpf_lpf_filter,method_atom,medium,Evidence from traditional analysis packages,SRC_PMC9587758,Supports ATOM_hpf_lpf_filter
EVLINK_8435,EV_VBIT_0316,method_atom,ATOM_hpf_lpf_filter,method_atom,medium,Evidence from traditional analysis packages,SRC_PMC10338804,Supports ATOM_hpf_lpf_filter
EVLINK_8436,EV_VBIT_0336,method_atom,ATOM_hpf_lpf_filter,method_atom,medium,Evidence from traditional analysis packages,SRC_PMC7364176,Supports ATOM_hpf_lpf_filter
EVLINK_8437,EV_VBIT_0337,method_atom,ATOM_hpf_lpf_filter,method_atom,medium,Evidence from traditional analysis packages,SRC_PMC8901827,Supports ATOM_hpf_lpf_filter
EVLINK_8438,EQ_PMID_33512913_03,method_atom,ATOM_hpf_lpf_filter,method_atom,medium,Evidence from traditional analysis packages,SRC_PMID_33512913,Supports ATOM_hpf_lpf_filter
EVLINK_8439,EQ_PMID_34284934_02,method_atom,ATOM_hpf_lpf_filter,method_atom,medium,Evidence from traditional analysis packages,SRC_PMID_34284934,Supports ATOM_hpf_lpf_filter
EVLINK_8440,EQ_PMID_41196800_05,method_atom,ATOM_hpf_lpf_filter,method_atom,medium,Evidence from traditional analysis packages,SRC_PMID41196800,Supports ATOM_hpf_lpf_filter
EVLINK_8441,EQ_PMID_40629211_02,method_atom,ATOM_hpf_lpf_filter,method_atom,medium,Evidence from traditional analysis packages,SRC_PMID40629211,Supports ATOM_hpf_lpf_filter
EVLINK_8442,EQ_PMID_40843107_01,method_atom,ATOM_hpf_lpf_filter,method_atom,medium,Evidence from traditional analysis packages,SRC_PMID40843107,Supports ATOM_hpf_lpf_filter
EVLINK_8443,EQ_PMID_40843107_02,method_atom,ATOM_hpf_lpf_filter,method_atom,medium,Evidence from traditional analysis packages,SRC_PMID40843107,Supports ATOM_hpf_lpf_filter
EVLINK_8444,EQ_PMID_40843107_03,method_atom,ATOM_hpf_lpf_filter,method_atom,medium,Evidence from traditional analysis packages,SRC_PMID40843107,Supports ATOM_hpf_lpf_filter
EVLINK_8445,EQ_PMID_40843107_04,method_atom,ATOM_hpf_lpf_filter,method_atom,medium,Evidence from traditional analysis packages,SRC_PMID40843107,Supports ATOM_hpf_lpf_filter
EVLINK_8446,EQ_PMID_42255351_07,method_atom,ATOM_hpf_lpf_filter,method_atom,medium,Evidence from traditional analysis packages,SRC_PMID42255351,Supports ATOM_hpf_lpf_filter
EVLINK_8447,EQ_PMID_42255351_08,method_atom,ATOM_hpf_lpf_filter,method_atom,medium,Evidence from traditional analysis packages,SRC_PMID42255351,Supports ATOM_hpf_lpf_filter
EVLINK_8448,EQ_PMC6953699_01,method_atom,ATOM_hpf_lpf_filter,method_atom,medium,Evidence from traditional analysis packages,SRC_PMC6953699,Supports ATOM_hpf_lpf_filter
EVLINK_8449,EV_VBIT_0232,method_atom,ATOM_hpf_lpf_filter,method_atom,medium,Evidence from traditional analysis packages,SRC_PMC6953699,Supports ATOM_hpf_lpf_filter
EVLINK_8450,EQ_PMC12877426_01,method_atom,ATOM_hpf_lpf_filter,method_atom,medium,Evidence from traditional analysis packages,SRC_PMC12877426,Supports ATOM_hpf_lpf_filter
EVLINK_8451,EV_VBIT_0001,method_atom,ATOM_hpf_lpf_filter,method_atom,medium,Evidence from traditional analysis packages,SRC_PMC12877426,Supports ATOM_hpf_lpf_filter
EVLINK_8452,EV_VBIT_0002,method_atom,ATOM_hpf_lpf_filter,method_atom,medium,Evidence from traditional analysis packages,SRC_PMC12877426,Supports ATOM_hpf_lpf_filter
EVLINK_8453,EQ_PMC13102829_01,method_atom,ATOM_hpf_lpf_filter,method_atom,medium,Evidence from traditional analysis packages,SRC_PMC13102829,Supports ATOM_hpf_lpf_filter
EVLINK_8454,EQ_PMC8564674_01,method_atom,ATOM_hpf_lpf_filter,method_atom,medium,Evidence from traditional analysis packages,SRC_PMC8564674,Supports ATOM_hpf_lpf_filter
EVLINK_8455,EQ_PMC7586414_01,method_atom,ATOM_hpf_lpf_filter,method_atom,medium,Evidence from traditional analysis packages,SRC_PMC7586414,Supports ATOM_hpf_lpf_filter
EVLINK_8456,EQ_PMC7506757_01,method_atom,ATOM_hpf_lpf_filter,method_atom,medium,Evidence from traditional analysis packages,SRC_PMC7506757,Supports ATOM_hpf_lpf_filter
EVLINK_8457,EQ_PMC7139562_01,method_atom,ATOM_hpf_lpf_filter,method_atom,medium,Evidence from traditional analysis packages,SRC_PMC7139562,Supports ATOM_hpf_lpf_filter
EVLINK_8458,EQ_PMC6866983_01,method_atom,ATOM_hpf_lpf_filter,method_atom,medium,Evidence from traditional analysis packages,SRC_PMC6866983,Supports ATOM_hpf_lpf_filter
EVLINK_8459,EQ_PMC10297241_01,method_atom,ATOM_hpf_lpf_filter,method_atom,medium,Evidence from traditional analysis packages,SRC_PMC10297241,Supports ATOM_hpf_lpf_filter
EVLINK_8460,EQ_PMC9163532_01,method_atom,ATOM_hpf_lpf_filter,method_atom,medium,Evidence from traditional analysis packages,SRC_PMC9163532,Supports ATOM_hpf_lpf_filter
EVLINK_8461,EQ_PMC12942210_01,method_atom,ATOM_hpf_lpf_filter,method_atom,medium,Evidence from traditional analysis packages,SRC_PMC12942210,Supports ATOM_hpf_lpf_filter
EVLINK_8462,EQ_PMC12565398_01,method_atom,ATOM_hpf_lpf_filter,method_atom,medium,Evidence from traditional analysis packages,SRC_PMC12565398,Supports ATOM_hpf_lpf_filter
EVLINK_8482,EQ_PMC11833346_03,method_atom,ATOM_group_glm_nirs_spm,method_atom,medium,Evidence from traditional analysis packages,SRC_PMC11833346,Supports ATOM_group_glm_nirs_spm
EVLINK_8483,EQ_PMC12929548_04,method_atom,ATOM_group_glm_nirs_spm,method_atom,medium,Evidence from traditional analysis packages,SRC_PMC12929548,Supports ATOM_group_glm_nirs_spm
EVLINK_8484,EQ_PMC12505193_05,method_atom,ATOM_group_glm_nirs_spm,method_atom,medium,Evidence from traditional analysis packages,SRC_PMC12505193,Supports ATOM_group_glm_nirs_spm
EVLINK_8485,EQ_PMC11221214_01,method_atom,ATOM_group_glm_nirs_spm,method_atom,medium,Evidence from traditional analysis packages,SRC_PMC11221214,Supports ATOM_group_glm_nirs_spm
EVLINK_8486,EQ_PMC11428271_02,method_atom,ATOM_group_glm_nirs_spm,method_atom,medium,Evidence from traditional analysis packages,SRC_PMC11428271,Supports ATOM_group_glm_nirs_spm
EVLINK_8487,EQ_PMC12731443_01,method_atom,ATOM_group_glm_nirs_spm,method_atom,medium,Evidence from traditional analysis packages,SRC_PMC12731443,Supports ATOM_group_glm_nirs_spm
EVLINK_8488,EQ_PMC11762704_01,method_atom,ATOM_group_glm_nirs_spm,method_atom,medium,Evidence from traditional analysis packages,SRC_PMC11762704,Supports ATOM_group_glm_nirs_spm
EVLINK_8489,EQ_PMC12818463_01,method_atom,ATOM_group_glm_nirs_spm,method_atom,medium,Evidence from traditional analysis packages,SRC_PMC12818463,Supports ATOM_group_glm_nirs_spm
EVLINK_8490,EQ_PMID_40306761_05,method_atom,ATOM_group_glm_nirs_spm,method_atom,medium,Evidence from traditional analysis packages,SRC_PMID40306761,Supports ATOM_group_glm_nirs_spm
EVLINK_8491,EQ_PMID_40629211_05,method_atom,ATOM_group_glm_nirs_spm,method_atom,medium,Evidence from traditional analysis packages,SRC_PMID40629211,Supports ATOM_group_glm_nirs_spm
EVLINK_8492,EQ_PMID_40816923_03,method_atom,ATOM_group_glm_nirs_spm,method_atom,medium,Evidence from traditional analysis packages,SRC_PMID40816923,Supports ATOM_group_glm_nirs_spm
EVLINK_8493,EQ_PMID_42255351_04,method_atom,ATOM_group_glm_nirs_spm,method_atom,medium,Evidence from traditional analysis packages,SRC_PMID42255351,Supports ATOM_group_glm_nirs_spm
EVLINK_8494,EQ_PMID_42313692_01,method_atom,ATOM_group_glm_nirs_spm,method_atom,medium,Evidence from traditional analysis packages,SRC_PMID42313692,Supports ATOM_group_glm_nirs_spm
EVLINK_8495,EQ_PMID_42313692_02,method_atom,ATOM_group_glm_nirs_spm,method_atom,medium,Evidence from traditional analysis packages,SRC_PMID42313692,Supports ATOM_group_glm_nirs_spm
EVLINK_8496,EQ_PMC8901827_03,method_atom,ATOM_group_glm_nirs_spm,method_atom,medium,Evidence from traditional analysis packages,SRC_PMC8901827,Supports ATOM_group_glm_nirs_spm
EVLINK_8497,EQ_PMID_40843107_06,method_atom,ATOM_group_glm_nirs_spm,method_atom,medium,Evidence from traditional analysis packages,SRC_PMID40843107,Supports ATOM_group_glm_nirs_spm
EVLINK_8498,EQ_PMID_40843107_07,method_atom,ATOM_group_glm_nirs_spm,method_atom,medium,Evidence from traditional analysis packages,SRC_PMID40843107,Supports ATOM_group_glm_nirs_spm
EVLINK_8499,EQ_PMC12505193_02,method_atom,ATOM_sensitivity_analysis,method_atom,medium,Evidence from traditional analysis packages,SRC_PMC12505193,Supports ATOM_sensitivity_analysis
EVLINK_8500,EQ_PMC12061381_01,method_atom,ATOM_sensitivity_analysis,method_atom,medium,Evidence from traditional analysis packages,SRC_PMC12061381,Supports ATOM_sensitivity_analysis
EVLINK_8501,EQ_PMC12061381_05,method_atom,ATOM_sensitivity_analysis,method_atom,medium,Evidence from traditional analysis packages,SRC_PMC12061381,Supports ATOM_sensitivity_analysis
EVLINK_8502,EQ_PMC12053328_04,method_atom,ATOM_sensitivity_analysis,method_atom,medium,Evidence from traditional analysis packages,SRC_PMC12053328,Supports ATOM_sensitivity_analysis
EVLINK_8503,EV_VBIT_0045,method_atom,ATOM_sensitivity_analysis,method_atom,medium,Evidence from traditional analysis packages,SRC_PMC3134125,Supports ATOM_sensitivity_analysis
EVLINK_8504,EV_VBIT_0165,method_atom,ATOM_sensitivity_analysis,method_atom,medium,Evidence from traditional analysis packages,SRC_PMC6323003,Supports ATOM_sensitivity_analysis
EVLINK_8505,EV_VBIT_0192,method_atom,ATOM_sensitivity_analysis,method_atom,medium,Evidence from traditional analysis packages,SRC_PMC4258229,Supports ATOM_sensitivity_analysis
EVLINK_8506,EQ_PMID_34284934_01,method_atom,ATOM_sensitivity_analysis,method_atom,medium,Evidence from traditional analysis packages,SRC_PMID_34284934,Supports ATOM_sensitivity_analysis
EVLINK_8507,EQ_PMID_34284934_02,method_atom,ATOM_sensitivity_analysis,method_atom,medium,Evidence from traditional analysis packages,SRC_PMID_34284934,Supports ATOM_sensitivity_analysis
EVLINK_8508,EQ_PMID_34284934_03,method_atom,ATOM_sensitivity_analysis,method_atom,medium,Evidence from traditional analysis packages,SRC_PMID_34284934,Supports ATOM_sensitivity_analysis
EVLINK_8509,EQ_PMID_34411803_02,method_atom,ATOM_sensitivity_analysis,method_atom,medium,Evidence from traditional analysis packages,SRC_PMID_34411803,Supports ATOM_sensitivity_analysis
EVLINK_8510,EQ_PMC8901827_01,method_atom,ATOM_dcm_fnirs,method_atom,medium,Evidence from traditional analysis packages,SRC_PMC8901827,Supports ATOM_dcm_fnirs
EVLINK_8511,EQ_PMC5971219_01,method_atom,ATOM_dcm_fnirs,method_atom,medium,Evidence from traditional analysis packages,SRC_PMC5971219,Supports ATOM_dcm_fnirs
EVLINK_8512,EQ_PMC11833346_09,method_atom,ATOM_cross_correlation,method_atom,medium,Evidence from traditional analysis packages,SRC_PMC11833346,Supports ATOM_cross_correlation
EVLINK_8513,EQ_PMC12929548_02,method_atom,ATOM_cross_correlation,method_atom,medium,Evidence from traditional analysis packages,SRC_PMC12929548,Supports ATOM_cross_correlation
EVLINK_8514,EQ_PMC12929548_06,method_atom,ATOM_cross_correlation,method_atom,medium,Evidence from traditional analysis packages,SRC_PMC12929548,Supports ATOM_cross_correlation
EVLINK_8515,EQ_PMC12929548_08,method_atom,ATOM_cross_correlation,method_atom,medium,Evidence from traditional analysis packages,SRC_PMC12929548,Supports ATOM_cross_correlation
EVLINK_8516,EQ_PMC7868344_03,method_atom,ATOM_cross_correlation,method_atom,medium,Evidence from traditional analysis packages,SRC_PMC7868344,Supports ATOM_cross_correlation
EVLINK_8517,EQ_PMC8918582_01,method_atom,ATOM_cross_correlation,method_atom,medium,Evidence from traditional analysis packages,SRC_PMC8918582,Supports ATOM_cross_correlation
EVLINK_8518,EQ_PMC8888846_01,method_atom,ATOM_cross_correlation,method_atom,medium,Evidence from traditional analysis packages,SRC_PMC8888846,Supports ATOM_cross_correlation
EVLINK_8519,EQ_PMC10469683_01,method_atom,ATOM_cross_correlation,method_atom,medium,Evidence from traditional analysis packages,SRC_PMC10469683,Supports ATOM_cross_correlation
EVLINK_8520,EQ_PMC8851356_01,method_atom,ATOM_cross_correlation,method_atom,medium,Evidence from traditional analysis packages,SRC_PMC8851356,Supports ATOM_cross_correlation
EVLINK_8521,EQ_PMC8414570_01,method_atom,ATOM_cross_correlation,method_atom,medium,Evidence from traditional analysis packages,SRC_PMC8414570,Supports ATOM_cross_correlation
EVLINK_8522,EQ_PMC10146120_01,method_atom,ATOM_cross_correlation,method_atom,medium,Evidence from traditional analysis packages,SRC_PMC10146120,Supports ATOM_cross_correlation
EVLINK_8523,EQ_PMC9780687_01,method_atom,ATOM_cross_correlation,method_atom,medium,Evidence from traditional analysis packages,SRC_PMC9780687,Supports ATOM_cross_correlation
EVLINK_8524,EQ_PMC11892370_01,method_atom,ATOM_cross_correlation,method_atom,medium,Evidence from traditional analysis packages,SRC_PMC11892370,Supports ATOM_cross_correlation
EVLINK_8525,EQ_PMC10665481_01,method_atom,ATOM_cross_correlation,method_atom,medium,Evidence from traditional analysis packages,SRC_PMC10665481,Supports ATOM_cross_correlation
EVLINK_8526,EQ_PMC9682186_01,method_atom,ATOM_cross_correlation,method_atom,medium,Evidence from traditional analysis packages,SRC_PMC9682186,Supports ATOM_cross_correlation
EVLINK_8527,EQ_PMC7821565_01,method_atom,ATOM_cross_correlation,method_atom,medium,Evidence from traditional analysis packages,SRC_PMC7821565,Supports ATOM_cross_correlation
EVLINK_8528,EQ_PMC12425098_01,method_atom,ATOM_cross_correlation,method_atom,medium,Evidence from traditional analysis packages,SRC_PMC12425098,Supports ATOM_cross_correlation
EVLINK_8529,EQ_PMC8901827_01,method_atom,ATOM_cross_correlation,method_atom,medium,Evidence from traditional analysis packages,SRC_PMC8901827,Supports ATOM_cross_correlation
EVLINK_8530,EQ_PMC13244843_01,method_atom,ATOM_cross_correlation,method_atom,medium,Evidence from traditional analysis packages,SRC_PMC13244843,Supports ATOM_cross_correlation
EVLINK_8531,EQ_PMC5788966_01,method_atom,ATOM_cross_correlation,method_atom,medium,Evidence from traditional analysis packages,SRC_PMC5788966,Supports ATOM_cross_correlation
EVLINK_8532,EQ_PMC13210414_01,method_atom,ATOM_cross_correlation,method_atom,medium,Evidence from traditional analysis packages,SRC_PMC13210414,Supports ATOM_cross_correlation
EVLINK_8533,EQ_PMC4619753_01,method_atom,ATOM_cross_correlation,method_atom,medium,Evidence from traditional analysis packages,SRC_PMC4619753,Supports ATOM_cross_correlation
EVLINK_8534,EQ_PMC7745044_01,method_atom,ATOM_cross_correlation,method_atom,medium,Evidence from traditional analysis packages,SRC_PMC7745044,Supports ATOM_cross_correlation
EVLINK_8535,EQ_PMID_40629211_04,method_atom,ATOM_cross_correlation,method_atom,medium,Evidence from traditional analysis packages,SRC_PMID40629211,Supports ATOM_cross_correlation
EVLINK_8536,EQ_PMID_40816923_02,method_atom,ATOM_cross_correlation,method_atom,medium,Evidence from traditional analysis packages,SRC_PMID40816923,Supports ATOM_cross_correlation
EVLINK_8540,EQ_PMC11833346_05,method_atom,ATOM_cross_correlation,method_atom,medium,Evidence from traditional analysis packages,SRC_PMC11833346,Supports ATOM_cross_correlation
EVLINK_8542,EQ_PMC11833346_10,method_atom,ATOM_cross_correlation,method_atom,medium,Evidence from traditional analysis packages,SRC_PMC11833346,Supports ATOM_cross_correlation
EVLINK_8543,EQ_PMC6953699_01,method_atom,ATOM_cross_correlation,method_atom,medium,Evidence from traditional analysis packages,SRC_PMC6953699,Supports ATOM_cross_correlation
EVLINK_8544,EV_VBIT_0232,method_atom,ATOM_cross_correlation,method_atom,medium,Evidence from traditional analysis packages,SRC_PMC6953699,Supports ATOM_cross_correlation
EVLINK_8545,EQ_PMC12877426_01,method_atom,ATOM_cross_correlation,method_atom,medium,Evidence from traditional analysis packages,SRC_PMC12877426,Supports ATOM_cross_correlation
EVLINK_8546,EV_VBIT_0001,method_atom,ATOM_cross_correlation,method_atom,medium,Evidence from traditional analysis packages,SRC_PMC12877426,Supports ATOM_cross_correlation
EVLINK_8547,EV_VBIT_0002,method_atom,ATOM_cross_correlation,method_atom,medium,Evidence from traditional analysis packages,SRC_PMC12877426,Supports ATOM_cross_correlation
EVLINK_8548,EQ_PMC10277131_01,method_atom,ATOM_cross_correlation,method_atom,medium,Evidence from traditional analysis packages,SRC_PMC10277131,Supports ATOM_cross_correlation
EVLINK_8549,EQ_PMC13102829_01,method_atom,ATOM_cross_correlation,method_atom,medium,Evidence from traditional analysis packages,SRC_PMC13102829,Supports ATOM_cross_correlation
EVLINK_8550,EQ_PMC8564674_01,method_atom,ATOM_cross_correlation,method_atom,medium,Evidence from traditional analysis packages,SRC_PMC8564674,Supports ATOM_cross_correlation
EVLINK_8551,EQ_PMC7586414_01,method_atom,ATOM_cross_correlation,method_atom,medium,Evidence from traditional analysis packages,SRC_PMC7586414,Supports ATOM_cross_correlation
EVLINK_8552,EQ_PMC7506757_01,method_atom,ATOM_cross_correlation,method_atom,medium,Evidence from traditional analysis packages,SRC_PMC7506757,Supports ATOM_cross_correlation
EVLINK_8553,EQ_PMC7139562_01,method_atom,ATOM_cross_correlation,method_atom,medium,Evidence from traditional analysis packages,SRC_PMC7139562,Supports ATOM_cross_correlation
EVLINK_8554,EQ_PMC6866983_01,method_atom,ATOM_cross_correlation,method_atom,medium,Evidence from traditional analysis packages,SRC_PMC6866983,Supports ATOM_cross_correlation
EVLINK_8555,EQ_PMC10297241_01,method_atom,ATOM_cross_correlation,method_atom,medium,Evidence from traditional analysis packages,SRC_PMC10297241,Supports ATOM_cross_correlation
EVLINK_8556,EQ_PMC9163532_01,method_atom,ATOM_cross_correlation,method_atom,medium,Evidence from traditional analysis packages,SRC_PMC9163532,Supports ATOM_cross_correlation
EVLINK_8557,EQ_PMC12942210_01,method_atom,ATOM_cross_correlation,method_atom,medium,Evidence from traditional analysis packages,SRC_PMC12942210,Supports ATOM_cross_correlation
EVLINK_8558,EQ_PMC12931874_01,method_atom,ATOM_cross_correlation,method_atom,medium,Evidence from traditional analysis packages,SRC_PMC12931874,Supports ATOM_cross_correlation
EVLINK_8559,EQ_PMC12347915_01,method_atom,ATOM_cross_correlation,method_atom,medium,Evidence from traditional analysis packages,SRC_PMC12347915,Supports ATOM_cross_correlation
EVLINK_8562,EQ_PMC12340143_01,method_atom,ATOM_cross_correlation,method_atom,medium,Evidence from traditional analysis packages,SRC_PMC12340143,Supports ATOM_cross_correlation
EVLINK_8566,EQ_PMC9335366_01,method_atom,ATOM_cross_correlation,method_atom,medium,Evidence from traditional analysis packages,SRC_PMC9335366,Supports ATOM_cross_correlation
EVLINK_8568,EQ_PMC12717063_01,method_atom,ATOM_cross_correlation,method_atom,medium,Evidence from traditional analysis packages,SRC_PMC12717063,Supports ATOM_cross_correlation
EVLINK_8569,EQ_PMID_39734141_01,method_atom,ATOM_cross_correlation,method_atom,medium,Evidence from traditional analysis packages,SRC_PMID39734141,Supports ATOM_cross_correlation
EVLINK_8570,EQ_PMID_41196800_06,method_atom,ATOM_cross_correlation,method_atom,medium,Evidence from traditional analysis packages,SRC_PMID41196800,Supports ATOM_cross_correlation
EVLINK_8573,EQ_PMC11833346_05,method_atom,ATOM_hardware_import,method_atom,medium,Evidence from traditional analysis packages,SRC_PMC11833346,Supports ATOM_hardware_import
EVLINK_8574,EQ_PMC12053328_05,method_atom,ATOM_hardware_import,method_atom,medium,Evidence from traditional analysis packages,SRC_PMC12053328,Supports ATOM_hardware_import
EVLINK_8575,EQ_PMC2761652_01,method_atom,ATOM_hardware_import,method_atom,medium,Evidence from traditional analysis packages,SRC_PMC2761652,Supports ATOM_hardware_import
EVLINK_8576,EQ_PMC12617279_01,method_atom,ATOM_hardware_import,method_atom,medium,Evidence from traditional analysis packages,SRC_PMC12617279,Supports ATOM_hardware_import
EVLINK_8577,EQ_PMC8901827_02,method_atom,ATOM_hardware_import,method_atom,medium,Evidence from traditional analysis packages,SRC_PMC8901827,Supports ATOM_hardware_import
EVLINK_8578,EV_VBIT_0095,method_atom,ATOM_hardware_import,method_atom,medium,Evidence from traditional analysis packages,SRC_PMC12270413,Supports ATOM_hardware_import
EVLINK_8579,EV_VBIT_0111,method_atom,ATOM_hardware_import,method_atom,medium,Evidence from traditional analysis packages,SRC_PMC12627794,Supports ATOM_hardware_import
EVLINK_8580,EQ_PMID_40306761_02,method_atom,ATOM_hardware_import,method_atom,medium,Evidence from traditional analysis packages,SRC_PMID40306761,Supports ATOM_hardware_import
EVLINK_8581,EQ_PMID_42313692_03,method_atom,ATOM_hardware_import,method_atom,medium,Evidence from traditional analysis packages,SRC_PMID42313692,Supports ATOM_hardware_import
EVLINK_8582,EQ_PMC6953699_01,method_atom,ATOM_hardware_import,method_atom,medium,Evidence from traditional analysis packages,SRC_PMC6953699,Supports ATOM_hardware_import
EVLINK_8583,EV_VBIT_0232,method_atom,ATOM_hardware_import,method_atom,medium,Evidence from traditional analysis packages,SRC_PMC6953699,Supports ATOM_hardware_import
EVLINK_8584,EQ_PMC12877426_01,method_atom,ATOM_hardware_import,method_atom,medium,Evidence from traditional analysis packages,SRC_PMC12877426,Supports ATOM_hardware_import
EVLINK_8585,EV_VBIT_0001,method_atom,ATOM_hardware_import,method_atom,medium,Evidence from traditional analysis packages,SRC_PMC12877426,Supports ATOM_hardware_import
EVLINK_8586,EV_VBIT_0002,method_atom,ATOM_hardware_import,method_atom,medium,Evidence from traditional analysis packages,SRC_PMC12877426,Supports ATOM_hardware_import
EVLINK_8587,EQ_PMC13102829_01,method_atom,ATOM_hardware_import,method_atom,medium,Evidence from traditional analysis packages,SRC_PMC13102829,Supports ATOM_hardware_import
EVLINK_8588,EQ_PMC8564674_01,method_atom,ATOM_hardware_import,method_atom,medium,Evidence from traditional analysis packages,SRC_PMC8564674,Supports ATOM_hardware_import
EVLINK_8589,EQ_PMC7586414_01,method_atom,ATOM_hardware_import,method_atom,medium,Evidence from traditional analysis packages,SRC_PMC7586414,Supports ATOM_hardware_import
EVLINK_8590,EQ_PMC7506757_01,method_atom,ATOM_hardware_import,method_atom,medium,Evidence from traditional analysis packages,SRC_PMC7506757,Supports ATOM_hardware_import
EVLINK_8591,EQ_PMC7139562_01,method_atom,ATOM_hardware_import,method_atom,medium,Evidence from traditional analysis packages,SRC_PMC7139562,Supports ATOM_hardware_import
EVLINK_8592,EQ_PMC6866983_01,method_atom,ATOM_hardware_import,method_atom,medium,Evidence from traditional analysis packages,SRC_PMC6866983,Supports ATOM_hardware_import
EVLINK_8593,EQ_PMC10297241_01,method_atom,ATOM_hardware_import,method_atom,medium,Evidence from traditional analysis packages,SRC_PMC10297241,Supports ATOM_hardware_import
EVLINK_8594,EQ_PMC9163532_01,method_atom,ATOM_hardware_import,method_atom,medium,Evidence from traditional analysis packages,SRC_PMC9163532,Supports ATOM_hardware_import
EVLINK_8595,EQ_PMC12942210_01,method_atom,ATOM_hardware_import,method_atom,medium,Evidence from traditional analysis packages,SRC_PMC12942210,Supports ATOM_hardware_import
EVLINK_8596,EQ_PMC12565398_01,method_atom,ATOM_hardware_import,method_atom,medium,Evidence from traditional analysis packages,SRC_PMC12565398,Supports ATOM_hardware_import
EVLINK_8597,EQ_PMC4801878_01,method_atom,ATOM_hardware_import,method_atom,medium,Evidence from traditional analysis packages,SRC_PMC4801878,Supports ATOM_hardware_import
EVLINK_8598,EV_VBIT_0016,method_atom,ATOM_hardware_import,method_atom,medium,Evidence from traditional analysis packages,SRC_PMC4801878,Supports ATOM_hardware_import
EVLINK_8599,EV_VBIT_0017,method_atom,ATOM_hardware_import,method_atom,medium,Evidence from traditional analysis packages,SRC_PMC4801878,Supports ATOM_hardware_import
EVLINK_8600,EQ_PMC4524732_01,method_atom,ATOM_hardware_import,method_atom,medium,Evidence from traditional analysis packages,SRC_PMC4524732,Supports ATOM_hardware_import
EVLINK_8601,EV_VBIT_0042,method_atom,ATOM_hardware_import,method_atom,medium,Evidence from traditional analysis packages,SRC_PMC4524732,Supports ATOM_hardware_import
EVLINK_8602,EQ_PMC4524535_01,method_atom,ATOM_hardware_import,method_atom,medium,Evidence from traditional analysis packages,SRC_PMC4524535,Supports ATOM_hardware_import
EVLINK_8603,EV_VBIT_0228,method_atom,ATOM_hardware_import,method_atom,medium,Evidence from traditional analysis packages,SRC_PMC4524535,Supports ATOM_hardware_import
EVLINK_8604,EQ_PMC12821684_01,method_atom,ATOM_hardware_import,method_atom,medium,Evidence from traditional analysis packages,SRC_PMC12821684,Supports ATOM_hardware_import
EVLINK_8605,EQ_PMC9335366_01,method_atom,ATOM_hardware_import,method_atom,medium,Evidence from traditional analysis packages,SRC_PMC9335366,Supports ATOM_hardware_import
EVLINK_8606,EQ_PMC4899446_01,method_atom,ATOM_hardware_import,method_atom,medium,Evidence from traditional analysis packages,SRC_PMC4899446,Supports ATOM_hardware_import
EVLINK_8607,EQ_PMC11527908_01,method_atom,ATOM_hardware_import,method_atom,medium,Evidence from traditional analysis packages,SRC_PMC11527908,Supports ATOM_hardware_import
EVLINK_8608,EV_PMC13256807,method_atom,ATOM_hardware_import,method_atom,medium,Evidence from traditional analysis packages,SRC_PMC13256807,Supports ATOM_hardware_import
EVLINK_8609,EV_PMC13106591,method_atom,ATOM_hardware_import,method_atom,medium,Evidence from traditional analysis packages,SRC_PMC13106591,Supports ATOM_hardware_import
EVLINK_8610,EV_PMC13105909,method_atom,ATOM_hardware_import,method_atom,medium,Evidence from traditional analysis packages,SRC_PMC13105909,Supports ATOM_hardware_import
EVLINK_8611,EV_PMC13125256,method_atom,ATOM_hardware_import,method_atom,medium,Evidence from traditional analysis packages,SRC_PMC13125256,Supports ATOM_hardware_import
EVLINK_9001,Fortin2017_NeuroImage,method_atom,ATOM_combat_harmonization,method_atom,high,ComBat harmonization removes inter-site technical variability while preserving biological variability in DTI data,builtin,ComBat harmonization reference
EVLINK_9002,Fortin2018_NeuroImage,method_atom,ATOM_combat_harmonization,method_atom,high,ComBat successfully harmonizes cortical thickness measurements across scanners and sites,builtin,ComBat harmonization reference
EVLINK_9003,Johnson2007_Biostatistics,method_atom,ATOM_combat_harmonization,method_atom,high,Original ComBat method for batch effect correction using empirical Bayes,builtin,ComBat harmonization reference
EVLINK_9004,neuroCombat_Python,method_atom,ATOM_combat_harmonization,method_atom,high,Python implementation of ComBat for multi-site neuroimaging harmonization,builtin,ComBat harmonization reference
EVLINK_9005,ComBatHarmonization_R,method_atom,ATOM_combat_harmonization,method_atom,high,"R implementation with non-parametric, mean-only, and reference batch options",builtin,ComBat harmonization reference
EVLINK_9006,ComBatHarmonization_MATLAB,method_atom,ATOM_combat_harmonization,method_atom,high,MATLAB implementation of ComBat harmonization,builtin,ComBat harmonization reference
EVLINK_9007,NIRS_SPM_UsersGuide_v4_spatial_registration,method_atom,ATOM_nirs_spm_spatial_registration_projection,method_atom,high,"NIRS-SPM v4 spatial registration supports MRI and standalone MNI/NFRI routes, projects optodes/channels to rendered brain, hypothetical head surface, and cortical surface, and reports anatomical labels and probabilistic boundaries.",SRC_NIRS_SPM_USER_GUIDE_V4,NIRS-SPM v4 user guide spatial registration workflow
EVLINK_9008,SpatialRegistration_fNIRS_Review_23891905,method_atom,ATOM_nirs_spm_spatial_registration_projection,method_atom,high,"Review evidence that NIRS-SPM and NFRI tools are used for fNIRS spatial registration with MNI/Talairach coordinates, 10-20/10-10 systems, probabilistic registration, and software implementations.",SRC_23891905,Spatial registration review support for NIRS-SPM/NFRI method atom
EVLINK_LIB_3109,synthesis_of_extracted_literature,method_atom,ATOM_data_import,method_atom,medium,Bundled MethodAtom evidence reference; full metadata requires source review.,SRC_BUILTIN,Materialized from method_atoms.csv evidence_refs for traceability.
EVLINK_LIB_3110,synthesis_of_extracted_literature,method_atom,ATOM_optical_density,method_atom,medium,Bundled MethodAtom evidence reference; full metadata requires source review.,SRC_BUILTIN,Materialized from method_atoms.csv evidence_refs for traceability.
EVLINK_LIB_3111,synthesis_of_extracted_literature,method_atom,ATOM_motion_correction,method_atom,medium,Bundled MethodAtom evidence reference; full metadata requires source review.,SRC_BUILTIN,Materialized from method_atoms.csv evidence_refs for traceability.
EVLINK_LIB_3112,synthesis_of_extracted_literature,method_atom,ATOM_bandpass_filter,method_atom,medium,Bundled MethodAtom evidence reference; full metadata requires source review.,SRC_BUILTIN,Materialized from method_atoms.csv evidence_refs for traceability.
EVLINK_LIB_3113,synthesis_of_extracted_literature,method_atom,ATOM_short_channel_regression,method_atom,medium,Bundled MethodAtom evidence reference; full metadata requires source review.,SRC_BUILTIN,Materialized from method_atoms.csv evidence_refs for traceability.
EVLINK_LIB_3114,synthesis_of_extracted_literature,method_atom,ATOM_mbll_conversion,method_atom,medium,Bundled MethodAtom evidence reference; full metadata requires source review.,SRC_BUILTIN,Materialized from method_atoms.csv evidence_refs for traceability.
EVLINK_LIB_3115,synthesis_of_extracted_literature,method_atom,ATOM_signal_qc,method_atom,medium,Bundled MethodAtom evidence reference; full metadata requires source review.,SRC_BUILTIN,Materialized from method_atoms.csv evidence_refs for traceability.
EVLINK_LIB_3116,synthesis_of_extracted_literature,method_atom,ATOM_first_level_glm,method_atom,medium,Bundled MethodAtom evidence reference; full metadata requires source review.,SRC_BUILTIN,Materialized from method_atoms.csv evidence_refs for traceability.
EVLINK_LIB_3117,synthesis_of_extracted_literature,method_atom,ATOM_resting_connectivity,method_atom,medium,Bundled MethodAtom evidence reference; full metadata requires source review.,SRC_BUILTIN,Materialized from method_atoms.csv evidence_refs for traceability.
EVLINK_LIB_3118,synthesis_of_extracted_literature,method_atom,ATOM_ml_feature_extraction,method_atom,medium,Bundled MethodAtom evidence reference; full metadata requires source review.,SRC_BUILTIN,Materialized from method_atoms.csv evidence_refs for traceability.
EVLINK_LIB_3119,synthesis_of_extracted_literature,method_atom,ATOM_ml_classification,method_atom,medium,Bundled MethodAtom evidence reference; full metadata requires source review.,SRC_BUILTIN,Materialized from method_atoms.csv evidence_refs for traceability.
EVLINK_LIB_3120,synthesis_of_extracted_literature,method_atom,ATOM_methods_report,method_atom,medium,Bundled MethodAtom evidence reference; full metadata requires source review.,SRC_BUILTIN,Materialized from method_atoms.csv evidence_refs for traceability.
EVLINK_LIB_3121,synthesis_of_extracted_literature,method_atom,ATOM_data_export,method_atom,medium,Bundled MethodAtom evidence reference; full metadata requires source review.,SRC_BUILTIN,Materialized from method_atoms.csv evidence_refs for traceability.
EVLINK_LIB_3122,synthesis_of_statistical_practices,method_atom,ATOM_descriptive_statistics,method_atom,high,Bundled MethodAtom evidence reference; full metadata requires source review.,SRC_BUILTIN,Materialized from method_atoms.csv evidence_refs for traceability.
EVLINK_LIB_3123,synthesis_of_statistical_practices,method_atom,ATOM_group_comparison,method_atom,high,Bundled MethodAtom evidence reference; full metadata requires source review.,SRC_BUILTIN,Materialized from method_atoms.csv evidence_refs for traceability.
EVLINK_LIB_3124,synthesis_of_statistical_practices,method_atom,ATOM_effect_size,method_atom,high,Bundled MethodAtom evidence reference; full metadata requires source review.,SRC_BUILTIN,Materialized from method_atoms.csv evidence_refs for traceability.
EVLINK_LIB_3125,synthesis_of_statistical_practices,method_atom,ATOM_multiple_comparison_correction,method_atom,high,Bundled MethodAtom evidence reference; full metadata requires source review.,SRC_BUILTIN,Materialized from method_atoms.csv evidence_refs for traceability.
EVLINK_LIB_3126,synthesis_of_statistical_practices,method_atom,ATOM_roi_analysis,method_atom,high,Bundled MethodAtom evidence reference; full metadata requires source review.,SRC_BUILTIN,Materialized from method_atoms.csv evidence_refs for traceability.
EVLINK_LIB_3127,synthesis_of_statistical_practices,method_atom,ATOM_laterality_index,method_atom,medium,Bundled MethodAtom evidence reference; full metadata requires source review.,SRC_BUILTIN,Materialized from method_atoms.csv evidence_refs for traceability.
EVLINK_LIB_3128,synthesis_of_statistical_practices,method_atom,ATOM_correlation_analysis,method_atom,high,Bundled MethodAtom evidence reference; full metadata requires source review.,SRC_BUILTIN,Materialized from method_atoms.csv evidence_refs for traceability.
EVLINK_LIB_3129,synthesis_of_statistical_practices,method_atom,ATOM_permutation_test,method_atom,high,Bundled MethodAtom evidence reference; full metadata requires source review.,SRC_BUILTIN,Materialized from method_atoms.csv evidence_refs for traceability.
EVLINK_LIB_3130,synthesis_of_statistical_practices,method_atom,ATOM_group_level_glm,method_atom,high,Bundled MethodAtom evidence reference; full metadata requires source review.,SRC_BUILTIN,Materialized from method_atoms.csv evidence_refs for traceability.
EVLINK_LIB_3131,synthesis_of_statistical_practices,method_atom,ATOM_reliability_analysis,method_atom,medium,Bundled MethodAtom evidence reference; full metadata requires source review.,SRC_BUILTIN,Materialized from method_atoms.csv evidence_refs for traceability.
EVLINK_LIB_3132,Homer3_hmrR_MotionCorrectSpline,method_atom,ATOM_spline_motion_correction,method_atom,high,Bundled MethodAtom evidence reference; full metadata requires source review.,SRC_BUILTIN,Materialized from method_atoms.csv evidence_refs for traceability.
EVLINK_LIB_3133,Homer3_hmrR_MotionArtifactByChannel,method_atom,ATOM_artifact_detection,method_atom,high,Bundled MethodAtom evidence reference; full metadata requires source review.,SRC_BUILTIN,Materialized from method_atoms.csv evidence_refs for traceability.
EVLINK_LIB_3134,Homer3_hmrR_PCAFilter,method_atom,ATOM_pca_denoising,method_atom,high,Bundled MethodAtom evidence reference; full metadata requires source review.,SRC_BUILTIN,Materialized from method_atoms.csv evidence_refs for traceability.
EVLINK_LIB_3135,Homer3_hmrR_BlockAvg,method_atom,ATOM_block_average,method_atom,high,Bundled MethodAtom evidence reference; full metadata requires source review.,SRC_BUILTIN,Materialized from method_atoms.csv evidence_refs for traceability.
EVLINK_LIB_3136,Homer3_hmrR_GLM,method_atom,ATOM_glm_with_drift,method_atom,high,Bundled MethodAtom evidence reference; full metadata requires source review.,SRC_BUILTIN,Materialized from method_atoms.csv evidence_refs for traceability.
EVLINK_LIB_3137,NIRS_SPM_detrend_wavelet_MDL,method_atom,ATOM_detrending,method_atom,high,Bundled MethodAtom evidence reference; full metadata requires source review.,SRC_BUILTIN,Materialized from method_atoms.csv evidence_refs for traceability.
EVLINK_LIB_3138,NIRS_SPM_spm_filter_HPF_LPF,method_atom,ATOM_hpf_lpf_filter,method_atom,high,Bundled MethodAtom evidence reference; full metadata requires source review.,SRC_BUILTIN,Materialized from method_atoms.csv evidence_refs for traceability.
EVLINK_LIB_3139,NIRS_SPM_precoloring,method_atom,ATOM_precoloring,method_atom,medium,Bundled MethodAtom evidence reference; full metadata requires source review.,SRC_BUILTIN,Materialized from method_atoms.csv evidence_refs for traceability.
EVLINK_LIB_3140,NIRS_SPM_nirs_spm_group,method_atom,ATOM_group_glm_nirs_spm,method_atom,high,Bundled MethodAtom evidence reference; full metadata requires source review.,SRC_BUILTIN,Materialized from method_atoms.csv evidence_refs for traceability.
EVLINK_LIB_3141,SPM_DCM_fnirs_sensitivity,method_atom,ATOM_sensitivity_analysis,method_atom,high,Bundled MethodAtom evidence reference; full metadata requires source review.,SRC_BUILTIN,Materialized from method_atoms.csv evidence_refs for traceability.
EVLINK_LIB_3142,SPM_DCM_fnirs_estimate,method_atom,ATOM_dcm_fnirs,method_atom,high,Bundled MethodAtom evidence reference; full metadata requires source review.,SRC_BUILTIN,Materialized from method_atoms.csv evidence_refs for traceability.
EVLINK_LIB_3143,Homer3_hmrR_CrossCorrelation,method_atom,ATOM_cross_correlation,method_atom,high,Bundled MethodAtom evidence reference; full metadata requires source review.,SRC_BUILTIN,Materialized from method_atoms.csv evidence_refs for traceability.
EVLINK_LIB_3144,NIRS_SPM_NIRS_Data_Conversion,method_atom,ATOM_hardware_import,method_atom,high,Bundled MethodAtom evidence reference; full metadata requires source review.,SRC_BUILTIN,Materialized from method_atoms.csv evidence_refs for traceability.
EVLINK_LIB_3145,MNE_ttest_1samp,method_atom,ATOM_one_sample_ttest,method_atom,high,Bundled MethodAtom evidence reference; full metadata requires source review.,SRC_BUILTIN,Materialized from method_atoms.csv evidence_refs for traceability.
EVLINK_LIB_3146,MNE_ttest_ind,method_atom,ATOM_independent_ttest,method_atom,high,Bundled MethodAtom evidence reference; full metadata requires source review.,SRC_BUILTIN,Materialized from method_atoms.csv evidence_refs for traceability.
EVLINK_LIB_3147,Homer3_hmrG_t_paired,method_atom,ATOM_paired_ttest,method_atom,high,Bundled MethodAtom evidence reference; full metadata requires source review.,SRC_BUILTIN,Materialized from method_atoms.csv evidence_refs for traceability.
EVLINK_LIB_3148,scipy_welch,method_atom,ATOM_welch_ttest,method_atom,high,Bundled MethodAtom evidence reference; full metadata requires source review.,SRC_BUILTIN,Materialized from method_atoms.csv evidence_refs for traceability.
EVLINK_LIB_3149,MNE_f_oneway,method_atom,ATOM_one_way_anova,method_atom,high,Bundled MethodAtom evidence reference; full metadata requires source review.,SRC_BUILTIN,Materialized from method_atoms.csv evidence_refs for traceability.
EVLINK_LIB_3150,MNE_f_mway_rm,method_atom,ATOM_repeated_measures_anova,method_atom,high,Bundled MethodAtom evidence reference; full metadata requires source review.,SRC_BUILTIN,Materialized from method_atoms.csv evidence_refs for traceability.
EVLINK_LIB_3151,pingouin_mixed_anova,method_atom,ATOM_mixed_anova,method_atom,high,Bundled MethodAtom evidence reference; full metadata requires source review.,SRC_BUILTIN,Materialized from method_atoms.csv evidence_refs for traceability.
EVLINK_LIB_3152,scipy_two_way_anova,method_atom,ATOM_two_way_anova,method_atom,high,Bundled MethodAtom evidence reference; full metadata requires source review.,SRC_BUILTIN,Materialized from method_atoms.csv evidence_refs for traceability.
EVLINK_LIB_3153,scipy_wilcoxon,method_atom,ATOM_wilcoxon_signed_rank,method_atom,high,Bundled MethodAtom evidence reference; full metadata requires source review.,SRC_BUILTIN,Materialized from method_atoms.csv evidence_refs for traceability.
EVLINK_LIB_3154,scipy_mannwhitneyu,method_atom,ATOM_mann_whitney_u,method_atom,high,Bundled MethodAtom evidence reference; full metadata requires source review.,SRC_BUILTIN,Materialized from method_atoms.csv evidence_refs for traceability.
EVLINK_LIB_3155,scipy_kruskal,method_atom,ATOM_kruskal_wallis,method_atom,high,Bundled MethodAtom evidence reference; full metadata requires source review.,SRC_BUILTIN,Materialized from method_atoms.csv evidence_refs for traceability.
EVLINK_LIB_3156,scipy_friedmanchisquare,method_atom,ATOM_friedman_test,method_atom,high,Bundled MethodAtom evidence reference; full metadata requires source review.,SRC_BUILTIN,Materialized from method_atoms.csv evidence_refs for traceability.
EVLINK_LIB_3157,scipy_shapiro,method_atom,ATOM_normality_test,method_atom,high,Bundled MethodAtom evidence reference; full metadata requires source review.,SRC_BUILTIN,Materialized from method_atoms.csv evidence_refs for traceability.
EVLINK_LIB_3158,scipy_levene,method_atom,ATOM_levene_test,method_atom,high,Bundled MethodAtom evidence reference; full metadata requires source review.,SRC_BUILTIN,Materialized from method_atoms.csv evidence_refs for traceability.
EVLINK_LIB_3159,scipy_tukey_hsd,method_atom,ATOM_post_hoc_tukey,method_atom,high,Bundled MethodAtom evidence reference; full metadata requires source review.,SRC_BUILTIN,Materialized from method_atoms.csv evidence_refs for traceability.
EVLINK_LIB_3160,pingouin_games_howell,method_atom,ATOM_post_hoc_games_howell,method_atom,high,Bundled MethodAtom evidence reference; full metadata requires source review.,SRC_BUILTIN,Materialized from method_atoms.csv evidence_refs for traceability.
EVLINK_LIB_3161,scipy_bonferroni,method_atom,ATOM_bonferroni_correction,method_atom,high,Bundled MethodAtom evidence reference; full metadata requires source review.,SRC_BUILTIN,Materialized from method_atoms.csv evidence_refs for traceability.
EVLINK_LIB_3162,scipy_fdr_bh,method_atom,ATOM_fdr_bh_correction,method_atom,high,Bundled MethodAtom evidence reference; full metadata requires source review.,SRC_BUILTIN,Materialized from method_atoms.csv evidence_refs for traceability.
EVLINK_LIB_3163,scipy_fdr_by,method_atom,ATOM_fdr_by_correction,method_atom,high,Bundled MethodAtom evidence reference; full metadata requires source review.,SRC_BUILTIN,Materialized from method_atoms.csv evidence_refs for traceability.
EVLINK_LIB_3164,MNE_permutation_cluster_test,method_atom,ATOM_cluster_permutation_test,method_atom,high,Bundled MethodAtom evidence reference; full metadata requires source review.,SRC_BUILTIN,Materialized from method_atoms.csv evidence_refs for traceability.
EVLINK_LIB_3165,MNE_spatiotemporal_cluster,method_atom,ATOM_spatiotemporal_cluster_test,method_atom,high,Bundled MethodAtom evidence reference; full metadata requires source review.,SRC_BUILTIN,Materialized from method_atoms.csv evidence_refs for traceability.
EVLINK_LIB_3166,MNE_bootstrap_ci,method_atom,ATOM_bootstrap_ci,method_atom,high,Bundled MethodAtom evidence reference; full metadata requires source review.,SRC_BUILTIN,Materialized from method_atoms.csv evidence_refs for traceability.
EVLINK_LIB_3167,MNE_linear_regression,method_atom,ATOM_linear_regression,method_atom,high,Bundled MethodAtom evidence reference; full metadata requires source review.,SRC_BUILTIN,Materialized from method_atoms.csv evidence_refs for traceability.
EVLINK_LIB_3168,sklearn_logistic,method_atom,ATOM_logistic_regression,method_atom,high,Bundled MethodAtom evidence reference; full metadata requires source review.,SRC_BUILTIN,Materialized from method_atoms.csv evidence_refs for traceability.
EVLINK_LIB_3169,Cohen1988,method_atom,ATOM_cohens_d,method_atom,high,Bundled MethodAtom evidence reference; full metadata requires source review.,SRC_BUILTIN,Materialized from method_atoms.csv evidence_refs for traceability.
EVLINK_LIB_3170,Cohen1988,method_atom,ATOM_eta_squared,method_atom,high,Bundled MethodAtom evidence reference; full metadata requires source review.,SRC_BUILTIN,Materialized from method_atoms.csv evidence_refs for traceability.
EVLINK_LIB_3171,scipy_pointbiserialr,method_atom,ATOM_point_biserial_r,method_atom,high,Bundled MethodAtom evidence reference; full metadata requires source review.,SRC_BUILTIN,Materialized from method_atoms.csv evidence_refs for traceability.
EVLINK_LIB_3172,statsmodels_power,method_atom,ATOM_power_analysis,method_atom,high,Bundled MethodAtom evidence reference; full metadata requires source review.,SRC_BUILTIN,Materialized from method_atoms.csv evidence_refs for traceability.
EVLINK_LIB_3173,Zalesky2010_NBS,method_atom,ATOM_network_based_statistic,method_atom,high,Bundled MethodAtom evidence reference; full metadata requires source review.,SRC_BUILTIN,Materialized from method_atoms.csv evidence_refs for traceability.
EVLINK_LIB_3174,Smith2009_TFCE,method_atom,ATOM_tfce_enhancement,method_atom,high,Bundled MethodAtom evidence reference; full metadata requires source review.,SRC_BUILTIN,Materialized from method_atoms.csv evidence_refs for traceability.
EVLINK_LIB_3175,Jeffreys1961,method_atom,ATOM_bayes_factor,method_atom,medium,Bundled MethodAtom evidence reference; full metadata requires source review.,SRC_BUILTIN,Materialized from method_atoms.csv evidence_refs for traceability.
EVLINK_LIB_3176,fnirs_cnn_classification,method_atom,ATOM_1d_cnn,method_atom,high,Bundled MethodAtom evidence reference; full metadata requires source review.,SRC_BUILTIN,Materialized from method_atoms.csv evidence_refs for traceability.
EVLINK_LIB_3177,node_templates_CNN,method_atom,ATOM_1d_cnn,method_atom,high,Bundled MethodAtom evidence reference; full metadata requires source review.,SRC_BUILTIN,Materialized from method_atoms.csv evidence_refs for traceability.
EVLINK_LIB_3178,fnirs_2d_cnn,method_atom,ATOM_2d_cnn,method_atom,high,Bundled MethodAtom evidence reference; full metadata requires source review.,SRC_BUILTIN,Materialized from method_atoms.csv evidence_refs for traceability.
EVLINK_LIB_3179,Lawhern2018_EEGNet,method_atom,ATOM_eegnet,method_atom,high,Bundled MethodAtom evidence reference; full metadata requires source review.,SRC_BUILTIN,Materialized from method_atoms.csv evidence_refs for traceability.
EVLINK_LIB_3180,Schirrmeister2017_ShallowConvNet,method_atom,ATOM_shallow_convnet,method_atom,high,Bundled MethodAtom evidence reference; full metadata requires source review.,SRC_BUILTIN,Materialized from method_atoms.csv evidence_refs for traceability.
EVLINK_LIB_3181,Hochreiter1997_LSTM,method_atom,ATOM_lstm,method_atom,high,Bundled MethodAtom evidence reference; full metadata requires source review.,SRC_BUILTIN,Materialized from method_atoms.csv evidence_refs for traceability.
EVLINK_LIB_3182,node_templates_LSTM,method_atom,ATOM_lstm,method_atom,high,Bundled MethodAtom evidence reference; full metadata requires source review.,SRC_BUILTIN,Materialized from method_atoms.csv evidence_refs for traceability.
EVLINK_LIB_3183,Cho2014_GRU,method_atom,ATOM_gru,method_atom,high,Bundled MethodAtom evidence reference; full metadata requires source review.,SRC_BUILTIN,Materialized from method_atoms.csv evidence_refs for traceability.
EVLINK_LIB_3184,Schuster1997_BiLSTM,method_atom,ATOM_bidirectional_lstm,method_atom,high,Bundled MethodAtom evidence reference; full metadata requires source review.,SRC_BUILTIN,Materialized from method_atoms.csv evidence_refs for traceability.
EVLINK_LIB_3185,Vaswani2017_Transformer,method_atom,ATOM_transformer_encoder,method_atom,high,Bundled MethodAtom evidence reference; full metadata requires source review.,SRC_BUILTIN,Materialized from method_atoms.csv evidence_refs for traceability.
EVLINK_LIB_3186,node_templates_Transformer,method_atom,ATOM_transformer_encoder,method_atom,high,Bundled MethodAtom evidence reference; full metadata requires source review.,SRC_BUILTIN,Materialized from method_atoms.csv evidence_refs for traceability.
EVLINK_LIB_3187,Transformer_LSTM_fnirs_Parkinson,method_atom,ATOM_temporal_transformer,method_atom,high,Bundled MethodAtom evidence reference; full metadata requires source review.,SRC_BUILTIN,Materialized from method_atoms.csv evidence_refs for traceability.
EVLINK_LIB_3188,CNN_LSTM_hybrid_fnirs,method_atom,ATOM_cnn_lstm_hybrid,method_atom,high,Bundled MethodAtom evidence reference; full metadata requires source review.,SRC_BUILTIN,Materialized from method_atoms.csv evidence_refs for traceability.
EVLINK_LIB_3189,CNN_Transformer_hybrid,method_atom,ATOM_cnn_transformer_hybrid,method_atom,high,Bundled MethodAtom evidence reference; full metadata requires source review.,SRC_BUILTIN,Materialized from method_atoms.csv evidence_refs for traceability.
EVLINK_LIB_3190,Kingma2014_VAE,method_atom,ATOM_vae,method_atom,high,Bundled MethodAtom evidence reference; full metadata requires source review.,SRC_BUILTIN,Materialized from method_atoms.csv evidence_refs for traceability.
EVLINK_LIB_3191,Wen2020_Augmentation,method_atom,ATOM_time_series_augmentation,method_atom,high,Bundled MethodAtom evidence reference; full metadata requires source review.,SRC_BUILTIN,Materialized from method_atoms.csv evidence_refs for traceability.
EVLINK_LIB_3192,Um2017_DataAugmentation,method_atom,ATOM_time_series_augmentation,method_atom,high,Bundled MethodAtom evidence reference; full metadata requires source review.,SRC_BUILTIN,Materialized from method_atoms.csv evidence_refs for traceability.
EVLINK_LIB_3193,transfer_learning_fnirs,method_atom,ATOM_transfer_learning,method_atom,medium,Bundled MethodAtom evidence reference; full metadata requires source review.,SRC_BUILTIN,Materialized from method_atoms.csv evidence_refs for traceability.
EVLINK_LIB_3194,BayesianOptimization,method_atom,ATOM_hyperparameter_optimization,method_atom,high,Bundled MethodAtom evidence reference; full metadata requires source review.,SRC_BUILTIN,Materialized from method_atoms.csv evidence_refs for traceability.
EVLINK_LIB_3195,GradCAM_Selvaraju2017,method_atom,ATOM_model_interpretability,method_atom,high,Bundled MethodAtom evidence reference; full metadata requires source review.,SRC_BUILTIN,Materialized from method_atoms.csv evidence_refs for traceability.
EVLINK_LIB_3196,SHAP_Lundberg2017,method_atom,ATOM_model_interpretability,method_atom,high,Bundled MethodAtom evidence reference; full metadata requires source review.,SRC_BUILTIN,Materialized from method_atoms.csv evidence_refs for traceability.
EVLINK_LIB_3197,nested_cv_fnirs,method_atom,ATOM_subject_wise_cv,method_atom,high,Bundled MethodAtom evidence reference; full metadata requires source review.,SRC_BUILTIN,Materialized from method_atoms.csv evidence_refs for traceability.
EVLINK_LIB_3198,Transformer_fNIRS_short_channel,method_atom,ATOM_dl_short_channel_regression,method_atom,high,Bundled MethodAtom evidence reference; full metadata requires source review.,SRC_BUILTIN,Materialized from method_atoms.csv evidence_refs for traceability.
EVLINK_LIB_3199,DANN_Ganin2016,method_atom,ATOM_domain_adaptation,method_atom,medium,Bundled MethodAtom evidence reference; full metadata requires source review.,SRC_BUILTIN,Materialized from method_atoms.csv evidence_refs for traceability.
EVLINK_LIB_3200,MMD_Distance,method_atom,ATOM_domain_adaptation,method_atom,medium,Bundled MethodAtom evidence reference; full metadata requires source review.,SRC_BUILTIN,Materialized from method_atoms.csv evidence_refs for traceability.
EVLINK_LIB_3201,NIRS_KIT_ICA,method_atom,ATOM_ica_denoising,method_atom,high,Bundled MethodAtom evidence reference; full metadata requires source review.,SRC_BUILTIN,Materialized from method_atoms.csv evidence_refs for traceability.
EVLINK_LIB_3202,Hyvarinen1999_FastICA,method_atom,ATOM_ica_denoising,method_atom,high,Bundled MethodAtom evidence reference; full metadata requires source review.,SRC_BUILTIN,Materialized from method_atoms.csv evidence_refs for traceability.
EVLINK_LIB_3203,Belouchrani1997_SOBI,method_atom,ATOM_ica_denoising,method_atom,high,Bundled MethodAtom evidence reference; full metadata requires source review.,SRC_BUILTIN,Materialized from method_atoms.csv evidence_refs for traceability.
EVLINK_LIB_3204,Zang2007_ALFF,method_atom,ATOM_alff_falff,method_atom,high,Bundled MethodAtom evidence reference; full metadata requires source review.,SRC_BUILTIN,Materialized from method_atoms.csv evidence_refs for traceability.
EVLINK_LIB_3205,NIRS_KIT_ALFF,method_atom,ATOM_alff_falff,method_atom,high,Bundled MethodAtom evidence reference; full metadata requires source review.,SRC_BUILTIN,Materialized from method_atoms.csv evidence_refs for traceability.
EVLINK_LIB_3206,Tan2009_CBSI,method_atom,ATOM_cbsi_correction,method_atom,high,Bundled MethodAtom evidence reference; full metadata requires source review.,SRC_BUILTIN,Materialized from method_atoms.csv evidence_refs for traceability.
EVLINK_LIB_3207,NIRS_KIT_CBSI,method_atom,ATOM_cbsi_correction,method_atom,high,Bundled MethodAtom evidence reference; full metadata requires source review.,SRC_BUILTIN,Materialized from method_atoms.csv evidence_refs for traceability.
EVLINK_LIB_3208,NIRS_KIT_TBA,method_atom,ATOM_3d_mni_registration,method_atom,high,Bundled MethodAtom evidence reference; full metadata requires source review.,SRC_BUILTIN,Materialized from method_atoms.csv evidence_refs for traceability.
EVLINK_LIB_3209,nfri_mni_estimation,method_atom,ATOM_3d_mni_registration,method_atom,high,Bundled MethodAtom evidence reference; full metadata requires source review.,SRC_BUILTIN,Materialized from method_atoms.csv evidence_refs for traceability.
EVLINK_LIB_3210,NIRS_KIT_InfoTheory,method_atom,ATOM_mutual_information,method_atom,high,Bundled MethodAtom evidence reference; full metadata requires source review.,SRC_BUILTIN,Materialized from method_atoms.csv evidence_refs for traceability.
EVLINK_LIB_3211,Kraskov2004_KernelMI,method_atom,ATOM_mutual_information,method_atom,high,Bundled MethodAtom evidence reference; full metadata requires source review.,SRC_BUILTIN,Materialized from method_atoms.csv evidence_refs for traceability.
EVLINK_LIB_3212,NIRS_KIT_CalcDPF,method_atom,ATOM_dpf_calculation,method_atom,high,Bundled MethodAtom evidence reference; full metadata requires source review.,SRC_BUILTIN,Materialized from method_atoms.csv evidence_refs for traceability.
EVLINK_LIB_3213,Scholkmann2014_DPF,method_atom,ATOM_dpf_calculation,method_atom,high,Bundled MethodAtom evidence reference; full metadata requires source review.,SRC_BUILTIN,Materialized from method_atoms.csv evidence_refs for traceability.
EVLINK_LIB_3214,NIRS_KIT_graph,method_atom,ATOM_graph_theory_metrics,method_atom,high,Bundled MethodAtom evidence reference; full metadata requires source review.,SRC_BUILTIN,Materialized from method_atoms.csv evidence_refs for traceability.
EVLINK_LIB_3215,Rubinov2010_GraphMetrics,method_atom,ATOM_graph_theory_metrics,method_atom,high,Bundled MethodAtom evidence reference; full metadata requires source review.,SRC_BUILTIN,Materialized from method_atoms.csv evidence_refs for traceability.
EVLINK_LIB_3216,NIRS_KIT_fisherz,method_atom,ATOM_fisher_z_transform,method_atom,high,Bundled MethodAtom evidence reference; full metadata requires source review.,SRC_BUILTIN,Materialized from method_atoms.csv evidence_refs for traceability.
EVLINK_LIB_3217,Fisher1921,method_atom,ATOM_fisher_z_transform,method_atom,high,Bundled MethodAtom evidence reference; full metadata requires source review.,SRC_BUILTIN,Materialized from method_atoms.csv evidence_refs for traceability.
EVLINK_LIB_3218,Yamada2012_SignalSeparation,method_atom,ATOM_signal_separation,method_atom,high,Bundled MethodAtom evidence reference; full metadata requires source review.,SRC_BUILTIN,Materialized from method_atoms.csv evidence_refs for traceability.
EVLINK_LIB_3219,NIRS_KIT_Yamada,method_atom,ATOM_signal_separation,method_atom,high,Bundled MethodAtom evidence reference; full metadata requires source review.,SRC_BUILTIN,Materialized from method_atoms.csv evidence_refs for traceability.
EVLINK_LIB_3220,Cedalion_TwoSurfaceHeadModel,method_atom,ATOM_dot_head_model,method_atom,high,Bundled MethodAtom evidence reference; full metadata requires source review.,SRC_BUILTIN,Materialized from method_atoms.csv evidence_refs for traceability.
EVLINK_LIB_3221,Cedalion_ForwardModel,method_atom,ATOM_dot_forward_model,method_atom,high,Bundled MethodAtom evidence reference; full metadata requires source review.,SRC_BUILTIN,Materialized from method_atoms.csv evidence_refs for traceability.
EVLINK_LIB_3222,Fang2009_MCX,method_atom,ATOM_dot_forward_model,method_atom,high,Bundled MethodAtom evidence reference; full metadata requires source review.,SRC_BUILTIN,Materialized from method_atoms.csv evidence_refs for traceability.
EVLINK_LIB_3223,Cedalion_ImageRecon,method_atom,ATOM_dot_image_recon,method_atom,high,Bundled MethodAtom evidence reference; full metadata requires source review.,SRC_BUILTIN,Materialized from method_atoms.csv evidence_refs for traceability.
EVLINK_LIB_3224,Carlton2026,method_atom,ATOM_dot_image_recon,method_atom,high,Bundled MethodAtom evidence reference; full metadata requires source review.,SRC_BUILTIN,Materialized from method_atoms.csv evidence_refs for traceability.
EVLINK_LIB_3225,Cedalion_TissueProperties,method_atom,ATOM_dot_tissue_properties,method_atom,medium,Bundled MethodAtom evidence reference; full metadata requires source review.,SRC_BUILTIN,Materialized from method_atoms.csv evidence_refs for traceability.
EVLINK_LIB_3226,Cedalion_Photogrammetry,method_atom,ATOM_photogrammetry_coregistration,method_atom,medium,Bundled MethodAtom evidence reference; full metadata requires source review.,SRC_BUILTIN,Materialized from method_atoms.csv evidence_refs for traceability.
EVLINK_LIB_3227,Jenko2023,method_atom,ATOM_photogrammetry_coregistration,method_atom,medium,Bundled MethodAtom evidence reference; full metadata requires source review.,SRC_BUILTIN,Materialized from method_atoms.csv evidence_refs for traceability.
EVLINK_LIB_3228,Cedalion_SpOC,method_atom,ATOM_spoc_decomposition,method_atom,medium,Bundled MethodAtom evidence reference; full metadata requires source review.,SRC_BUILTIN,Materialized from method_atoms.csv evidence_refs for traceability.
EVLINK_LIB_3229,Dahne2014,method_atom,ATOM_spoc_decomposition,method_atom,medium,Bundled MethodAtom evidence reference; full metadata requires source review.,SRC_BUILTIN,Materialized from method_atoms.csv evidence_refs for traceability.
EVLINK_LIB_3230,Cedalion_ICA_EBM,method_atom,ATOM_ica_signal_decomposition,method_atom,medium,Bundled MethodAtom evidence reference; full metadata requires source review.,SRC_BUILTIN,Materialized from method_atoms.csv evidence_refs for traceability.
EVLINK_LIB_3231,Cedalion_ICA_ERBM,method_atom,ATOM_ica_signal_decomposition,method_atom,medium,Bundled MethodAtom evidence reference; full metadata requires source review.,SRC_BUILTIN,Materialized from method_atoms.csv evidence_refs for traceability.
EVLINK_LIB_3232,Cedalion_MSPoC,method_atom,ATOM_multimodal_signal_decomposition,method_atom,medium,Bundled MethodAtom evidence reference; full metadata requires source review.,SRC_BUILTIN,Materialized from method_atoms.csv evidence_refs for traceability.
EVLINK_LIB_3233,Cedalion_tCCA,method_atom,ATOM_multimodal_signal_decomposition,method_atom,medium,Bundled MethodAtom evidence reference; full metadata requires source review.,SRC_BUILTIN,Materialized from method_atoms.csv evidence_refs for traceability.
EVLINK_LIB_3234,Dahne2014,method_atom,ATOM_multimodal_signal_decomposition,method_atom,medium,Bundled MethodAtom evidence reference; full metadata requires source review.,SRC_BUILTIN,Materialized from method_atoms.csv evidence_refs for traceability.
EVLINK_LIB_3235,Cedalion_SyntheticHRF,method_atom,ATOM_synthetic_hrf_generation,method_atom,medium,Bundled MethodAtom evidence reference; full metadata requires source review.,SRC_BUILTIN,Materialized from method_atoms.csv evidence_refs for traceability.
EVLINK_LIB_3236,Cedalion_SyntheticArtifact,method_atom,ATOM_synthetic_artifact_generation,method_atom,medium,Bundled MethodAtom evidence reference; full metadata requires source review.,SRC_BUILTIN,Materialized from method_atoms.csv evidence_refs for traceability.
EVLINK_LIB_3237,Cedalion_EpochFeatures,method_atom,ATOM_epoch_feature_extraction,method_atom,medium,Bundled MethodAtom evidence reference; full metadata requires source review.,SRC_BUILTIN,Materialized from method_atoms.csv evidence_refs for traceability.
EVLINK_LIB_3238,Cedalion_GLM_BasisFunctions,method_atom,ATOM_glm_basis_functions,method_atom,medium,Bundled MethodAtom evidence reference; full metadata requires source review.,SRC_BUILTIN,Materialized from method_atoms.csv evidence_refs for traceability.
EVLINK_LIB_3239,Cedalion_GLM_DesignMatrix,method_atom,ATOM_glm_design_matrix,method_atom,medium,Bundled MethodAtom evidence reference; full metadata requires source review.,SRC_BUILTIN,Materialized from method_atoms.csv evidence_refs for traceability.
EVLINK_LIB_3240,Cedalion_GLM_Fit,method_atom,ATOM_glm_fit_with_uncertainty,method_atom,medium,Bundled MethodAtom evidence reference; full metadata requires source review.,SRC_BUILTIN,Materialized from method_atoms.csv evidence_refs for traceability.
EVLINK_LIB_3241,Cedalion_PSP,method_atom,ATOM_psp_quality_metric,method_atom,high,Bundled MethodAtom evidence reference; full metadata requires source review.,SRC_BUILTIN,Materialized from method_atoms.csv evidence_refs for traceability.
EVLINK_LIB_3242,Pollonini2014,method_atom,ATOM_psp_quality_metric,method_atom,high,Bundled MethodAtom evidence reference; full metadata requires source review.,SRC_BUILTIN,Materialized from method_atoms.csv evidence_refs for traceability.
EVLINK_LIB_3243,Cedalion_ChannelDistances,method_atom,ATOM_channel_distance_computation,method_atom,medium,Bundled MethodAtom evidence reference; full metadata requires source review.,SRC_BUILTIN,Materialized from method_atoms.csv evidence_refs for traceability.
EVLINK_LIB_3244,Cedalion_ExtinctionCoefficients,method_atom,ATOM_extinction_coefficients,method_atom,medium,Bundled MethodAtom evidence reference; full metadata requires source review.,SRC_BUILTIN,Materialized from method_atoms.csv evidence_refs for traceability.
