candidate_id,operation,parameter_name,value,unit,value_range,scenario,domain,target_flow_slot,evidence_refs,support_count,denominator_count,promote_to_default,default_scope,confidence,notes
CAND_ATOM_data_import_device,data_import,device,"""NIRx NIRScout""",,,general,data_import,data_import_slot,synthesis_of_extracted_literature,,,no,,medium,parameter_status=reported; retained as evidence candidate unless project_default.
CAND_ATOM_data_import_wavelengths_nm,data_import,wavelengths_nm,"""760, 850""",,,general,data_import,data_import_slot,synthesis_of_extracted_literature,,,no,,medium,parameter_status=reported; retained as evidence candidate unless project_default.
CAND_ATOM_data_import_sampling_rate_hz,data_import,sampling_rate_hz,"""7.8""",,,general,data_import,data_import_slot,synthesis_of_extracted_literature,,,no,,medium,parameter_status=reported; retained as evidence candidate unless project_default.
CAND_ATOM_data_import_channels_n,data_import,channels_n,"""32 (long) + 2 short""",,,general,data_import,data_import_slot,synthesis_of_extracted_literature,,,no,,medium,parameter_status=candidate; retained as evidence candidate unless project_default.
CAND_ATOM_data_import_sd_distance_mm,data_import,sd_distance_mm,"""30 (long); 8 (short)""",,,general,data_import,data_import_slot,synthesis_of_extracted_literature,,,no,,medium,parameter_status=candidate; retained as evidence candidate unless project_default.
CAND_ATOM_data_import_hrf_model,data_import,hrf_model,"""fir""",,,general,data_import,data_import_slot,synthesis_of_extracted_literature,,,no,,medium,parameter_status=inferred; retained as evidence candidate unless project_default.
CAND_ATOM_motion_correction_method,motion_correction,method,"""wavelet | spline | PCA | MARA | TDDR | manual""",,,general,preprocessing,motion_correction_slot,synthesis_of_extracted_literature,,,no,,medium,parameter_status=candidate; retained as evidence candidate unless project_default.
CAND_ATOM_motion_correction_domain,motion_correction,domain,"""wavelet""",,,general,preprocessing,motion_correction_slot,synthesis_of_extracted_literature,,,no,,medium,parameter_status=reported; retained as evidence candidate unless project_default.
CAND_ATOM_bandpass_filter_low_hz,bandpass_filter,low_hz,"""0.01-0.5 (scenario-dependent)""",,,general,preprocessing,bandpass_filter_slot,synthesis_of_extracted_literature,,,no,,medium,parameter_status=candidate; retained as evidence candidate unless project_default.
CAND_ATOM_bandpass_filter_high_hz,bandpass_filter,high_hz,"""0.1-0.7 (scenario-dependent)""",,,general,preprocessing,bandpass_filter_slot,synthesis_of_extracted_literature,,,no,,medium,parameter_status=candidate; retained as evidence candidate unless project_default.
CAND_ATOM_bandpass_filter_type,bandpass_filter,type,"""N.A.""",,,general,preprocessing,bandpass_filter_slot,synthesis_of_extracted_literature,,,no,,medium,parameter_status=reported; retained as evidence candidate unless project_default.
CAND_ATOM_bandpass_filter_filter_low_hz,bandpass_filter,filter_low_hz,"""2.0""",,,general,preprocessing,bandpass_filter_slot,synthesis_of_extracted_literature,,,no,,medium,parameter_status=inferred; retained as evidence candidate unless project_default.
CAND_ATOM_bandpass_filter_filter_high_hz,bandpass_filter,filter_high_hz,"""15.0""",,,general,preprocessing,bandpass_filter_slot,synthesis_of_extracted_literature,,,no,,medium,parameter_status=inferred; retained as evidence candidate unless project_default.
CAND_ATOM_bandpass_filter_filter_type,bandpass_filter,filter_type,"""bandpass""",,,general,preprocessing,bandpass_filter_slot,synthesis_of_extracted_literature,,,no,,medium,parameter_status=inferred; retained as evidence candidate unless project_default.
CAND_ATOM_bandpass_filter_filter_order,bandpass_filter,filter_order,"""not_reported""",,,general,preprocessing,bandpass_filter_slot,synthesis_of_extracted_literature,,,no,,medium,parameter_status=inferred; retained as evidence candidate unless project_default.
CAND_ATOM_short_channel_regression_short_channel_distance_mm,short_channel_regression,short_channel_distance_mm,"""8-15""",,,general,preprocessing,short_channel_regression_slot,synthesis_of_extracted_literature,,,no,,medium,parameter_status=candidate; retained as evidence candidate unless project_default.
CAND_ATOM_short_channel_regression_selection_method,short_channel_regression,selection_method,"""nearest_short_channel""",,,general,preprocessing,short_channel_regression_slot,synthesis_of_extracted_literature,,,no,,medium,parameter_status=candidate; retained as evidence candidate unless project_default.
CAND_ATOM_short_channel_regression_regression_type,short_channel_regression,regression_type,"""linear""",,,general,preprocessing,short_channel_regression_slot,synthesis_of_extracted_literature,,,no,,medium,parameter_status=candidate; retained as evidence candidate unless project_default.
CAND_ATOM_first_level_glm_hrf_model,first_level_glm,hrf_model,"""not_applicable""",,,general,analysis,first_level_glm_slot,synthesis_of_extracted_literature,,,no,,medium,parameter_status=reported; retained as evidence candidate unless project_default.
CAND_ATOM_first_level_glm_nuisance_regressors,first_level_glm,nuisance_regressors,"""not_applicable""",,,general,analysis,first_level_glm_slot,synthesis_of_extracted_literature,,,no,,medium,parameter_status=reported; retained as evidence candidate unless project_default.
CAND_ATOM_first_level_glm_multiple_comparison,first_level_glm,multiple_comparison,"""not_reported""",,,general,analysis,first_level_glm_slot,synthesis_of_extracted_literature,,,no,,medium,parameter_status=missing; retained as evidence candidate unless project_default.
CAND_ATOM_first_level_glm_drift_order,first_level_glm,drift_order,"""not_reported""",,,general,analysis,first_level_glm_slot,synthesis_of_extracted_literature,,,no,,medium,parameter_status=inferred; retained as evidence candidate unless project_default.
CAND_ATOM_descriptive_statistics_grouping_variable,descriptive_statistics,grouping_variable,"""condition""",,,general,analysis,descriptive_statistics_slot,synthesis_of_statistical_practices,,,no,,high,parameter_status=candidate; retained as evidence candidate unless project_default.
CAND_ATOM_descriptive_statistics_summary_measures,descriptive_statistics,summary_measures,"[""mean"", ""std"", ""median"", ""count"", ""min"", ""max""]",,,general,analysis,descriptive_statistics_slot,synthesis_of_statistical_practices,,,no,,high,parameter_status=candidate; retained as evidence candidate unless project_default.
CAND_ATOM_group_comparison_test_type,group_comparison,test_type,"""t-test | ANOVA | mixed ANOVA | non-parametric""",,,general,analysis,group_comparison_slot,synthesis_of_statistical_practices,,,no,,high,parameter_status=candidate; retained as evidence candidate unless project_default.
CAND_ATOM_group_comparison_paired,group_comparison,paired,"""boolean""",,,general,analysis,group_comparison_slot,synthesis_of_statistical_practices,,,no,,high,parameter_status=candidate; retained as evidence candidate unless project_default.
CAND_ATOM_group_comparison_alternative,group_comparison,alternative,"""two-sided""",,,general,analysis,group_comparison_slot,synthesis_of_statistical_practices,,,no,,high,parameter_status=candidate; retained as evidence candidate unless project_default.
CAND_ATOM_group_comparison_alpha,group_comparison,alpha,0.05,,,general,analysis,group_comparison_slot,synthesis_of_statistical_practices,,,no,,high,parameter_status=candidate; retained as evidence candidate unless project_default.
CAND_ATOM_effect_size_metric,effect_size_calculation,metric,"""Cohen_d | eta_squared | partial_eta_squared | omega_squared | Cliff_delta""",,,general,analysis,effect_size_slot,synthesis_of_statistical_practices,,,no,,high,parameter_status=candidate; retained as evidence candidate unless project_default.
CAND_ATOM_effect_size_magnitude_thresholds,effect_size_calculation,magnitude_thresholds,"{""small"": 0.2, ""medium"": 0.5, ""large"": 0.8}",,,general,analysis,effect_size_slot,synthesis_of_statistical_practices,,,no,,high,parameter_status=candidate; retained as evidence candidate unless project_default.
CAND_ATOM_multiple_comparison_correction_method,multiple_comparison_correction,method,"""Bonferroni | FDR_BH | FDR_BY | FWE_cluster | FWE_threshold | permutation | NBS""",,,general,analysis,multiple_comparison_slot,synthesis_of_statistical_practices,,,no,,high,parameter_status=candidate; retained as evidence candidate unless project_default.
CAND_ATOM_multiple_comparison_correction_alpha,multiple_comparison_correction,alpha,0.05,,,general,analysis,multiple_comparison_slot,synthesis_of_statistical_practices,,,no,,high,parameter_status=candidate; retained as evidence candidate unless project_default.
CAND_ATOM_multiple_comparison_correction_two_sided,multiple_comparison_correction,two_sided,true,,,general,analysis,multiple_comparison_slot,synthesis_of_statistical_practices,,,no,,high,parameter_status=candidate; retained as evidence candidate unless project_default.
CAND_ATOM_roi_analysis_roi_method,roi_analysis,roi_method,"""mean | median | pca | weighted_average""",,,general,analysis,roi_analysis_slot,synthesis_of_statistical_practices,,,no,,high,parameter_status=candidate; retained as evidence candidate unless project_default.
CAND_ATOM_roi_analysis_roi_atlas,roi_analysis,roi_atlas,"""anatomical | functional | custom""",,,general,analysis,roi_analysis_slot,synthesis_of_statistical_practices,,,no,,high,parameter_status=candidate; retained as evidence candidate unless project_default.
CAND_ATOM_roi_analysis_extraction_method,roi_analysis,extraction_method,"""mean | peak | pca""",,,general,analysis,roi_analysis_slot,synthesis_of_statistical_practices,,,no,,high,parameter_status=candidate; retained as evidence candidate unless project_default.
CAND_ATOM_laterality_index_formula,laterality_index,formula,"""LI = (L-R)/(L+R)""",,,general,analysis,laterality_slot,synthesis_of_statistical_practices,,,no,,medium,parameter_status=candidate; retained as evidence candidate unless project_default.
CAND_ATOM_laterality_index_hemisphere_atlas,laterality_index,hemisphere_atlas,"""anatomical | functional | custom""",,,general,analysis,laterality_slot,synthesis_of_statistical_practices,,,no,,medium,parameter_status=candidate; retained as evidence candidate unless project_default.
CAND_ATOM_laterality_index_interpretation_thresholds,laterality_index,interpretation_thresholds,"{""lateralized"": 0.2, ""bilateral"": [-0.2, 0.2]}",,,general,analysis,laterality_slot,synthesis_of_statistical_practices,,,no,,medium,parameter_status=candidate; retained as evidence candidate unless project_default.
CAND_ATOM_correlation_analysis_method,correlation_analysis,method,"""Pearson | Spearman | Kendall | partial_correlation""",,,general,analysis,correlation_slot,synthesis_of_statistical_practices,,,no,,high,parameter_status=candidate; retained as evidence candidate unless project_default.
CAND_ATOM_correlation_analysis_alternative,correlation_analysis,alternative,"""two-sided""",,,general,analysis,correlation_slot,synthesis_of_statistical_practices,,,no,,high,parameter_status=candidate; retained as evidence candidate unless project_default.
CAND_ATOM_correlation_analysis_ci_level,correlation_analysis,ci_level,0.95,,,general,analysis,correlation_slot,synthesis_of_statistical_practices,,,no,,high,parameter_status=candidate; retained as evidence candidate unless project_default.
CAND_ATOM_permutation_test_n_permutations,permutation_test,n_permutations,10000,,,general,analysis,permutation_slot,synthesis_of_statistical_practices,,,no,,high,parameter_status=candidate; retained as evidence candidate unless project_default.
CAND_ATOM_permutation_test_test_type,permutation_test,test_type,"""independent | paired | cluster""",,,general,analysis,permutation_slot,synthesis_of_statistical_practices,,,no,,high,parameter_status=candidate; retained as evidence candidate unless project_default.
CAND_ATOM_permutation_test_correction,permutation_test,correction,"""max_stat | cluster | tfce""",,,general,analysis,permutation_slot,synthesis_of_statistical_practices,,,no,,high,parameter_status=candidate; retained as evidence candidate unless project_default.
CAND_ATOM_permutation_test_seed,permutation_test,seed,"""reproducible_random_seed""",,,general,analysis,permutation_slot,synthesis_of_statistical_practices,,,no,,high,parameter_status=candidate; retained as evidence candidate unless project_default.
CAND_ATOM_group_level_glm_model_type,group_level_glm,model_type,"""random_effects | mixed_effects | fixed_effects""",,,general,analysis,group_glm_slot,synthesis_of_statistical_practices,,,no,,high,parameter_status=candidate; retained as evidence candidate unless project_default.
CAND_ATOM_group_level_glm_group_covariates,group_level_glm,group_covariates,"""age | sex | handedness | clinical_score""",,,general,analysis,group_glm_slot,synthesis_of_statistical_practices,,,no,,high,parameter_status=candidate; retained as evidence candidate unless project_default.
CAND_ATOM_group_level_glm_contrast_type,group_level_glm,contrast_type,"""one_sample_t | two_sample_t | paired_t | regression""",,,general,analysis,group_glm_slot,synthesis_of_statistical_practices,,,no,,high,parameter_status=candidate; retained as evidence candidate unless project_default.
CAND_ATOM_reliability_analysis_method,reliability_analysis,method,"""ICC | Cronbach_alpha | test_retest | split_half""",,,general,analysis,reliability_slot,synthesis_of_statistical_practices,,,no,,medium,parameter_status=candidate; retained as evidence candidate unless project_default.
CAND_ATOM_reliability_analysis_icc_type,reliability_analysis,icc_type,"""ICC_2_1 | ICC_3_1 | ICC_2_k""",,,general,analysis,reliability_slot,synthesis_of_statistical_practices,,,no,,medium,parameter_status=candidate; retained as evidence candidate unless project_default.
CAND_ATOM_reliability_analysis_alpha,reliability_analysis,alpha,0.05,,,general,analysis,reliability_slot,synthesis_of_statistical_practices,,,no,,medium,parameter_status=candidate; retained as evidence candidate unless project_default.
CAND_ATOM_spline_motion_correction_spline_order,spline_motion_correction,spline_order,3,,,general,preprocessing,motion_correction_slot,Homer3_hmrR_MotionCorrectSpline,,,no,,high,parameter_status=reported; retained as evidence candidate unless project_default.
CAND_ATOM_spline_motion_correction_motion_threshold,spline_motion_correction,motion_threshold,0.6,,,general,preprocessing,motion_correction_slot,Homer3_hmrR_MotionCorrectSpline,,,no,,high,parameter_status=reported; retained as evidence candidate unless project_default.
CAND_ATOM_spline_motion_correction_interpolation_method,spline_motion_correction,interpolation_method,"""cubic_spline""",,,general,preprocessing,motion_correction_slot,Homer3_hmrR_MotionCorrectSpline,,,no,,high,parameter_status=reported; retained as evidence candidate unless project_default.
CAND_ATOM_artifact_detection_method,artifact_detection,method,"""sd_threshold | amplitude_threshold | combined""",,,general,qc,signal_qc_slot,Homer3_hmrR_MotionArtifactByChannel,,,no,,high,parameter_status=reported; retained as evidence candidate unless project_default.
CAND_ATOM_artifact_detection_sd_threshold,artifact_detection,sd_threshold,6,,,general,qc,signal_qc_slot,Homer3_hmrR_MotionArtifactByChannel,,,no,,high,parameter_status=reported; retained as evidence candidate unless project_default.
CAND_ATOM_artifact_detection_amplitude_threshold_uM,artifact_detection,amplitude_threshold_uM,0.1,,,general,qc,signal_qc_slot,Homer3_hmrR_MotionArtifactByChannel,,,no,,high,parameter_status=reported; retained as evidence candidate unless project_default.
CAND_ATOM_artifact_detection_min_artifact_duration_s,artifact_detection,min_artifact_duration_s,0.1,,,general,qc,signal_qc_slot,Homer3_hmrR_MotionArtifactByChannel,,,no,,high,parameter_status=candidate; retained as evidence candidate unless project_default.
CAND_ATOM_pca_denoising_n_components,pca_denoising,n_components,"""auto""",,,general,preprocessing,motion_correction_slot,Homer3_hmrR_PCAFilter,,,no,,high,parameter_status=candidate; retained as evidence candidate unless project_default.
CAND_ATOM_pca_denoising_variance_threshold,pca_denoising,variance_threshold,0.95,,,general,preprocessing,motion_correction_slot,Homer3_hmrR_PCAFilter,,,no,,high,parameter_status=candidate; retained as evidence candidate unless project_default.
CAND_ATOM_pca_denoising_apply_to,pca_denoising,apply_to,"""short_channels""",,,general,preprocessing,motion_correction_slot,Homer3_hmrR_PCAFilter,,,no,,high,parameter_status=candidate; retained as evidence candidate unless project_default.
CAND_ATOM_block_average_baseline_correction,block_average,baseline_correction,"""pre_stimulus""",,,task_based,analysis,block_average_slot,Homer3_hmrR_BlockAvg,,,no,,high,parameter_status=reported; retained as evidence candidate unless project_default.
CAND_ATOM_block_average_baseline_window_s,block_average,baseline_window_s,"[-5, 0]",,,task_based,analysis,block_average_slot,Homer3_hmrR_BlockAvg,,,no,,high,parameter_status=reported; retained as evidence candidate unless project_default.
CAND_ATOM_block_average_exclude_artifact_trials,block_average,exclude_artifact_trials,true,,,task_based,analysis,block_average_slot,Homer3_hmrR_BlockAvg,,,no,,high,parameter_status=candidate; retained as evidence candidate unless project_default.
CAND_ATOM_block_average_grand_average,block_average,grand_average,false,,,task_based,analysis,block_average_slot,Homer3_hmrR_BlockAvg,,,no,,high,parameter_status=candidate; retained as evidence candidate unless project_default.
CAND_ATOM_glm_with_drift_hrf_model,glm_with_drift,hrf_model,"""canonical | canonical_with_derivative | fir""",,,task_based,analysis,task_glm_slot,Homer3_hmrR_GLM,,,no,,high,parameter_status=reported; retained as evidence candidate unless project_default.
CAND_ATOM_glm_with_drift_drift_order,glm_with_drift,drift_order,3,,,task_based,analysis,task_glm_slot,Homer3_hmrR_GLM,,,no,,high,parameter_status=reported; retained as evidence candidate unless project_default.
CAND_ATOM_glm_with_drift_short_channel_regression,glm_with_drift,short_channel_regression,true,,,task_based,analysis,task_glm_slot,Homer3_hmrR_GLM,,,no,,high,parameter_status=reported; retained as evidence candidate unless project_default.
CAND_ATOM_glm_with_drift_autocorrelation_model,glm_with_drift,autocorrelation_model,"""ar1 | none""",,,task_based,analysis,task_glm_slot,Homer3_hmrR_GLM,,,no,,high,parameter_status=candidate; retained as evidence candidate unless project_default.
CAND_ATOM_glm_with_drift_basis_function,glm_with_drift,basis_function,"""hrf | hrf_derivative | fir""",,,task_based,analysis,task_glm_slot,Homer3_hmrR_GLM,,,no,,high,parameter_status=candidate; retained as evidence candidate unless project_default.
CAND_ATOM_detrending_method,detrending,method,"""linear | polynomial | wavelet_mdl | spline""",,,general,preprocessing,filter_slot,NIRS_SPM_detrend_wavelet_MDL,,,no,,high,parameter_status=candidate; retained as evidence candidate unless project_default.
CAND_ATOM_detrending_polynomial_order,detrending,polynomial_order,2,,,general,preprocessing,filter_slot,NIRS_SPM_detrend_wavelet_MDL,,,no,,high,parameter_status=candidate; retained as evidence candidate unless project_default.
CAND_ATOM_detrending_wavelet_level,detrending,wavelet_level,10,,,general,preprocessing,filter_slot,NIRS_SPM_detrend_wavelet_MDL,,,no,,high,parameter_status=candidate; retained as evidence candidate unless project_default.
CAND_ATOM_hpf_lpf_filter_hpf_cutoff_hz,hpf_lpf_filter,hpf_cutoff_hz,0.01,,,general,preprocessing,filter_slot,NIRS_SPM_spm_filter_HPF_LPF,,,no,,high,parameter_status=reported; retained as evidence candidate unless project_default.
CAND_ATOM_hpf_lpf_filter_lpf_cutoff_hz,hpf_lpf_filter,lpf_cutoff_hz,0.5,,,general,preprocessing,filter_slot,NIRS_SPM_spm_filter_HPF_LPF,,,no,,high,parameter_status=reported; retained as evidence candidate unless project_default.
CAND_ATOM_hpf_lpf_filter_hpf_method,hpf_lpf_filter,hpf_method,"""dct | butterworth | sinc""",,,general,preprocessing,filter_slot,NIRS_SPM_spm_filter_HPF_LPF,,,no,,high,parameter_status=candidate; retained as evidence candidate unless project_default.
CAND_ATOM_hpf_lpf_filter_lpf_method,hpf_lpf_filter,lpf_method,"""gaussian | butterworth | hrf_convolution""",,,general,preprocessing,filter_slot,NIRS_SPM_spm_filter_HPF_LPF,,,no,,high,parameter_status=candidate; retained as evidence candidate unless project_default.
CAND_ATOM_hpf_lpf_filter_filter_order,hpf_lpf_filter,filter_order,5,,,general,preprocessing,filter_slot,NIRS_SPM_spm_filter_HPF_LPF,,,no,,high,parameter_status=candidate; retained as evidence candidate unless project_default.
CAND_ATOM_precoloring_ar_order,precoloring,ar_order,1,,,general,analysis,analysis_preprocessing_slot,NIRS_SPM_precoloring,,,no,,medium,parameter_status=candidate; retained as evidence candidate unless project_default.
CAND_ATOM_precoloring_method,precoloring,method,"""precoloring | prewhitening""",,,general,analysis,analysis_preprocessing_slot,NIRS_SPM_precoloring,,,no,,medium,parameter_status=candidate; retained as evidence candidate unless project_default.
CAND_ATOM_group_glm_nirs_spm_model_type,group_glm_nirs_spm,model_type,"""random_effects""",,,general,analysis,group_glm_slot,NIRS_SPM_nirs_spm_group,,,no,,high,parameter_status=reported; retained as evidence candidate unless project_default.
CAND_ATOM_group_glm_nirs_spm_group_contrast,group_glm_nirs_spm,group_contrast,"""one_sample_t | two_sample_t""",,,general,analysis,group_glm_slot,NIRS_SPM_nirs_spm_group,,,no,,high,parameter_status=reported; retained as evidence candidate unless project_default.
CAND_ATOM_group_glm_nirs_spm_smoothness_estimate,group_glm_nirs_spm,smoothness_estimate,"""precoloring | prewhitening""",,,general,analysis,group_glm_slot,NIRS_SPM_nirs_spm_group,,,no,,high,parameter_status=candidate; retained as evidence candidate unless project_default.
CAND_ATOM_sensitivity_analysis_mc_iterations,sensitivity_analysis,mc_iterations,10000,,,general,analysis,sensitivity_slot,SPM_DCM_fnirs_sensitivity,,,no,,high,parameter_status=candidate; retained as evidence candidate unless project_default.
CAND_ATOM_sensitivity_analysis_mu_a_range,sensitivity_analysis,mu_a_range,"[0.01, 0.1]",,,general,analysis,sensitivity_slot,SPM_DCM_fnirs_sensitivity,,,no,,high,parameter_status=candidate; retained as evidence candidate unless project_default.
CAND_ATOM_sensitivity_analysis_mu_s_range,sensitivity_analysis,mu_s_range,"[1.0, 10.0]",,,general,analysis,sensitivity_slot,SPM_DCM_fnirs_sensitivity,,,no,,high,parameter_status=candidate; retained as evidence candidate unless project_default.
CAND_ATOM_sensitivity_analysis_head_model,sensitivity_analysis,head_model,"""semi_infinite | layered""",,,general,analysis,sensitivity_slot,SPM_DCM_fnirs_sensitivity,,,no,,high,parameter_status=candidate; retained as evidence candidate unless project_default.
CAND_ATOM_dcm_fnirs_model_type,dcm_fnirs,model_type,"""bilinear | nonlinear""",,,general,analysis,effective_connectivity_slot,SPM_DCM_fnirs_estimate,,,no,,high,parameter_status=candidate; retained as evidence candidate unless project_default.
CAND_ATOM_dcm_fnirs_hemodynamic_model,dcm_fnirs,hemodynamic_model,"""spm | hrf""",,,general,analysis,effective_connectivity_slot,SPM_DCM_fnirs_estimate,,,no,,high,parameter_status=candidate; retained as evidence candidate unless project_default.
CAND_ATOM_dcm_fnirs_pial_vein_correction,dcm_fnirs,pial_vein_correction,true,,,general,analysis,effective_connectivity_slot,SPM_DCM_fnirs_estimate,,,no,,high,parameter_status=candidate; retained as evidence candidate unless project_default.
CAND_ATOM_dcm_fnirs_estimation_method,dcm_fnirs,estimation_method,"""variational_bayes""",,,general,analysis,effective_connectivity_slot,SPM_DCM_fnirs_estimate,,,no,,high,parameter_status=candidate; retained as evidence candidate unless project_default.
CAND_ATOM_cross_correlation_max_lag_s,cross_correlation,max_lag_s,5,,,resting_state,analysis,resting_connectivity_slot,Homer3_hmrR_CrossCorrelation,,,no,,high,parameter_status=candidate; retained as evidence candidate unless project_default.
CAND_ATOM_cross_correlation_significance_method,cross_correlation,significance_method,"""permutation | analytical""",,,resting_state,analysis,resting_connectivity_slot,Homer3_hmrR_CrossCorrelation,,,no,,high,parameter_status=candidate; retained as evidence candidate unless project_default.
CAND_ATOM_cross_correlation_n_permutations,cross_correlation,n_permutations,1000,,,resting_state,analysis,resting_connectivity_slot,Homer3_hmrR_CrossCorrelation,,,no,,high,parameter_status=candidate; retained as evidence candidate unless project_default.
CAND_ATOM_hardware_import_supported_formats,hardware_import,supported_formats,"""NIRx | Hitachi | ISS | Shimadzu | Artinis | Gowerlabs | BOXY | SNIRF""",,,general,data_import,data_import_slot,NIRS_SPM_NIRS_Data_Conversion,,,no,,high,parameter_status=reported; retained as evidence candidate unless project_default.
CAND_ATOM_hardware_import_dpf_correction,hardware_import,dpf_correction,true,,,general,data_import,data_import_slot,NIRS_SPM_NIRS_Data_Conversion,,,no,,high,parameter_status=candidate; retained as evidence candidate unless project_default.
CAND_ATOM_hardware_import_wavelength_validation,hardware_import,wavelength_validation,true,,,general,data_import,data_import_slot,NIRS_SPM_NIRS_Data_Conversion,,,no,,high,parameter_status=candidate; retained as evidence candidate unless project_default.
CAND_ATOM_combat_harmonization_method,combat_harmonization,method,"""ComBat""",,,general,preprocessing,harmonization_slot,Fortin2017_NeuroImage|Fortin2018_NeuroImage|Johnson2007_Biostatistics,,,no,,high,parameter_status=reported; retained as evidence candidate unless project_default.
CAND_ATOM_combat_harmonization_eb,combat_harmonization,eb,true,,,general,preprocessing,harmonization_slot,Fortin2017_NeuroImage|Fortin2018_NeuroImage|Johnson2007_Biostatistics,,,no,,high,parameter_status=reported; retained as evidence candidate unless project_default.
CAND_ATOM_combat_harmonization_parametric,combat_harmonization,parametric,true,,,general,preprocessing,harmonization_slot,Fortin2017_NeuroImage|Fortin2018_NeuroImage|Johnson2007_Biostatistics,,,no,,high,parameter_status=reported; retained as evidence candidate unless project_default.
CAND_ATOM_combat_harmonization_mean_only,combat_harmonization,mean_only,false,,,general,preprocessing,harmonization_slot,Fortin2017_NeuroImage|Fortin2018_NeuroImage|Johnson2007_Biostatistics,,,no,,high,parameter_status=reported; retained as evidence candidate unless project_default.
CAND_ATOM_combat_harmonization_ref_batch,combat_harmonization,ref_batch,null,,,general,preprocessing,harmonization_slot,Fortin2017_NeuroImage|Fortin2018_NeuroImage|Johnson2007_Biostatistics,,,no,,high,parameter_status=candidate; retained as evidence candidate unless project_default.
CAND_ATOM_combat_harmonization_covariates_to_preserve,combat_harmonization,covariates_to_preserve,"""biological_variables (e.g. age, sex, disease_status)""",,,general,preprocessing,harmonization_slot,Fortin2017_NeuroImage|Fortin2018_NeuroImage|Johnson2007_Biostatistics,,,no,,high,parameter_status=candidate; retained as evidence candidate unless project_default.
CAND_ATOM_combat_harmonization_implementations,combat_harmonization,implementations,"""Python (neuroCombat) | R (sva/ComBatHarmonization) | MATLAB""",,,general,preprocessing,harmonization_slot,Fortin2017_NeuroImage|Fortin2018_NeuroImage|Johnson2007_Biostatistics,,,no,,high,parameter_status=candidate; retained as evidence candidate unless project_default.
CAND_ATOM_one_sample_ttest_popmean,one_sample_ttest,popmean,0,,,general,analysis,group_comparison_slot,MNE_ttest_1samp,,,no,,high,parameter_status=candidate; retained as evidence candidate unless project_default.
CAND_ATOM_one_sample_ttest_alternative,one_sample_ttest,alternative,"""two-sided""",,,general,analysis,group_comparison_slot,MNE_ttest_1samp,,,no,,high,parameter_status=candidate; retained as evidence candidate unless project_default.
CAND_ATOM_independent_ttest_equal_var,independent_ttest,equal_var,true,,,general,analysis,group_comparison_slot,MNE_ttest_ind,,,no,,high,parameter_status=candidate; retained as evidence candidate unless project_default.
CAND_ATOM_independent_ttest_alternative,independent_ttest,alternative,"""two-sided""",,,general,analysis,group_comparison_slot,MNE_ttest_ind,,,no,,high,parameter_status=candidate; retained as evidence candidate unless project_default.
CAND_ATOM_paired_ttest_alternative,paired_ttest,alternative,"""two-sided""",,,general,analysis,group_comparison_slot,Homer3_hmrG_t_paired,,,no,,high,parameter_status=candidate; retained as evidence candidate unless project_default.
CAND_ATOM_welch_ttest_equal_var,welch_ttest,equal_var,false,,,general,analysis,group_comparison_slot,scipy_welch,,,no,,high,parameter_status=reported; retained as evidence candidate unless project_default.
CAND_ATOM_welch_ttest_alternative,welch_ttest,alternative,"""two-sided""",,,general,analysis,group_comparison_slot,scipy_welch,,,no,,high,parameter_status=candidate; retained as evidence candidate unless project_default.
CAND_ATOM_one_way_anova_equal_var,one_way_anova,equal_var,true,,,general,analysis,group_comparison_slot,MNE_f_oneway,,,no,,high,parameter_status=candidate; retained as evidence candidate unless project_default.
CAND_ATOM_repeated_measures_anova_correction,repeated_measures_anova,correction,"""Greenhouse-Geisser""",,,general,analysis,group_comparison_slot,MNE_f_mway_rm,,,no,,high,parameter_status=candidate; retained as evidence candidate unless project_default.
CAND_ATOM_repeated_measures_anova_sphericity_test,repeated_measures_anova,sphericity_test,true,,,general,analysis,group_comparison_slot,MNE_f_mway_rm,,,no,,high,parameter_status=candidate; retained as evidence candidate unless project_default.
CAND_ATOM_mixed_anova_within_factor,mixed_anova,within_factor,"""""",,,general,analysis,group_comparison_slot,pingouin_mixed_anova,,,no,,high,parameter_status=candidate; retained as evidence candidate unless project_default.
CAND_ATOM_mixed_anova_between_factor,mixed_anova,between_factor,"""""",,,general,analysis,group_comparison_slot,pingouin_mixed_anova,,,no,,high,parameter_status=candidate; retained as evidence candidate unless project_default.
CAND_ATOM_mixed_anova_correction,mixed_anova,correction,"""Greenhouse-Geisser""",,,general,analysis,group_comparison_slot,pingouin_mixed_anova,,,no,,high,parameter_status=candidate; retained as evidence candidate unless project_default.
CAND_ATOM_two_way_anova_factor_a,two_way_anova,factor_a,"""""",,,general,analysis,group_comparison_slot,scipy_two_way_anova,,,no,,high,parameter_status=candidate; retained as evidence candidate unless project_default.
CAND_ATOM_two_way_anova_factor_b,two_way_anova,factor_b,"""""",,,general,analysis,group_comparison_slot,scipy_two_way_anova,,,no,,high,parameter_status=candidate; retained as evidence candidate unless project_default.
CAND_ATOM_two_way_anova_interaction,two_way_anova,interaction,true,,,general,analysis,group_comparison_slot,scipy_two_way_anova,,,no,,high,parameter_status=candidate; retained as evidence candidate unless project_default.
CAND_ATOM_wilcoxon_signed_rank_alternative,wilcoxon_signed_rank,alternative,"""two-sided""",,,general,analysis,group_comparison_slot,scipy_wilcoxon,,,no,,high,parameter_status=candidate; retained as evidence candidate unless project_default.
CAND_ATOM_wilcoxon_signed_rank_zero_method,wilcoxon_signed_rank,zero_method,"""wilcox""",,,general,analysis,group_comparison_slot,scipy_wilcoxon,,,no,,high,parameter_status=candidate; retained as evidence candidate unless project_default.
CAND_ATOM_mann_whitney_u_alternative,mann_whitney_u,alternative,"""two-sided""",,,general,analysis,group_comparison_slot,scipy_mannwhitneyu,,,no,,high,parameter_status=candidate; retained as evidence candidate unless project_default.
CAND_ATOM_mann_whitney_u_method,mann_whitney_u,method,"""auto""",,,general,analysis,group_comparison_slot,scipy_mannwhitneyu,,,no,,high,parameter_status=candidate; retained as evidence candidate unless project_default.
CAND_ATOM_kruskal_wallis_alternative,kruskal_wallis,alternative,"""two-sided""",,,general,analysis,group_comparison_slot,scipy_kruskal,,,no,,high,parameter_status=candidate; retained as evidence candidate unless project_default.
CAND_ATOM_normality_test_method,normality_test,method,"""shapiro_wilk | kolmogorov_smirnov | anderson_darling""",,,general,analysis,assumption_check_slot,scipy_shapiro,,,no,,high,parameter_status=candidate; retained as evidence candidate unless project_default.
CAND_ATOM_normality_test_alpha,normality_test,alpha,0.05,,,general,analysis,assumption_check_slot,scipy_shapiro,,,no,,high,parameter_status=candidate; retained as evidence candidate unless project_default.
CAND_ATOM_levene_test_center,levene_test,center,"""median""",,,general,analysis,assumption_check_slot,scipy_levene,,,no,,high,parameter_status=candidate; retained as evidence candidate unless project_default.
CAND_ATOM_levene_test_proportion_to_cut,levene_test,proportion_to_cut,0.2,,,general,analysis,assumption_check_slot,scipy_levene,,,no,,high,parameter_status=candidate; retained as evidence candidate unless project_default.
CAND_ATOM_post_hoc_tukey_alpha,post_hoc_tukey,alpha,0.05,,,general,analysis,post_hoc_slot,scipy_tukey_hsd,,,no,,high,parameter_status=candidate; retained as evidence candidate unless project_default.
CAND_ATOM_post_hoc_games_howell_alpha,post_hoc_games_howell,alpha,0.05,,,general,analysis,post_hoc_slot,pingouin_games_howell,,,no,,high,parameter_status=candidate; retained as evidence candidate unless project_default.
CAND_ATOM_bonferroni_correction_n_tests,bonferroni_correction,n_tests,"""auto""",,,general,analysis,multiple_comparison_slot,scipy_bonferroni,,,no,,high,parameter_status=candidate; retained as evidence candidate unless project_default.
CAND_ATOM_bonferroni_correction_alpha,bonferroni_correction,alpha,0.05,,,general,analysis,multiple_comparison_slot,scipy_bonferroni,,,no,,high,parameter_status=candidate; retained as evidence candidate unless project_default.
CAND_ATOM_fdr_bh_correction_alpha,fdr_bh_correction,alpha,0.05,,,general,analysis,multiple_comparison_slot,scipy_fdr_bh,,,no,,high,parameter_status=candidate; retained as evidence candidate unless project_default.
CAND_ATOM_fdr_bh_correction_method,fdr_bh_correction,method,"""indep""",,,general,analysis,multiple_comparison_slot,scipy_fdr_bh,,,no,,high,parameter_status=candidate; retained as evidence candidate unless project_default.
CAND_ATOM_fdr_by_correction_alpha,fdr_by_correction,alpha,0.05,,,general,analysis,multiple_comparison_slot,scipy_fdr_by,,,no,,high,parameter_status=candidate; retained as evidence candidate unless project_default.
CAND_ATOM_cluster_permutation_test_n_permutations,cluster_permutation_test,n_permutations,1024,,,general,analysis,permutation_slot,MNE_permutation_cluster_test,,,no,,high,parameter_status=candidate; retained as evidence candidate unless project_default.
CAND_ATOM_cluster_permutation_test_threshold,cluster_permutation_test,threshold,"""auto""",,,general,analysis,permutation_slot,MNE_permutation_cluster_test,,,no,,high,parameter_status=candidate; retained as evidence candidate unless project_default.
CAND_ATOM_cluster_permutation_test_tail,cluster_permutation_test,tail,0,,,general,analysis,permutation_slot,MNE_permutation_cluster_test,,,no,,high,parameter_status=candidate; retained as evidence candidate unless project_default.
CAND_ATOM_cluster_permutation_test_cluster_alpha,cluster_permutation_test,cluster_alpha,0.05,,,general,analysis,permutation_slot,MNE_permutation_cluster_test,,,no,,high,parameter_status=candidate; retained as evidence candidate unless project_default.
CAND_ATOM_spatiotemporal_cluster_test_n_permutations,spatiotemporal_cluster_test,n_permutations,1024,,,general,analysis,permutation_slot,MNE_spatiotemporal_cluster,,,no,,high,parameter_status=candidate; retained as evidence candidate unless project_default.
CAND_ATOM_spatiotemporal_cluster_test_adjacency,spatiotemporal_cluster_test,adjacency,"""grid""",,,general,analysis,permutation_slot,MNE_spatiotemporal_cluster,,,no,,high,parameter_status=candidate; retained as evidence candidate unless project_default.
CAND_ATOM_spatiotemporal_cluster_test_cluster_alpha,spatiotemporal_cluster_test,cluster_alpha,0.05,,,general,analysis,permutation_slot,MNE_spatiotemporal_cluster,,,no,,high,parameter_status=candidate; retained as evidence candidate unless project_default.
CAND_ATOM_bootstrap_ci_n_resamples,bootstrap_confidence_interval,n_resamples,10000,,,general,analysis,ci_estimation_slot,MNE_bootstrap_ci,,,no,,high,parameter_status=candidate; retained as evidence candidate unless project_default.
CAND_ATOM_bootstrap_ci_ci_level,bootstrap_confidence_interval,ci_level,0.95,,,general,analysis,ci_estimation_slot,MNE_bootstrap_ci,,,no,,high,parameter_status=candidate; retained as evidence candidate unless project_default.
CAND_ATOM_bootstrap_ci_method,bootstrap_confidence_interval,method,"""percentile | BCa""",,,general,analysis,ci_estimation_slot,MNE_bootstrap_ci,,,no,,high,parameter_status=candidate; retained as evidence candidate unless project_default.
CAND_ATOM_bootstrap_ci_statistic,bootstrap_confidence_interval,statistic,"""mean""",,,general,analysis,ci_estimation_slot,MNE_bootstrap_ci,,,no,,high,parameter_status=candidate; retained as evidence candidate unless project_default.
CAND_ATOM_linear_regression_add_constant,linear_regression,add_constant,true,,,general,analysis,regression_slot,MNE_linear_regression,,,no,,high,parameter_status=candidate; retained as evidence candidate unless project_default.
CAND_ATOM_linear_regression_method,linear_regression,method,"""OLS | robust""",,,general,analysis,regression_slot,MNE_linear_regression,,,no,,high,parameter_status=candidate; retained as evidence candidate unless project_default.
CAND_ATOM_logistic_regression_penalty,logistic_regression,penalty,"""l2 | l1""",,,general,analysis,regression_slot,sklearn_logistic,,,no,,high,parameter_status=candidate; retained as evidence candidate unless project_default.
CAND_ATOM_logistic_regression_C,logistic_regression,C,1.0,,,general,analysis,regression_slot,sklearn_logistic,,,no,,high,parameter_status=candidate; retained as evidence candidate unless project_default.
CAND_ATOM_cohens_d_correction,cohens_d,correction,"""none | hedges_g""",,,general,analysis,effect_size_slot,Cohen1988,,,no,,high,parameter_status=candidate; retained as evidence candidate unless project_default.
CAND_ATOM_cohens_d_magnitude_thresholds,cohens_d,magnitude_thresholds,"{""small"": 0.2, ""medium"": 0.5, ""large"": 0.8}",,,general,analysis,effect_size_slot,Cohen1988,,,no,,high,parameter_status=candidate; retained as evidence candidate unless project_default.
CAND_ATOM_eta_squared_metric,eta_squared,metric,"""eta_squared | partial_eta_squared | omega_squared""",,,general,analysis,effect_size_slot,Cohen1988,,,no,,high,parameter_status=candidate; retained as evidence candidate unless project_default.
CAND_ATOM_point_biserial_r_alternative,point_biserial_correlation,alternative,"""two-sided""",,,general,analysis,correlation_slot,scipy_pointbiserialr,,,no,,high,parameter_status=candidate; retained as evidence candidate unless project_default.
CAND_ATOM_power_analysis_test_type,power_analysis,test_type,"""t_test | anova | correlation""",,,general,analysis,power_analysis_slot,statsmodels_power,,,no,,high,parameter_status=candidate; retained as evidence candidate unless project_default.
CAND_ATOM_power_analysis_alternative,power_analysis,alternative,"""two-sided""",,,general,analysis,power_analysis_slot,statsmodels_power,,,no,,high,parameter_status=candidate; retained as evidence candidate unless project_default.
CAND_ATOM_power_analysis_alpha,power_analysis,alpha,0.05,,,general,analysis,power_analysis_slot,statsmodels_power,,,no,,high,parameter_status=candidate; retained as evidence candidate unless project_default.
CAND_ATOM_power_analysis_power,power_analysis,power,0.8,,,general,analysis,power_analysis_slot,statsmodels_power,,,no,,high,parameter_status=candidate; retained as evidence candidate unless project_default.
CAND_ATOM_network_based_statistic_n_permutations,network_based_statistic,n_permutations,1000,,,resting_state,analysis,multiple_comparison_slot,Zalesky2010_NBS,,,no,,high,parameter_status=candidate; retained as evidence candidate unless project_default.
CAND_ATOM_network_based_statistic_alpha,network_based_statistic,alpha,0.05,,,resting_state,analysis,multiple_comparison_slot,Zalesky2010_NBS,,,no,,high,parameter_status=candidate; retained as evidence candidate unless project_default.
CAND_ATOM_network_based_statistic_test_statistic,network_based_statistic,test_statistic,"""t""",,,resting_state,analysis,multiple_comparison_slot,Zalesky2010_NBS,,,no,,high,parameter_status=candidate; retained as evidence candidate unless project_default.
CAND_ATOM_tfce_enhancement_n_permutations,tfce_enhancement,n_permutations,1000,,,general,analysis,permutation_slot,Smith2009_TFCE,,,no,,high,parameter_status=candidate; retained as evidence candidate unless project_default.
CAND_ATOM_tfce_enhancement_E,tfce_enhancement,E,0.5,,,general,analysis,permutation_slot,Smith2009_TFCE,,,no,,high,parameter_status=candidate; retained as evidence candidate unless project_default.
CAND_ATOM_tfce_enhancement_H,tfce_enhancement,H,2,,,general,analysis,permutation_slot,Smith2009_TFCE,,,no,,high,parameter_status=candidate; retained as evidence candidate unless project_default.
CAND_ATOM_tfce_enhancement_C,tfce_enhancement,C,0.5,,,general,analysis,permutation_slot,Smith2009_TFCE,,,no,,high,parameter_status=candidate; retained as evidence candidate unless project_default.
CAND_ATOM_bayes_factor_prior_scale,bayes_factor,prior_scale,"""medium | wide | ultrawide""",,,general,analysis,bayesian_slot,Jeffreys1961,,,no,,medium,parameter_status=candidate; retained as evidence candidate unless project_default.
CAND_ATOM_bayes_factor_test_type,bayes_factor,test_type,"""t_test | anova | correlation""",,,general,analysis,bayesian_slot,Jeffreys1961,,,no,,medium,parameter_status=candidate; retained as evidence candidate unless project_default.
CAND_ATOM_1d_cnn_conv_layers,1d_cnn_classification,conv_layers,3,,,classification,machine_learning,dl_model_slot,fnirs_cnn_classification|node_templates_CNN,,,no,,high,parameter_status=candidate; retained as evidence candidate unless project_default.
CAND_ATOM_1d_cnn_filters,1d_cnn_classification,filters,"[32, 64, 128]",,,classification,machine_learning,dl_model_slot,fnirs_cnn_classification|node_templates_CNN,,,no,,high,parameter_status=candidate; retained as evidence candidate unless project_default.
CAND_ATOM_1d_cnn_kernel_size,1d_cnn_classification,kernel_size,3,,,classification,machine_learning,dl_model_slot,fnirs_cnn_classification|node_templates_CNN,,,no,,high,parameter_status=candidate; retained as evidence candidate unless project_default.
CAND_ATOM_1d_cnn_pool_size,1d_cnn_classification,pool_size,2,,,classification,machine_learning,dl_model_slot,fnirs_cnn_classification|node_templates_CNN,,,no,,high,parameter_status=candidate; retained as evidence candidate unless project_default.
CAND_ATOM_1d_cnn_dropout,1d_cnn_classification,dropout,0.5,,,classification,machine_learning,dl_model_slot,fnirs_cnn_classification|node_templates_CNN,,,no,,high,parameter_status=candidate; retained as evidence candidate unless project_default.
CAND_ATOM_1d_cnn_activation,1d_cnn_classification,activation,"""relu""",,,classification,machine_learning,dl_model_slot,fnirs_cnn_classification|node_templates_CNN,,,no,,high,parameter_status=candidate; retained as evidence candidate unless project_default.
CAND_ATOM_1d_cnn_batch_norm,1d_cnn_classification,batch_norm,true,,,classification,machine_learning,dl_model_slot,fnirs_cnn_classification|node_templates_CNN,,,no,,high,parameter_status=candidate; retained as evidence candidate unless project_default.
CAND_ATOM_1d_cnn_optimizer,1d_cnn_classification,optimizer,"""adam""",,,classification,machine_learning,dl_model_slot,fnirs_cnn_classification|node_templates_CNN,,,no,,high,parameter_status=candidate; retained as evidence candidate unless project_default.
CAND_ATOM_1d_cnn_lr,1d_cnn_classification,lr,0.001,,,classification,machine_learning,dl_model_slot,fnirs_cnn_classification|node_templates_CNN,,,no,,high,parameter_status=candidate; retained as evidence candidate unless project_default.
CAND_ATOM_1d_cnn_epochs,1d_cnn_classification,epochs,100,,,classification,machine_learning,dl_model_slot,fnirs_cnn_classification|node_templates_CNN,,,no,,high,parameter_status=candidate; retained as evidence candidate unless project_default.
CAND_ATOM_1d_cnn_batch_size,1d_cnn_classification,batch_size,32,,,classification,machine_learning,dl_model_slot,fnirs_cnn_classification|node_templates_CNN,,,no,,high,parameter_status=candidate; retained as evidence candidate unless project_default.
CAND_ATOM_1d_cnn_early_stopping_patience,1d_cnn_classification,early_stopping_patience,10,,,classification,machine_learning,dl_model_slot,fnirs_cnn_classification|node_templates_CNN,,,no,,high,parameter_status=candidate; retained as evidence candidate unless project_default.
CAND_ATOM_2d_cnn_conv_layers,2d_cnn_classification,conv_layers,3,,,classification,machine_learning,dl_model_slot,fnirs_2d_cnn,,,no,,high,parameter_status=candidate; retained as evidence candidate unless project_default.
CAND_ATOM_2d_cnn_filters,2d_cnn_classification,filters,"[32, 64, 128]",,,classification,machine_learning,dl_model_slot,fnirs_2d_cnn,,,no,,high,parameter_status=candidate; retained as evidence candidate unless project_default.
CAND_ATOM_2d_cnn_kernel_size,2d_cnn_classification,kernel_size,"[3, 3]",,,classification,machine_learning,dl_model_slot,fnirs_2d_cnn,,,no,,high,parameter_status=candidate; retained as evidence candidate unless project_default.
CAND_ATOM_2d_cnn_pool_size,2d_cnn_classification,pool_size,"[2, 2]",,,classification,machine_learning,dl_model_slot,fnirs_2d_cnn,,,no,,high,parameter_status=candidate; retained as evidence candidate unless project_default.
CAND_ATOM_2d_cnn_dropout,2d_cnn_classification,dropout,0.5,,,classification,machine_learning,dl_model_slot,fnirs_2d_cnn,,,no,,high,parameter_status=candidate; retained as evidence candidate unless project_default.
CAND_ATOM_2d_cnn_activation,2d_cnn_classification,activation,"""relu""",,,classification,machine_learning,dl_model_slot,fnirs_2d_cnn,,,no,,high,parameter_status=candidate; retained as evidence candidate unless project_default.
CAND_ATOM_2d_cnn_batch_norm,2d_cnn_classification,batch_norm,true,,,classification,machine_learning,dl_model_slot,fnirs_2d_cnn,,,no,,high,parameter_status=candidate; retained as evidence candidate unless project_default.
CAND_ATOM_2d_cnn_spatial_conv,2d_cnn_classification,spatial_conv,true,,,classification,machine_learning,dl_model_slot,fnirs_2d_cnn,,,no,,high,parameter_status=candidate; retained as evidence candidate unless project_default.
CAND_ATOM_eegnet_F1,eegnet_classification,F1,8,,,classification,machine_learning,dl_model_slot,Lawhern2018_EEGNet,,,no,,high,parameter_status=candidate; retained as evidence candidate unless project_default.
CAND_ATOM_eegnet_D,eegnet_classification,D,2,,,classification,machine_learning,dl_model_slot,Lawhern2018_EEGNet,,,no,,high,parameter_status=candidate; retained as evidence candidate unless project_default.
CAND_ATOM_eegnet_F2,eegnet_classification,F2,16,,,classification,machine_learning,dl_model_slot,Lawhern2018_EEGNet,,,no,,high,parameter_status=candidate; retained as evidence candidate unless project_default.
CAND_ATOM_eegnet_kernel_size,eegnet_classification,kernel_size,64,,,classification,machine_learning,dl_model_slot,Lawhern2018_EEGNet,,,no,,high,parameter_status=candidate; retained as evidence candidate unless project_default.
CAND_ATOM_eegnet_dropout,eegnet_classification,dropout,0.5,,,classification,machine_learning,dl_model_slot,Lawhern2018_EEGNet,,,no,,high,parameter_status=candidate; retained as evidence candidate unless project_default.
CAND_ATOM_eegnet_depthwise_multiplier,eegnet_classification,depthwise_multiplier,1,,,classification,machine_learning,dl_model_slot,Lawhern2018_EEGNet,,,no,,high,parameter_status=candidate; retained as evidence candidate unless project_default.
CAND_ATOM_eegnet_activation,eegnet_classification,activation,"""elu""",,,classification,machine_learning,dl_model_slot,Lawhern2018_EEGNet,,,no,,high,parameter_status=candidate; retained as evidence candidate unless project_default.
CAND_ATOM_eegnet_optimizer,eegnet_classification,optimizer,"""adam""",,,classification,machine_learning,dl_model_slot,Lawhern2018_EEGNet,,,no,,high,parameter_status=candidate; retained as evidence candidate unless project_default.
CAND_ATOM_eegnet_lr,eegnet_classification,lr,0.001,,,classification,machine_learning,dl_model_slot,Lawhern2018_EEGNet,,,no,,high,parameter_status=candidate; retained as evidence candidate unless project_default.
CAND_ATOM_shallow_convnet_n_filters,shallow_convnet_classification,n_filters,40,,,classification,machine_learning,dl_model_slot,Schirrmeister2017_ShallowConvNet,,,no,,high,parameter_status=candidate; retained as evidence candidate unless project_default.
CAND_ATOM_shallow_convnet_filter_time,shallow_convnet_classification,filter_time,25,,,classification,machine_learning,dl_model_slot,Schirrmeister2017_ShallowConvNet,,,no,,high,parameter_status=candidate; retained as evidence candidate unless project_default.
CAND_ATOM_shallow_convnet_pool_time,shallow_convnet_classification,pool_time,75,,,classification,machine_learning,dl_model_slot,Schirrmeister2017_ShallowConvNet,,,no,,high,parameter_status=candidate; retained as evidence candidate unless project_default.
CAND_ATOM_shallow_convnet_dropout,shallow_convnet_classification,dropout,0.5,,,classification,machine_learning,dl_model_slot,Schirrmeister2017_ShallowConvNet,,,no,,high,parameter_status=candidate; retained as evidence candidate unless project_default.
CAND_ATOM_shallow_convnet_batch_norm,shallow_convnet_classification,batch_norm,true,,,classification,machine_learning,dl_model_slot,Schirrmeister2017_ShallowConvNet,,,no,,high,parameter_status=candidate; retained as evidence candidate unless project_default.
CAND_ATOM_shallow_convnet_activation,shallow_convnet_classification,activation,"""square + log""",,,classification,machine_learning,dl_model_slot,Schirrmeister2017_ShallowConvNet,,,no,,high,parameter_status=candidate; retained as evidence candidate unless project_default.
CAND_ATOM_lstm_hidden_size,lstm_classification,hidden_size,128,,,classification,machine_learning,dl_model_slot,Hochreiter1997_LSTM|node_templates_LSTM,,,no,,high,parameter_status=candidate; retained as evidence candidate unless project_default.
CAND_ATOM_lstm_num_layers,lstm_classification,num_layers,2,,,classification,machine_learning,dl_model_slot,Hochreiter1997_LSTM|node_templates_LSTM,,,no,,high,parameter_status=candidate; retained as evidence candidate unless project_default.
CAND_ATOM_lstm_dropout,lstm_classification,dropout,0.3,,,classification,machine_learning,dl_model_slot,Hochreiter1997_LSTM|node_templates_LSTM,,,no,,high,parameter_status=candidate; retained as evidence candidate unless project_default.
CAND_ATOM_lstm_bidirectional,lstm_classification,bidirectional,false,,,classification,machine_learning,dl_model_slot,Hochreiter1997_LSTM|node_templates_LSTM,,,no,,high,parameter_status=candidate; retained as evidence candidate unless project_default.
CAND_ATOM_lstm_cell_type,lstm_classification,cell_type,"""lstm""",,,classification,machine_learning,dl_model_slot,Hochreiter1997_LSTM|node_templates_LSTM,,,no,,high,parameter_status=candidate; retained as evidence candidate unless project_default.
CAND_ATOM_lstm_optimizer,lstm_classification,optimizer,"""adam""",,,classification,machine_learning,dl_model_slot,Hochreiter1997_LSTM|node_templates_LSTM,,,no,,high,parameter_status=candidate; retained as evidence candidate unless project_default.
CAND_ATOM_lstm_lr,lstm_classification,lr,0.001,,,classification,machine_learning,dl_model_slot,Hochreiter1997_LSTM|node_templates_LSTM,,,no,,high,parameter_status=candidate; retained as evidence candidate unless project_default.
CAND_ATOM_lstm_epochs,lstm_classification,epochs,100,,,classification,machine_learning,dl_model_slot,Hochreiter1997_LSTM|node_templates_LSTM,,,no,,high,parameter_status=candidate; retained as evidence candidate unless project_default.
CAND_ATOM_lstm_batch_size,lstm_classification,batch_size,32,,,classification,machine_learning,dl_model_slot,Hochreiter1997_LSTM|node_templates_LSTM,,,no,,high,parameter_status=candidate; retained as evidence candidate unless project_default.
CAND_ATOM_gru_hidden_size,gru_classification,hidden_size,128,,,classification,machine_learning,dl_model_slot,Cho2014_GRU,,,no,,high,parameter_status=candidate; retained as evidence candidate unless project_default.
CAND_ATOM_gru_num_layers,gru_classification,num_layers,2,,,classification,machine_learning,dl_model_slot,Cho2014_GRU,,,no,,high,parameter_status=candidate; retained as evidence candidate unless project_default.
CAND_ATOM_gru_dropout,gru_classification,dropout,0.3,,,classification,machine_learning,dl_model_slot,Cho2014_GRU,,,no,,high,parameter_status=candidate; retained as evidence candidate unless project_default.
CAND_ATOM_gru_bidirectional,gru_classification,bidirectional,false,,,classification,machine_learning,dl_model_slot,Cho2014_GRU,,,no,,high,parameter_status=candidate; retained as evidence candidate unless project_default.
CAND_ATOM_gru_cell_type,gru_classification,cell_type,"""gru""",,,classification,machine_learning,dl_model_slot,Cho2014_GRU,,,no,,high,parameter_status=candidate; retained as evidence candidate unless project_default.
CAND_ATOM_gru_optimizer,gru_classification,optimizer,"""adam""",,,classification,machine_learning,dl_model_slot,Cho2014_GRU,,,no,,high,parameter_status=candidate; retained as evidence candidate unless project_default.
CAND_ATOM_gru_lr,gru_classification,lr,0.001,,,classification,machine_learning,dl_model_slot,Cho2014_GRU,,,no,,high,parameter_status=candidate; retained as evidence candidate unless project_default.
CAND_ATOM_bidirectional_lstm_hidden_size,bidirectional_lstm_classification,hidden_size,128,,,classification,machine_learning,dl_model_slot,Schuster1997_BiLSTM,,,no,,high,parameter_status=candidate; retained as evidence candidate unless project_default.
CAND_ATOM_bidirectional_lstm_num_layers,bidirectional_lstm_classification,num_layers,2,,,classification,machine_learning,dl_model_slot,Schuster1997_BiLSTM,,,no,,high,parameter_status=candidate; retained as evidence candidate unless project_default.
CAND_ATOM_bidirectional_lstm_dropout,bidirectional_lstm_classification,dropout,0.3,,,classification,machine_learning,dl_model_slot,Schuster1997_BiLSTM,,,no,,high,parameter_status=candidate; retained as evidence candidate unless project_default.
CAND_ATOM_bidirectional_lstm_bidirectional,bidirectional_lstm_classification,bidirectional,true,,,classification,machine_learning,dl_model_slot,Schuster1997_BiLSTM,,,no,,high,parameter_status=candidate; retained as evidence candidate unless project_default.
CAND_ATOM_bidirectional_lstm_merge_mode,bidirectional_lstm_classification,merge_mode,"""concat""",,,classification,machine_learning,dl_model_slot,Schuster1997_BiLSTM,,,no,,high,parameter_status=candidate; retained as evidence candidate unless project_default.
CAND_ATOM_bidirectional_lstm_optimizer,bidirectional_lstm_classification,optimizer,"""adam""",,,classification,machine_learning,dl_model_slot,Schuster1997_BiLSTM,,,no,,high,parameter_status=candidate; retained as evidence candidate unless project_default.
CAND_ATOM_bidirectional_lstm_lr,bidirectional_lstm_classification,lr,0.001,,,classification,machine_learning,dl_model_slot,Schuster1997_BiLSTM,,,no,,high,parameter_status=candidate; retained as evidence candidate unless project_default.
CAND_ATOM_transformer_encoder_d_model,transformer_classification,d_model,128,,,classification,machine_learning,dl_model_slot,Vaswani2017_Transformer|node_templates_Transformer,,,no,,high,parameter_status=candidate; retained as evidence candidate unless project_default.
CAND_ATOM_transformer_encoder_nhead,transformer_classification,nhead,8,,,classification,machine_learning,dl_model_slot,Vaswani2017_Transformer|node_templates_Transformer,,,no,,high,parameter_status=candidate; retained as evidence candidate unless project_default.
CAND_ATOM_transformer_encoder_num_layers,transformer_classification,num_layers,4,,,classification,machine_learning,dl_model_slot,Vaswani2017_Transformer|node_templates_Transformer,,,no,,high,parameter_status=candidate; retained as evidence candidate unless project_default.
CAND_ATOM_transformer_encoder_dim_feedforward,transformer_classification,dim_feedforward,512,,,classification,machine_learning,dl_model_slot,Vaswani2017_Transformer|node_templates_Transformer,,,no,,high,parameter_status=candidate; retained as evidence candidate unless project_default.
CAND_ATOM_transformer_encoder_dropout,transformer_classification,dropout,0.1,,,classification,machine_learning,dl_model_slot,Vaswani2017_Transformer|node_templates_Transformer,,,no,,high,parameter_status=candidate; retained as evidence candidate unless project_default.
CAND_ATOM_transformer_encoder_activation,transformer_classification,activation,"""gelu""",,,classification,machine_learning,dl_model_slot,Vaswani2017_Transformer|node_templates_Transformer,,,no,,high,parameter_status=candidate; retained as evidence candidate unless project_default.
CAND_ATOM_transformer_encoder_max_seq_len,transformer_classification,max_seq_len,500,,,classification,machine_learning,dl_model_slot,Vaswani2017_Transformer|node_templates_Transformer,,,no,,high,parameter_status=candidate; retained as evidence candidate unless project_default.
CAND_ATOM_transformer_encoder_pos_encoding,transformer_classification,pos_encoding,"""sinusoidal | learned""",,,classification,machine_learning,dl_model_slot,Vaswani2017_Transformer|node_templates_Transformer,,,no,,high,parameter_status=candidate; retained as evidence candidate unless project_default.
CAND_ATOM_transformer_encoder_optimizer,transformer_classification,optimizer,"""adam""",,,classification,machine_learning,dl_model_slot,Vaswani2017_Transformer|node_templates_Transformer,,,no,,high,parameter_status=candidate; retained as evidence candidate unless project_default.
CAND_ATOM_transformer_encoder_lr,transformer_classification,lr,0.0001,,,classification,machine_learning,dl_model_slot,Vaswani2017_Transformer|node_templates_Transformer,,,no,,high,parameter_status=candidate; retained as evidence candidate unless project_default.
CAND_ATOM_transformer_encoder_warmup_steps,transformer_classification,warmup_steps,100,,,classification,machine_learning,dl_model_slot,Vaswani2017_Transformer|node_templates_Transformer,,,no,,high,parameter_status=candidate; retained as evidence candidate unless project_default.
CAND_ATOM_temporal_transformer_d_model,temporal_transformer_classification,d_model,64,,,classification,machine_learning,dl_model_slot,Transformer_LSTM_fnirs_Parkinson,,,no,,high,parameter_status=candidate; retained as evidence candidate unless project_default.
CAND_ATOM_temporal_transformer_nhead,temporal_transformer_classification,nhead,4,,,classification,machine_learning,dl_model_slot,Transformer_LSTM_fnirs_Parkinson,,,no,,high,parameter_status=candidate; retained as evidence candidate unless project_default.
CAND_ATOM_temporal_transformer_num_layers,temporal_transformer_classification,num_layers,2,,,classification,machine_learning,dl_model_slot,Transformer_LSTM_fnirs_Parkinson,,,no,,high,parameter_status=candidate; retained as evidence candidate unless project_default.
CAND_ATOM_temporal_transformer_dropout,temporal_transformer_classification,dropout,0.2,,,classification,machine_learning,dl_model_slot,Transformer_LSTM_fnirs_Parkinson,,,no,,high,parameter_status=candidate; retained as evidence candidate unless project_default.
CAND_ATOM_temporal_transformer_window_size,temporal_transformer_classification,window_size,10,,,classification,machine_learning,dl_model_slot,Transformer_LSTM_fnirs_Parkinson,,,no,,high,parameter_status=candidate; retained as evidence candidate unless project_default.
CAND_ATOM_temporal_transformer_stride,temporal_transformer_classification,stride,5,,,classification,machine_learning,dl_model_slot,Transformer_LSTM_fnirs_Parkinson,,,no,,high,parameter_status=candidate; retained as evidence candidate unless project_default.
CAND_ATOM_temporal_transformer_channel_embedding,temporal_transformer_classification,channel_embedding,"""linear | conv1d""",,,classification,machine_learning,dl_model_slot,Transformer_LSTM_fnirs_Parkinson,,,no,,high,parameter_status=candidate; retained as evidence candidate unless project_default.
CAND_ATOM_temporal_transformer_temporal_encoding,temporal_transformer_classification,temporal_encoding,"""relative | absolute""",,,classification,machine_learning,dl_model_slot,Transformer_LSTM_fnirs_Parkinson,,,no,,high,parameter_status=candidate; retained as evidence candidate unless project_default.
CAND_ATOM_cnn_lstm_hybrid_cnn_layers,cnn_lstm_hybrid_classification,cnn_layers,2,,,classification,machine_learning,dl_model_slot,CNN_LSTM_hybrid_fnirs,,,no,,high,parameter_status=candidate; retained as evidence candidate unless project_default.
CAND_ATOM_cnn_lstm_hybrid_cnn_filters,cnn_lstm_hybrid_classification,cnn_filters,"[32, 64]",,,classification,machine_learning,dl_model_slot,CNN_LSTM_hybrid_fnirs,,,no,,high,parameter_status=candidate; retained as evidence candidate unless project_default.
CAND_ATOM_cnn_lstm_hybrid_cnn_kernel,cnn_lstm_hybrid_classification,cnn_kernel,3,,,classification,machine_learning,dl_model_slot,CNN_LSTM_hybrid_fnirs,,,no,,high,parameter_status=candidate; retained as evidence candidate unless project_default.
CAND_ATOM_cnn_lstm_hybrid_lstm_hidden,cnn_lstm_hybrid_classification,lstm_hidden,128,,,classification,machine_learning,dl_model_slot,CNN_LSTM_hybrid_fnirs,,,no,,high,parameter_status=candidate; retained as evidence candidate unless project_default.
CAND_ATOM_cnn_lstm_hybrid_lstm_layers,cnn_lstm_hybrid_classification,lstm_layers,1,,,classification,machine_learning,dl_model_slot,CNN_LSTM_hybrid_fnirs,,,no,,high,parameter_status=candidate; retained as evidence candidate unless project_default.
CAND_ATOM_cnn_lstm_hybrid_dropout,cnn_lstm_hybrid_classification,dropout,0.5,,,classification,machine_learning,dl_model_slot,CNN_LSTM_hybrid_fnirs,,,no,,high,parameter_status=candidate; retained as evidence candidate unless project_default.
CAND_ATOM_cnn_lstm_hybrid_pool_type,cnn_lstm_hybrid_classification,pool_type,"""max""",,,classification,machine_learning,dl_model_slot,CNN_LSTM_hybrid_fnirs,,,no,,high,parameter_status=candidate; retained as evidence candidate unless project_default.
CAND_ATOM_cnn_transformer_hybrid_cnn_filters,cnn_transformer_hybrid_classification,cnn_filters,64,,,classification,machine_learning,dl_model_slot,CNN_Transformer_hybrid,,,no,,high,parameter_status=candidate; retained as evidence candidate unless project_default.
CAND_ATOM_cnn_transformer_hybrid_cnn_kernel,cnn_transformer_hybrid_classification,cnn_kernel,7,,,classification,machine_learning,dl_model_slot,CNN_Transformer_hybrid,,,no,,high,parameter_status=candidate; retained as evidence candidate unless project_default.
CAND_ATOM_cnn_transformer_hybrid_transformer_d_model,cnn_transformer_hybrid_classification,transformer_d_model,128,,,classification,machine_learning,dl_model_slot,CNN_Transformer_hybrid,,,no,,high,parameter_status=candidate; retained as evidence candidate unless project_default.
CAND_ATOM_cnn_transformer_hybrid_transformer_nhead,cnn_transformer_hybrid_classification,transformer_nhead,8,,,classification,machine_learning,dl_model_slot,CNN_Transformer_hybrid,,,no,,high,parameter_status=candidate; retained as evidence candidate unless project_default.
CAND_ATOM_cnn_transformer_hybrid_transformer_layers,cnn_transformer_hybrid_classification,transformer_layers,2,,,classification,machine_learning,dl_model_slot,CNN_Transformer_hybrid,,,no,,high,parameter_status=candidate; retained as evidence candidate unless project_default.
CAND_ATOM_cnn_transformer_hybrid_dropout,cnn_transformer_hybrid_classification,dropout,0.3,,,classification,machine_learning,dl_model_slot,CNN_Transformer_hybrid,,,no,,high,parameter_status=candidate; retained as evidence candidate unless project_default.
CAND_ATOM_vae_latent_dim,vae_representation,latent_dim,32,,,representation_learning,machine_learning,dl_model_slot,Kingma2014_VAE,,,no,,high,parameter_status=candidate; retained as evidence candidate unless project_default.
CAND_ATOM_vae_encoder_hidden,vae_representation,encoder_hidden,"[128, 64]",,,representation_learning,machine_learning,dl_model_slot,Kingma2014_VAE,,,no,,high,parameter_status=candidate; retained as evidence candidate unless project_default.
CAND_ATOM_vae_decoder_hidden,vae_representation,decoder_hidden,"[64, 128]",,,representation_learning,machine_learning,dl_model_slot,Kingma2014_VAE,,,no,,high,parameter_status=candidate; retained as evidence candidate unless project_default.
CAND_ATOM_vae_dropout,vae_representation,dropout,0.2,,,representation_learning,machine_learning,dl_model_slot,Kingma2014_VAE,,,no,,high,parameter_status=candidate; retained as evidence candidate unless project_default.
CAND_ATOM_vae_beta,vae_representation,beta,1.0,,,representation_learning,machine_learning,dl_model_slot,Kingma2014_VAE,,,no,,high,parameter_status=candidate; retained as evidence candidate unless project_default.
CAND_ATOM_vae_activation,vae_representation,activation,"""relu""",,,representation_learning,machine_learning,dl_model_slot,Kingma2014_VAE,,,no,,high,parameter_status=candidate; retained as evidence candidate unless project_default.
CAND_ATOM_vae_optimizer,vae_representation,optimizer,"""adam""",,,representation_learning,machine_learning,dl_model_slot,Kingma2014_VAE,,,no,,high,parameter_status=candidate; retained as evidence candidate unless project_default.
CAND_ATOM_vae_lr,vae_representation,lr,0.001,,,representation_learning,machine_learning,dl_model_slot,Kingma2014_VAE,,,no,,high,parameter_status=candidate; retained as evidence candidate unless project_default.
CAND_ATOM_time_series_augmentation_methods,time_series_augmentation,methods,"[""jittering"", ""scaling"", ""time_warping"", ""cropping"", ""permutation"", ""rotation""]",,,data_augmentation,machine_learning,augmentation_slot,Wen2020_Augmentation|Um2017_DataAugmentation,,,no,,high,parameter_status=candidate; retained as evidence candidate unless project_default.
CAND_ATOM_time_series_augmentation_augmentation_factor,time_series_augmentation,augmentation_factor,2,,,data_augmentation,machine_learning,augmentation_slot,Wen2020_Augmentation|Um2017_DataAugmentation,,,no,,high,parameter_status=candidate; retained as evidence candidate unless project_default.
CAND_ATOM_time_series_augmentation_noise_std,time_series_augmentation,noise_std,0.05,,,data_augmentation,machine_learning,augmentation_slot,Wen2020_Augmentation|Um2017_DataAugmentation,,,no,,high,parameter_status=candidate; retained as evidence candidate unless project_default.
CAND_ATOM_time_series_augmentation_scale_range,time_series_augmentation,scale_range,"[0.9, 1.1]",,,data_augmentation,machine_learning,augmentation_slot,Wen2020_Augmentation|Um2017_DataAugmentation,,,no,,high,parameter_status=candidate; retained as evidence candidate unless project_default.
CAND_ATOM_time_series_augmentation_seed,time_series_augmentation,seed,42,,,data_augmentation,machine_learning,augmentation_slot,Wen2020_Augmentation|Um2017_DataAugmentation,,,no,,high,parameter_status=candidate; retained as evidence candidate unless project_default.
CAND_ATOM_transfer_learning_source_domain,transfer_learning,source_domain,"""eeg | fmri | synthetic_fnirs""",,,classification,machine_learning,dl_model_slot,transfer_learning_fnirs,,,no,,medium,parameter_status=candidate; retained as evidence candidate unless project_default.
CAND_ATOM_transfer_learning_pretrained_model,transfer_learning,pretrained_model,"""""",,,classification,machine_learning,dl_model_slot,transfer_learning_fnirs,,,no,,medium,parameter_status=candidate; retained as evidence candidate unless project_default.
CAND_ATOM_transfer_learning_freeze_layers,transfer_learning,freeze_layers,"""all_except_last""",,,classification,machine_learning,dl_model_slot,transfer_learning_fnirs,,,no,,medium,parameter_status=candidate; retained as evidence candidate unless project_default.
CAND_ATOM_transfer_learning_fine_tune_lr,transfer_learning,fine_tune_lr,0.0001,,,classification,machine_learning,dl_model_slot,transfer_learning_fnirs,,,no,,medium,parameter_status=candidate; retained as evidence candidate unless project_default.
CAND_ATOM_transfer_learning_fine_tune_epochs,transfer_learning,fine_tune_epochs,20,,,classification,machine_learning,dl_model_slot,transfer_learning_fnirs,,,no,,medium,parameter_status=candidate; retained as evidence candidate unless project_default.
CAND_ATOM_transfer_learning_feature_extraction_mode,transfer_learning,feature_extraction_mode,true,,,classification,machine_learning,dl_model_slot,transfer_learning_fnirs,,,no,,medium,parameter_status=candidate; retained as evidence candidate unless project_default.
CAND_ATOM_hyperparameter_optimization_method,hyperparameter_optimization,method,"""bayesian | random_search | grid_search""",,,model_selection,machine_learning,model_optimization_slot,BayesianOptimization,,,no,,high,parameter_status=candidate; retained as evidence candidate unless project_default.
CAND_ATOM_hyperparameter_optimization_n_trials,hyperparameter_optimization,n_trials,50,,,model_selection,machine_learning,model_optimization_slot,BayesianOptimization,,,no,,high,parameter_status=candidate; retained as evidence candidate unless project_default.
CAND_ATOM_hyperparameter_optimization_scoring,hyperparameter_optimization,scoring,"""accuracy | f1_weighted | roc_auc""",,,model_selection,machine_learning,model_optimization_slot,BayesianOptimization,,,no,,high,parameter_status=candidate; retained as evidence candidate unless project_default.
CAND_ATOM_hyperparameter_optimization_cv_folds,hyperparameter_optimization,cv_folds,5,,,model_selection,machine_learning,model_optimization_slot,BayesianOptimization,,,no,,high,parameter_status=candidate; retained as evidence candidate unless project_default.
CAND_ATOM_hyperparameter_optimization_early_stopping_rounds,hyperparameter_optimization,early_stopping_rounds,10,,,model_selection,machine_learning,model_optimization_slot,BayesianOptimization,,,no,,high,parameter_status=candidate; retained as evidence candidate unless project_default.
CAND_ATOM_hyperparameter_optimization_seed,hyperparameter_optimization,seed,42,,,model_selection,machine_learning,model_optimization_slot,BayesianOptimization,,,no,,high,parameter_status=candidate; retained as evidence candidate unless project_default.
CAND_ATOM_model_interpretability_method,model_interpretability,method,"""gradcam | shap | attention_weights | integrated_gradients""",,,interpretation,machine_learning,interpretation_slot,GradCAM_Selvaraju2017|SHAP_Lundberg2017,,,no,,high,parameter_status=candidate; retained as evidence candidate unless project_default.
CAND_ATOM_model_interpretability_target_layer,model_interpretability,target_layer,"""last_conv | last_transformer_layer""",,,interpretation,machine_learning,interpretation_slot,GradCAM_Selvaraju2017|SHAP_Lundberg2017,,,no,,high,parameter_status=candidate; retained as evidence candidate unless project_default.
CAND_ATOM_model_interpretability_n_samples_shap,model_interpretability,n_samples_shap,100,,,interpretation,machine_learning,interpretation_slot,GradCAM_Selvaraju2017|SHAP_Lundberg2017,,,no,,high,parameter_status=candidate; retained as evidence candidate unless project_default.
CAND_ATOM_subject_wise_cv_n_folds,subject_wise_cross_validation,n_folds,5,,,validation,machine_learning,validation_slot,nested_cv_fnirs,,,no,,high,parameter_status=candidate; retained as evidence candidate unless project_default.
CAND_ATOM_subject_wise_cv_strategy,subject_wise_cross_validation,strategy,"""subject_wise | stratified_subject_wise | leave_one_out""",,,validation,machine_learning,validation_slot,nested_cv_fnirs,,,no,,high,parameter_status=candidate; retained as evidence candidate unless project_default.
CAND_ATOM_subject_wise_cv_nested_cv,subject_wise_cross_validation,nested_cv,true,,,validation,machine_learning,validation_slot,nested_cv_fnirs,,,no,,high,parameter_status=candidate; retained as evidence candidate unless project_default.
CAND_ATOM_subject_wise_cv_outer_folds,subject_wise_cross_validation,outer_folds,5,,,validation,machine_learning,validation_slot,nested_cv_fnirs,,,no,,high,parameter_status=candidate; retained as evidence candidate unless project_default.
CAND_ATOM_subject_wise_cv_inner_folds,subject_wise_cross_validation,inner_folds,3,,,validation,machine_learning,validation_slot,nested_cv_fnirs,,,no,,high,parameter_status=candidate; retained as evidence candidate unless project_default.
CAND_ATOM_subject_wise_cv_seed,subject_wise_cross_validation,seed,42,,,validation,machine_learning,validation_slot,nested_cv_fnirs,,,no,,high,parameter_status=candidate; retained as evidence candidate unless project_default.
CAND_ATOM_dl_short_channel_regression_model_type,dl_short_channel_prediction,model_type,"""transformer | lstm | cnn""",,,preprocessing,machine_learning,dl_preprocessing_slot,Transformer_fNIRS_short_channel,,,no,,high,parameter_status=candidate; retained as evidence candidate unless project_default.
CAND_ATOM_dl_short_channel_regression_prediction_horizon,dl_short_channel_prediction,prediction_horizon,"""instantaneous""",,,preprocessing,machine_learning,dl_preprocessing_slot,Transformer_fNIRS_short_channel,,,no,,high,parameter_status=candidate; retained as evidence candidate unless project_default.
CAND_ATOM_dl_short_channel_regression_loss_function,dl_short_channel_prediction,loss_function,"""mse | mae | huber""",,,preprocessing,machine_learning,dl_preprocessing_slot,Transformer_fNIRS_short_channel,,,no,,high,parameter_status=candidate; retained as evidence candidate unless project_default.
CAND_ATOM_dl_short_channel_regression_training_mode,dl_short_channel_prediction,training_mode,"""offline | online""",,,preprocessing,machine_learning,dl_preprocessing_slot,Transformer_fNIRS_short_channel,,,no,,high,parameter_status=candidate; retained as evidence candidate unless project_default.
CAND_ATOM_domain_adaptation_method,domain_adaptation,method,"""dann | mmd | coral | adversarial""",,,classification,machine_learning,dl_model_slot,DANN_Ganin2016|MMD_Distance,,,no,,medium,parameter_status=candidate; retained as evidence candidate unless project_default.
CAND_ATOM_domain_adaptation_lambda_adversarial,domain_adaptation,lambda_adversarial,1.0,,,classification,machine_learning,dl_model_slot,DANN_Ganin2016|MMD_Distance,,,no,,medium,parameter_status=candidate; retained as evidence candidate unless project_default.
CAND_ATOM_domain_adaptation_feature_extractor,domain_adaptation,feature_extractor,"""cnn | lstm | transformer""",,,classification,machine_learning,dl_model_slot,DANN_Ganin2016|MMD_Distance,,,no,,medium,parameter_status=candidate; retained as evidence candidate unless project_default.
CAND_ATOM_domain_adaptation_classifier,domain_adaptation,classifier,"""mlp""",,,classification,machine_learning,dl_model_slot,DANN_Ganin2016|MMD_Distance,,,no,,medium,parameter_status=candidate; retained as evidence candidate unless project_default.
CAND_ATOM_domain_adaptation_epochs,domain_adaptation,epochs,100,,,classification,machine_learning,dl_model_slot,DANN_Ganin2016|MMD_Distance,,,no,,medium,parameter_status=candidate; retained as evidence candidate unless project_default.
CAND_ATOM_ica_denoising_algorithm,ica_denoising,algorithm,"""fastica | sobi | jade | infomax | erbm""",,,general,preprocessing,motion_correction_slot,NIRS_KIT_ICA|Hyvarinen1999_FastICA|Belouchrani1997_SOBI,,,no,,high,parameter_status=candidate; retained as evidence candidate unless project_default.
CAND_ATOM_ica_denoising_n_components,ica_denoising,n_components,"""auto""",,,general,preprocessing,motion_correction_slot,NIRS_KIT_ICA|Hyvarinen1999_FastICA|Belouchrani1997_SOBI,,,no,,high,parameter_status=candidate; retained as evidence candidate unless project_default.
CAND_ATOM_ica_denoising_max_iter,ica_denoising,max_iter,200,,,general,preprocessing,motion_correction_slot,NIRS_KIT_ICA|Hyvarinen1999_FastICA|Belouchrani1997_SOBI,,,no,,high,parameter_status=candidate; retained as evidence candidate unless project_default.
CAND_ATOM_ica_denoising_tolerance,ica_denoising,tolerance,0.0001,,,general,preprocessing,motion_correction_slot,NIRS_KIT_ICA|Hyvarinen1999_FastICA|Belouchrani1997_SOBI,,,no,,high,parameter_status=candidate; retained as evidence candidate unless project_default.
CAND_ATOM_ica_denoising_whiteening,ica_denoising,whiteening,"""pca | zca""",,,general,preprocessing,motion_correction_slot,NIRS_KIT_ICA|Hyvarinen1999_FastICA|Belouchrani1997_SOBI,,,no,,high,parameter_status=candidate; retained as evidence candidate unless project_default.
CAND_ATOM_ica_denoising_class_method,ica_denoising,class_method,"""automatic | manual""",,,general,preprocessing,motion_correction_slot,NIRS_KIT_ICA|Hyvarinen1999_FastICA|Belouchrani1997_SOBI,,,no,,high,parameter_status=candidate; retained as evidence candidate unless project_default.
CAND_ATOM_ica_denoising_artifact_threshold,ica_denoising,artifact_threshold,2.0,,,general,preprocessing,motion_correction_slot,NIRS_KIT_ICA|Hyvarinen1999_FastICA|Belouchrani1997_SOBI,,,no,,high,parameter_status=candidate; retained as evidence candidate unless project_default.
CAND_ATOM_alff_falff_low_freq_hz,alff_falff,low_freq_hz,0.01,,,resting_state,analysis,resting_connectivity_slot,Zang2007_ALFF|NIRS_KIT_ALFF,,,no,,high,parameter_status=reported; retained as evidence candidate unless project_default.
CAND_ATOM_alff_falff_high_freq_hz,alff_falff,high_freq_hz,0.08,,,resting_state,analysis,resting_connectivity_slot,Zang2007_ALFF|NIRS_KIT_ALFF,,,no,,high,parameter_status=reported; retained as evidence candidate unless project_default.
CAND_ATOM_alff_falff_method,alff_falff,method,"""alff | falff | reho""",,,resting_state,analysis,resting_connectivity_slot,Zang2007_ALFF|NIRS_KIT_ALFF,,,no,,high,parameter_status=candidate; retained as evidence candidate unless project_default.
CAND_ATOM_alff_falff_bandwidth,alff_falff,bandwidth,"""full_band | slow_4 | slow_5""",,,resting_state,analysis,resting_connectivity_slot,Zang2007_ALFF|NIRS_KIT_ALFF,,,no,,high,parameter_status=candidate; retained as evidence candidate unless project_default.
CAND_ATOM_cbsi_correction_alpha,cbsi_correction,alpha,0.6,,,general,preprocessing,motion_correction_slot,Tan2009_CBSI|NIRS_KIT_CBSI,,,no,,high,parameter_status=reported; retained as evidence candidate unless project_default.
CAND_ATOM_cbsi_correction_method,cbsi_correction,method,"""cbsi | cbsi_plus""",,,general,preprocessing,motion_correction_slot,Tan2009_CBSI|NIRS_KIT_CBSI,,,no,,high,parameter_status=candidate; retained as evidence candidate unless project_default.
CAND_ATOM_cbsi_correction_apply_to,cbsi_correction,apply_to,"""hbo_and_hbr | hbo_only""",,,general,preprocessing,motion_correction_slot,Tan2009_CBSI|NIRS_KIT_CBSI,,,no,,high,parameter_status=candidate; retained as evidence candidate unless project_default.
CAND_ATOM_3d_mni_registration_atlas,mni_registration,atlas,"""MNI152 | AAL | Brodmann | DK""",,,general,preprocessing,spatial_registration_slot,NIRS_KIT_TBA|nfri_mni_estimation,,,no,,high,parameter_status=candidate; retained as evidence candidate unless project_default.
CAND_ATOM_3d_mni_registration_interpolation,mni_registration,interpolation,"""nearest | linear""",,,general,preprocessing,spatial_registration_slot,NIRS_KIT_TBA|nfri_mni_estimation,,,no,,high,parameter_status=candidate; retained as evidence candidate unless project_default.
CAND_ATOM_3d_mni_registration_head_model,mni_registration,head_model,"""adult_average | infant | custom""",,,general,preprocessing,spatial_registration_slot,NIRS_KIT_TBA|nfri_mni_estimation,,,no,,high,parameter_status=candidate; retained as evidence candidate unless project_default.
CAND_ATOM_3d_mni_registration_probe_registration,mni_registration,probe_registration,"""manual | automatic""",,,general,preprocessing,spatial_registration_slot,NIRS_KIT_TBA|nfri_mni_estimation,,,no,,high,parameter_status=candidate; retained as evidence candidate unless project_default.
CAND_ATOM_nirs_spm_spatial_registration_projection_software,nirs_spm_spatial_registration_projection,software,"""NIRS-SPM v4 r1""",,,general,preprocessing,spatial_registration_slot,NIRS_SPM_UsersGuide_v4_spatial_registration|SpatialRegistration_fNIRS_Review_23891905,,,no,,high,parameter_status=reported; retained as evidence candidate unless project_default.
CAND_ATOM_nirs_spm_spatial_registration_projection_registration_paths,nirs_spm_spatial_registration_projection,registration_paths,"[""subject_mri_with_3d_digitizer"", ""standalone_manual_mni"", ""standalone_nfri_3d_digitizer""]",,,general,preprocessing,spatial_registration_slot,NIRS_SPM_UsersGuide_v4_spatial_registration|SpatialRegistration_fNIRS_Review_23891905,,,no,,high,parameter_status=reported; retained as evidence candidate unless project_default.
CAND_ATOM_nirs_spm_spatial_registration_projection_mri_registration_algorithm,nirs_spm_spatial_registration_projection,mri_registration_algorithm,"""Horn absolute orientation""",,,general,preprocessing,spatial_registration_slot,NIRS_SPM_UsersGuide_v4_spatial_registration|SpatialRegistration_fNIRS_Review_23891905,,,no,,high,parameter_status=reported; retained as evidence candidate unless project_default.
CAND_ATOM_nirs_spm_spatial_registration_projection_template_registration_algorithm,nirs_spm_spatial_registration_projection,template_registration_algorithm,"""NFRI MNI estimation""",,,general,preprocessing,spatial_registration_slot,NIRS_SPM_UsersGuide_v4_spatial_registration|SpatialRegistration_fNIRS_Review_23891905,,,no,,high,parameter_status=reported; retained as evidence candidate unless project_default.
CAND_ATOM_nirs_spm_spatial_registration_projection_projection_sequence,nirs_spm_spatial_registration_projection,projection_sequence,"[""rendered_brain"", ""hypothetical_head_surface"", ""cortical_surface""]",,,general,preprocessing,spatial_registration_slot,NIRS_SPM_UsersGuide_v4_spatial_registration|SpatialRegistration_fNIRS_Review_23891905,,,no,,high,parameter_status=reported; retained as evidence candidate unless project_default.
CAND_ATOM_nirs_spm_spatial_registration_projection_anatomical_label_sources,nirs_spm_spatial_registration_projection,anatomical_label_sources,"[""AAL"", ""Brodmann MRIcro"", ""LPBA40"", ""Talairach daemon""]",,,general,preprocessing,spatial_registration_slot,NIRS_SPM_UsersGuide_v4_spatial_registration|SpatialRegistration_fNIRS_Review_23891905,,,no,,high,parameter_status=reported; retained as evidence candidate unless project_default.
CAND_ATOM_nirs_spm_spatial_registration_projection_label_function,nirs_spm_spatial_registration_projection,label_function,"""nfri_anatomlabel""",,,general,preprocessing,spatial_registration_slot,NIRS_SPM_UsersGuide_v4_spatial_registration|SpatialRegistration_fNIRS_Review_23891905,,,no,,high,parameter_status=candidate; retained as evidence candidate unless project_default.
CAND_ATOM_nirs_spm_spatial_registration_projection_uncertainty_output,nirs_spm_spatial_registration_projection,uncertainty_output,"""reference_brain_distribution_and_probabilistic_boundary""",,,general,preprocessing,spatial_registration_slot,NIRS_SPM_UsersGuide_v4_spatial_registration|SpatialRegistration_fNIRS_Review_23891905,,,no,,high,parameter_status=candidate; retained as evidence candidate unless project_default.
CAND_ATOM_mutual_information_method,mutual_information,method,"""unbiased | mmse | biased | kernel""",,,resting_state,analysis,resting_connectivity_slot,NIRS_KIT_InfoTheory|Kraskov2004_KernelMI,,,no,,high,parameter_status=candidate; retained as evidence candidate unless project_default.
CAND_ATOM_mutual_information_bins,mutual_information,bins,16,,,resting_state,analysis,resting_connectivity_slot,NIRS_KIT_InfoTheory|Kraskov2004_KernelMI,,,no,,high,parameter_status=candidate; retained as evidence candidate unless project_default.
CAND_ATOM_mutual_information_lag,mutual_information,lag,1,,,resting_state,analysis,resting_connectivity_slot,NIRS_KIT_InfoTheory|Kraskov2004_KernelMI,,,no,,high,parameter_status=candidate; retained as evidence candidate unless project_default.
CAND_ATOM_mutual_information_embedding_dim,mutual_information,embedding_dim,1,,,resting_state,analysis,resting_connectivity_slot,NIRS_KIT_InfoTheory|Kraskov2004_KernelMI,,,no,,high,parameter_status=candidate; retained as evidence candidate unless project_default.
CAND_ATOM_mutual_information_base,mutual_information,base,"""e""",,,resting_state,analysis,resting_connectivity_slot,NIRS_KIT_InfoTheory|Kraskov2004_KernelMI,,,no,,high,parameter_status=candidate; retained as evidence candidate unless project_default.
CAND_ATOM_dpf_calculation_formula,dpf_calculation,formula,"""scholkmann2014 | duncan1995 | CONTIN""",,,general,preprocessing,preprocessing_config_slot,NIRS_KIT_CalcDPF|Scholkmann2014_DPF,,,no,,high,parameter_status=candidate; retained as evidence candidate unless project_default.
CAND_ATOM_dpf_calculation_age_group,dpf_calculation,age_group,"""adult | neonate | infant""",,,general,preprocessing,preprocessing_config_slot,NIRS_KIT_CalcDPF|Scholkmann2014_DPF,,,no,,high,parameter_status=candidate; retained as evidence candidate unless project_default.
CAND_ATOM_dpf_calculation_wavelength_nm,dpf_calculation,wavelength_nm,"""""",,,general,preprocessing,preprocessing_config_slot,NIRS_KIT_CalcDPF|Scholkmann2014_DPF,,,no,,high,parameter_status=candidate; retained as evidence candidate unless project_default.
CAND_ATOM_dpf_calculation_sd_distance_mm,dpf_calculation,sd_distance_mm,"""""",,,general,preprocessing,preprocessing_config_slot,NIRS_KIT_CalcDPF|Scholkmann2014_DPF,,,no,,high,parameter_status=candidate; retained as evidence candidate unless project_default.
CAND_ATOM_graph_theory_metrics_metrics,graph_theory_metrics,metrics,"[""degree"", ""clustering"", ""path_length"", ""efficiency"", ""modularity"", ""small_world"", ""rich_club"", ""assortativity""]",,,resting_state,analysis,network_analysis_slot,NIRS_KIT_graph|Rubinov2010_GraphMetrics,,,no,,high,parameter_status=candidate; retained as evidence candidate unless project_default.
CAND_ATOM_graph_theory_metrics_threshold_method,graph_theory_metrics,threshold_method,"""absolute | proportional | sparsity""",,,resting_state,analysis,network_analysis_slot,NIRS_KIT_graph|Rubinov2010_GraphMetrics,,,no,,high,parameter_status=candidate; retained as evidence candidate unless project_default.
CAND_ATOM_graph_theory_metrics_threshold_value,graph_theory_metrics,threshold_value,0.3,,,resting_state,analysis,network_analysis_slot,NIRS_KIT_graph|Rubinov2010_GraphMetrics,,,no,,high,parameter_status=candidate; retained as evidence candidate unless project_default.
CAND_ATOM_graph_theory_metrics_binary,graph_theory_metrics,binary,false,,,resting_state,analysis,network_analysis_slot,NIRS_KIT_graph|Rubinov2010_GraphMetrics,,,no,,high,parameter_status=candidate; retained as evidence candidate unless project_default.
CAND_ATOM_fisher_z_transform_direction,fisher_z_transform,direction,"""forward | inverse""",,,resting_state,analysis,postprocessing_slot,NIRS_KIT_fisherz|Fisher1921,,,no,,high,parameter_status=candidate; retained as evidence candidate unless project_default.
CAND_ATOM_fisher_z_transform_method,fisher_z_transform,method,"""fisher_z | atanh""",,,resting_state,analysis,postprocessing_slot,NIRS_KIT_fisherz|Fisher1921,,,no,,high,parameter_status=candidate; retained as evidence candidate unless project_default.
CAND_ATOM_signal_separation_method,signal_separation,method,"""yamada_2012""",,,general,preprocessing,preprocessing_slot,Yamada2012_SignalSeparation|NIRS_KIT_Yamada,,,no,,high,parameter_status=reported; retained as evidence candidate unless project_default.
CAND_ATOM_signal_separation_kf,signal_separation,kf,-0.6,,,general,preprocessing,preprocessing_slot,Yamada2012_SignalSeparation|NIRS_KIT_Yamada,,,no,,high,parameter_status=reported; retained as evidence candidate unless project_default.
CAND_ATOM_signal_separation_step,signal_separation,step,0.05,,,general,preprocessing,preprocessing_slot,Yamada2012_SignalSeparation|NIRS_KIT_Yamada,,,no,,high,parameter_status=reported; retained as evidence candidate unless project_default.
CAND_ATOM_signal_separation_apply_to,signal_separation,apply_to,"""hbo_and_hbr""",,,general,preprocessing,preprocessing_slot,Yamada2012_SignalSeparation|NIRS_KIT_Yamada,,,no,,high,parameter_status=candidate; retained as evidence candidate unless project_default.
CAND_ATOM_dot_head_model_brain_seg_types,head_model_construction,brain_seg_types,"[""cortex""]",,,dot,analysis,dot_slot,Cedalion_TwoSurfaceHeadModel,,,no,,high,parameter_status=reported; retained as evidence candidate unless project_default.
CAND_ATOM_dot_head_model_scalp_seg_types,head_model_construction,scalp_seg_types,"[""skin""]",,,dot,analysis,dot_slot,Cedalion_TwoSurfaceHeadModel,,,no,,high,parameter_status=reported; retained as evidence candidate unless project_default.
CAND_ATOM_dot_head_model_smoothing,head_model_construction,smoothing,5,,,dot,analysis,dot_slot,Cedalion_TwoSurfaceHeadModel,,,no,,high,parameter_status=candidate; retained as evidence candidate unless project_default.
CAND_ATOM_dot_head_model_brain_face_count,head_model_construction,brain_face_count,30000,,,dot,analysis,dot_slot,Cedalion_TwoSurfaceHeadModel,,,no,,high,parameter_status=candidate; retained as evidence candidate unless project_default.
CAND_ATOM_dot_head_model_scalp_face_count,head_model_construction,scalp_face_count,30000,,,dot,analysis,dot_slot,Cedalion_TwoSurfaceHeadModel,,,no,,high,parameter_status=candidate; retained as evidence candidate unless project_default.
CAND_ATOM_dot_head_model_atlas,head_model_construction,atlas,"""ICBM152 | Colin27 | custom""",,,dot,analysis,dot_slot,Cedalion_TwoSurfaceHeadModel,,,no,,high,parameter_status=candidate; retained as evidence candidate unless project_default.
CAND_ATOM_dot_forward_model_method,forward_model_simulation,method,"""MCX | NIRFASTer""",,,dot,analysis,dot_slot,Cedalion_ForwardModel|Fang2009_MCX,,,no,,high,parameter_status=candidate; retained as evidence candidate unless project_default.
CAND_ATOM_dot_forward_model_n_photons,forward_model_simulation,n_photons,1000000,,,dot,analysis,dot_slot,Cedalion_ForwardModel|Fang2009_MCX,,,no,,high,parameter_status=candidate; retained as evidence candidate unless project_default.
CAND_ATOM_dot_forward_model_gpu,forward_model_simulation,gpu,true,,,dot,analysis,dot_slot,Cedalion_ForwardModel|Fang2009_MCX,,,no,,high,parameter_status=candidate; retained as evidence candidate unless project_default.
CAND_ATOM_dot_forward_model_tissue_properties,forward_model_simulation,tissue_properties,"""default | custom""",,,dot,analysis,dot_slot,Cedalion_ForwardModel|Fang2009_MCX,,,no,,high,parameter_status=candidate; retained as evidence candidate unless project_default.
CAND_ATOM_dot_forward_model_wavelengths_nm,forward_model_simulation,wavelengths_nm,"[690, 830]",,,dot,analysis,dot_slot,Cedalion_ForwardModel|Fang2009_MCX,,,no,,high,parameter_status=candidate; retained as evidence candidate unless project_default.
CAND_ATOM_dot_image_recon_method,image_reconstruction,method,"""Tikhonov | SBF_gaussians""",,,dot,analysis,dot_slot,Cedalion_ImageRecon|Carlton2026,,,no,,high,parameter_status=candidate; retained as evidence candidate unless project_default.
CAND_ATOM_dot_image_recon_alpha_meas,image_reconstruction,alpha_meas,0.001,,,dot,analysis,dot_slot,Cedalion_ImageRecon|Carlton2026,,,no,,high,parameter_status=candidate; retained as evidence candidate unless project_default.
CAND_ATOM_dot_image_recon_alpha_spatial,image_reconstruction,alpha_spatial,0.01,,,dot,analysis,dot_slot,Cedalion_ImageRecon|Carlton2026,,,no,,high,parameter_status=candidate; retained as evidence candidate unless project_default.
CAND_ATOM_dot_image_recon_regularization,image_reconstruction,regularization,"""L1 | L2""",,,dot,analysis,dot_slot,Cedalion_ImageRecon|Carlton2026,,,no,,high,parameter_status=candidate; retained as evidence candidate unless project_default.
CAND_ATOM_dot_image_recon_basis_functions,image_reconstruction,basis_functions,"""gaussian_dense | gaussian_sparse""",,,dot,analysis,dot_slot,Cedalion_ImageRecon|Carlton2026,,,no,,high,parameter_status=candidate; retained as evidence candidate unless project_default.
CAND_ATOM_dot_tissue_properties_tissue_types,tissue_properties,tissue_types,"[""skin"", ""skull"", ""csf"", ""gray_matter"", ""white_matter""]",,,dot,analysis,dot_config_slot,Cedalion_TissueProperties,,,no,,medium,parameter_status=candidate; retained as evidence candidate unless project_default.
CAND_ATOM_dot_tissue_properties_wavelengths_nm,tissue_properties,wavelengths_nm,"[690, 830]",,,dot,analysis,dot_config_slot,Cedalion_TissueProperties,,,no,,medium,parameter_status=candidate; retained as evidence candidate unless project_default.
CAND_ATOM_dot_tissue_properties_source,tissue_properties,source,"""default_literature | custom""",,,dot,analysis,dot_config_slot,Cedalion_TissueProperties,,,no,,medium,parameter_status=candidate; retained as evidence candidate unless project_default.
CAND_ATOM_photogrammetry_coregistration_method,photogrammetry_coregistration,method,"""colored_sticker | fiducial_manual""",,,general,preprocessing,spatial_registration_slot,Cedalion_Photogrammetry|Jenko2023,,,no,,medium,parameter_status=candidate; retained as evidence candidate unless project_default.
CAND_ATOM_photogrammetry_coregistration_sticker_colors,photogrammetry_coregistration,sticker_colors,"[""red"", ""green"", ""blue"", ""yellow""]",,,general,preprocessing,spatial_registration_slot,Cedalion_Photogrammetry|Jenko2023,,,no,,medium,parameter_status=candidate; retained as evidence candidate unless project_default.
CAND_ATOM_photogrammetry_coregistration_clustering,photogrammetry_coregistration,clustering,"""DBSCAN""",,,general,preprocessing,spatial_registration_slot,Cedalion_Photogrammetry|Jenko2023,,,no,,medium,parameter_status=candidate; retained as evidence candidate unless project_default.
CAND_ATOM_photogrammetry_coregistration_surface_snap,photogrammetry_coregistration,surface_snap,true,,,general,preprocessing,spatial_registration_slot,Cedalion_Photogrammetry|Jenko2023,,,no,,medium,parameter_status=candidate; retained as evidence candidate unless project_default.
CAND_ATOM_spoc_decomposition_n_components,spoc_decomposition,n_components,5,,,general,preprocessing,signal_decomposition_slot,Cedalion_SpOC|Dahne2014,,,no,,medium,parameter_status=candidate; retained as evidence candidate unless project_default.
CAND_ATOM_spoc_decomposition_method,spoc_decomposition,method,"""spoc | cca""",,,general,preprocessing,signal_decomposition_slot,Cedalion_SpOC|Dahne2014,,,no,,medium,parameter_status=candidate; retained as evidence candidate unless project_default.
CAND_ATOM_spoc_decomposition_regularization,spoc_decomposition,regularization,"""none | L1 | L2""",,,general,preprocessing,signal_decomposition_slot,Cedalion_SpOC|Dahne2014,,,no,,medium,parameter_status=candidate; retained as evidence candidate unless project_default.
CAND_ATOM_spoc_decomposition_max_iter,spoc_decomposition,max_iter,1000,,,general,preprocessing,signal_decomposition_slot,Cedalion_SpOC|Dahne2014,,,no,,medium,parameter_status=candidate; retained as evidence candidate unless project_default.
CAND_ATOM_ica_signal_decomposition_method,ica_signal_decomposition,method,"""EBM | ERBM""",,,general,preprocessing,signal_decomposition_slot,Cedalion_ICA_EBM|Cedalion_ICA_ERBM,,,no,,medium,parameter_status=candidate; retained as evidence candidate unless project_default.
CAND_ATOM_ica_signal_decomposition_n_components,ica_signal_decomposition,n_components,"""auto""",,,general,preprocessing,signal_decomposition_slot,Cedalion_ICA_EBM|Cedalion_ICA_ERBM,,,no,,medium,parameter_status=candidate; retained as evidence candidate unless project_default.
CAND_ATOM_ica_signal_decomposition_max_iter,ica_signal_decomposition,max_iter,200,,,general,preprocessing,signal_decomposition_slot,Cedalion_ICA_EBM|Cedalion_ICA_ERBM,,,no,,medium,parameter_status=candidate; retained as evidence candidate unless project_default.
CAND_ATOM_ica_signal_decomposition_convergence_tol,ica_signal_decomposition,convergence_tol,0.0001,,,general,preprocessing,signal_decomposition_slot,Cedalion_ICA_EBM|Cedalion_ICA_ERBM,,,no,,medium,parameter_status=candidate; retained as evidence candidate unless project_default.
CAND_ATOM_multimodal_signal_decomposition_method,multimodal_decomposition,method,"""MSPoC | tCCA | ARC_EBM | ARC_ERBM""",,,general,analysis,signal_decomposition_slot,Cedalion_MSPoC|Cedalion_tCCA|Dahne2014,,,no,,medium,parameter_status=candidate; retained as evidence candidate unless project_default.
CAND_ATOM_multimodal_signal_decomposition_n_components,multimodal_decomposition,n_components,5,,,general,analysis,signal_decomposition_slot,Cedalion_MSPoC|Cedalion_tCCA|Dahne2014,,,no,,medium,parameter_status=candidate; retained as evidence candidate unless project_default.
CAND_ATOM_multimodal_signal_decomposition_auxiliary_modalities,multimodal_decomposition,auxiliary_modalities,"[""EEG"", ""MEG"", ""physiological""]",,,general,analysis,signal_decomposition_slot,Cedalion_MSPoC|Cedalion_tCCA|Dahne2014,,,no,,medium,parameter_status=candidate; retained as evidence candidate unless project_default.
CAND_ATOM_synthetic_hrf_generation_spatial_scale_cm,synthetic_hrf_generation,spatial_scale_cm,1.0,,,general,analysis,simulation_slot,Cedalion_SyntheticHRF,,,no,,medium,parameter_status=candidate; retained as evidence candidate unless project_default.
CAND_ATOM_synthetic_hrf_generation_intensity_uM,synthetic_hrf_generation,intensity_uM,1.0,,,general,analysis,simulation_slot,Cedalion_SyntheticHRF,,,no,,medium,parameter_status=candidate; retained as evidence candidate unless project_default.
CAND_ATOM_synthetic_hrf_generation_hrf_model,synthetic_hrf_generation,hrf_model,"""double_gamma | gaussian""",,,general,analysis,simulation_slot,Cedalion_SyntheticHRF,,,no,,medium,parameter_status=candidate; retained as evidence candidate unless project_default.
CAND_ATOM_synthetic_hrf_generation_trial_types,synthetic_hrf_generation,trial_types,"[""Stim""]",,,general,analysis,simulation_slot,Cedalion_SyntheticHRF,,,no,,medium,parameter_status=candidate; retained as evidence candidate unless project_default.
CAND_ATOM_synthetic_hrf_generation_stim_duration_s,synthetic_hrf_generation,stim_duration_s,10,,,general,analysis,simulation_slot,Cedalion_SyntheticHRF,,,no,,medium,parameter_status=candidate; retained as evidence candidate unless project_default.
CAND_ATOM_synthetic_hrf_generation_isi_range_s,synthetic_hrf_generation,isi_range_s,"[10, 30]",,,general,analysis,simulation_slot,Cedalion_SyntheticHRF,,,no,,medium,parameter_status=candidate; retained as evidence candidate unless project_default.
CAND_ATOM_synthetic_artifact_generation_artifact_types,synthetic_artifact_generation,artifact_types,"[""baseline_shift"", ""spike"", ""motion"", ""muscle""]",,,general,analysis,simulation_slot,Cedalion_SyntheticArtifact,,,no,,medium,parameter_status=candidate; retained as evidence candidate unless project_default.
CAND_ATOM_synthetic_artifact_generation_n_artifacts,synthetic_artifact_generation,n_artifacts,5,,,general,analysis,simulation_slot,Cedalion_SyntheticArtifact,,,no,,medium,parameter_status=candidate; retained as evidence candidate unless project_default.
CAND_ATOM_synthetic_artifact_generation_amplitude_range,synthetic_artifact_generation,amplitude_range,"[0.1, 1.0]",,,general,analysis,simulation_slot,Cedalion_SyntheticArtifact,,,no,,medium,parameter_status=candidate; retained as evidence candidate unless project_default.
CAND_ATOM_synthetic_artifact_generation_duration_range_s,synthetic_artifact_generation,duration_range_s,"[0.5, 2.0]",,,general,analysis,simulation_slot,Cedalion_SyntheticArtifact,,,no,,medium,parameter_status=candidate; retained as evidence candidate unless project_default.
CAND_ATOM_epoch_feature_extraction_feature_types,epoch_feature_extraction,feature_types,"[""slope"", ""mean"", ""max"", ""min"", ""auc""]",,,general,machine_learning,feature_extraction_slot,Cedalion_EpochFeatures,,,no,,medium,parameter_status=candidate; retained as evidence candidate unless project_default.
CAND_ATOM_epoch_feature_extraction_reltime_windows,epoch_feature_extraction,reltime_windows,"{""slope"": [0, 10], ""mean"": [5, 15]}",,,general,machine_learning,feature_extraction_slot,Cedalion_EpochFeatures,,,no,,medium,parameter_status=candidate; retained as evidence candidate unless project_default.
CAND_ATOM_epoch_feature_extraction_stack_dims,epoch_feature_extraction,stack_dims,"[""channel"", ""chromophore""]",,,general,machine_learning,feature_extraction_slot,Cedalion_EpochFeatures,,,no,,medium,parameter_status=candidate; retained as evidence candidate unless project_default.
CAND_ATOM_glm_basis_functions_basis_type,glm_basis_functions,basis_type,"""gamma | gaussian_kernels | dirac_delta""",,,task_based,analysis,analysis_config_slot,Cedalion_GLM_BasisFunctions,,,no,,medium,parameter_status=candidate; retained as evidence candidate unless project_default.
CAND_ATOM_glm_basis_functions_n_basis,glm_basis_functions,n_basis,3,,,task_based,analysis,analysis_config_slot,Cedalion_GLM_BasisFunctions,,,no,,medium,parameter_status=candidate; retained as evidence candidate unless project_default.
CAND_ATOM_glm_basis_functions_temporal_extent_s,glm_basis_functions,temporal_extent_s,32,,,task_based,analysis,analysis_config_slot,Cedalion_GLM_BasisFunctions,,,no,,medium,parameter_status=candidate; retained as evidence candidate unless project_default.
CAND_ATOM_glm_basis_functions_oversampling,glm_basis_functions,oversampling,10,,,task_based,analysis,analysis_config_slot,Cedalion_GLM_BasisFunctions,,,no,,medium,parameter_status=candidate; retained as evidence candidate unless project_default.
CAND_ATOM_glm_basis_functions_parameters,glm_basis_functions,parameters,"{""gamma"": {""tau"": 6, ""sigma"": 1}}",,,task_based,analysis,analysis_config_slot,Cedalion_GLM_BasisFunctions,,,no,,medium,parameter_status=candidate; retained as evidence candidate unless project_default.
CAND_ATOM_glm_design_matrix_drift_order,glm_design_matrix_construction,drift_order,3,,,task_based,analysis,analysis_slot,Cedalion_GLM_DesignMatrix,,,no,,medium,parameter_status=candidate; retained as evidence candidate unless project_default.
CAND_ATOM_glm_design_matrix_hrf_model,glm_design_matrix_construction,hrf_model,"""canonical | custom_basis""",,,task_based,analysis,analysis_slot,Cedalion_GLM_DesignMatrix,,,no,,medium,parameter_status=candidate; retained as evidence candidate unless project_default.
CAND_ATOM_glm_design_matrix_include_constant,glm_design_matrix_construction,include_constant,true,,,task_based,analysis,analysis_slot,Cedalion_GLM_DesignMatrix,,,no,,medium,parameter_status=candidate; retained as evidence candidate unless project_default.
CAND_ATOM_glm_design_matrix_short_channel_regression,glm_design_matrix_construction,short_channel_regression,true,,,task_based,analysis,analysis_slot,Cedalion_GLM_DesignMatrix,,,no,,medium,parameter_status=candidate; retained as evidence candidate unless project_default.
CAND_ATOM_glm_fit_with_uncertainty_method,glm_fit_with_uncertainty,method,"""OLS | weighted_LS""",,,task_based,analysis,analysis_slot,Cedalion_GLM_Fit,,,no,,medium,parameter_status=candidate; retained as evidence candidate unless project_default.
CAND_ATOM_glm_fit_with_uncertainty_confidence_level,glm_fit_with_uncertainty,confidence_level,0.95,,,task_based,analysis,analysis_slot,Cedalion_GLM_Fit,,,no,,medium,parameter_status=candidate; retained as evidence candidate unless project_default.
CAND_ATOM_glm_fit_with_uncertainty_compute_diagnostics,glm_fit_with_uncertainty,compute_diagnostics,true,,,task_based,analysis,analysis_slot,Cedalion_GLM_Fit,,,no,,medium,parameter_status=candidate; retained as evidence candidate unless project_default.
CAND_ATOM_glm_fit_with_uncertainty_heteroscedasticity_test,glm_fit_with_uncertainty,heteroscedasticity_test,true,,,task_based,analysis,analysis_slot,Cedalion_GLM_Fit,,,no,,medium,parameter_status=candidate; retained as evidence candidate unless project_default.
CAND_ATOM_psp_quality_metric_window_length_s,peak_spectral_power,window_length_s,10,,,general,qc,signal_qc_slot,Cedalion_PSP|Pollonini2014,,,no,,high,parameter_status=candidate; retained as evidence candidate unless project_default.
CAND_ATOM_psp_quality_metric_psp_threshold,peak_spectral_power,psp_threshold,0.1,,,general,qc,signal_qc_slot,Cedalion_PSP|Pollonini2014,,,no,,high,parameter_status=candidate; retained as evidence candidate unless project_default.
CAND_ATOM_psp_quality_metric_cardiac_fmin_hz,peak_spectral_power,cardiac_fmin_hz,0.5,,,general,qc,signal_qc_slot,Cedalion_PSP|Pollonini2014,,,no,,high,parameter_status=candidate; retained as evidence candidate unless project_default.
CAND_ATOM_psp_quality_metric_cardiac_fmax_hz,peak_spectral_power,cardiac_fmax_hz,2.5,,,general,qc,signal_qc_slot,Cedalion_PSP|Pollonini2014,,,no,,high,parameter_status=candidate; retained as evidence candidate unless project_default.
CAND_ATOM_channel_distance_computation_short_channel_threshold_mm,channel_distance_computation,short_channel_threshold_mm,15,,,general,preprocessing,geometry_slot,Cedalion_ChannelDistances,,,no,,medium,parameter_status=candidate; retained as evidence candidate unless project_default.
CAND_ATOM_channel_distance_computation_long_channel_threshold_mm,channel_distance_computation,long_channel_threshold_mm,25,,,general,preprocessing,geometry_slot,Cedalion_ChannelDistances,,,no,,medium,parameter_status=candidate; retained as evidence candidate unless project_default.
CAND_ATOM_channel_distance_computation_distance_metric,channel_distance_computation,distance_metric,"""euclidean""",,,general,preprocessing,geometry_slot,Cedalion_ChannelDistances,,,no,,medium,parameter_status=candidate; retained as evidence candidate unless project_default.
CAND_ATOM_extinction_coefficients_spectrum,extinction_coefficients,spectrum,"""prahl | matlab_hb""",,,general,preprocessing,preprocessing_config_slot,Cedalion_ExtinctionCoefficients,,,no,,medium,parameter_status=candidate; retained as evidence candidate unless project_default.
CAND_ATOM_extinction_coefficients_chromophores,extinction_coefficients,chromophores,"[""HbO"", ""HbR""]",,,general,preprocessing,preprocessing_config_slot,Cedalion_ExtinctionCoefficients,,,no,,medium,parameter_status=candidate; retained as evidence candidate unless project_default.
CAND_ATOM_extinction_coefficients_interpolation,extinction_coefficients,interpolation,"""linear | cubic""",,,general,preprocessing,preprocessing_config_slot,Cedalion_ExtinctionCoefficients,,,no,,medium,parameter_status=candidate; retained as evidence candidate unless project_default.
