source_id,study_id,title,year,doi,pmid,pmcid,source_path_or_url,content_level,source_type,access_date,extraction_method,notes
SRC_19154918,builtin,Bundled extracted evidence source,,,,,atom_evidence_links.csv,metadata_only,bundled_extraction,2026-08-22,existing_repository_resource,Bibliographic title/year/DOI were not present in the bundled evidence-link resource.
SRC_20542078,builtin,Bundled extracted evidence source,,,,,atom_evidence_links.csv,metadata_only,bundled_extraction,2026-08-22,existing_repository_resource,Bibliographic title/year/DOI were not present in the bundled evidence-link resource.
SRC_23774396,builtin,Bundled extracted evidence source,,,,,atom_evidence_links.csv,metadata_only,bundled_extraction,2026-08-22,existing_repository_resource,Bibliographic title/year/DOI were not present in the bundled evidence-link resource.
SRC_23782549,builtin,Bundled extracted evidence source,,,,,atom_evidence_links.csv,metadata_only,bundled_extraction,2026-08-22,existing_repository_resource,Bibliographic title/year/DOI were not present in the bundled evidence-link resource.
SRC_23891905,builtin,Bundled extracted evidence source,,,,,atom_evidence_links.csv,metadata_only,bundled_extraction,2026-08-22,existing_repository_resource,Bibliographic title/year/DOI were not present in the bundled evidence-link resource.
SRC_24481411,builtin,Bundled extracted evidence source,,,,,atom_evidence_links.csv,metadata_only,bundled_extraction,2026-08-22,existing_repository_resource,Bibliographic title/year/DOI were not present in the bundled evidence-link resource.
SRC_24897940,builtin,Bundled extracted evidence source,,,,,atom_evidence_links.csv,metadata_only,bundled_extraction,2026-08-22,existing_repository_resource,Bibliographic title/year/DOI were not present in the bundled evidence-link resource.
SRC_25079033,builtin,Bundled extracted evidence source,,,,,atom_evidence_links.csv,metadata_only,bundled_extraction,2026-08-22,existing_repository_resource,Bibliographic title/year/DOI were not present in the bundled evidence-link resource.
SRC_25108906,builtin,Bundled extracted evidence source,,,,,atom_evidence_links.csv,metadata_only,bundled_extraction,2026-08-22,existing_repository_resource,Bibliographic title/year/DOI were not present in the bundled evidence-link resource.
SRC_27028004,builtin,Bundled extracted evidence source,,,,,atom_evidence_links.csv,metadata_only,bundled_extraction,2026-08-22,existing_repository_resource,Bibliographic title/year/DOI were not present in the bundled evidence-link resource.
SRC_28046043,builtin,Bundled extracted evidence source,,,,,atom_evidence_links.csv,metadata_only,bundled_extraction,2026-08-22,existing_repository_resource,Bibliographic title/year/DOI were not present in the bundled evidence-link resource.
SRC_28519903,builtin,Bundled extracted evidence source,,,,,atom_evidence_links.csv,metadata_only,bundled_extraction,2026-08-22,existing_repository_resource,Bibliographic title/year/DOI were not present in the bundled evidence-link resource.
SRC_28800981,builtin,Bundled extracted evidence source,,,,,atom_evidence_links.csv,metadata_only,bundled_extraction,2026-08-22,existing_repository_resource,Bibliographic title/year/DOI were not present in the bundled evidence-link resource.
SRC_29017917,builtin,Bundled extracted evidence source,,,,,atom_evidence_links.csv,metadata_only,bundled_extraction,2026-08-22,existing_repository_resource,Bibliographic title/year/DOI were not present in the bundled evidence-link resource.
SRC_29494335,builtin,Bundled extracted evidence source,,,,,atom_evidence_links.csv,metadata_only,bundled_extraction,2026-08-22,existing_repository_resource,Bibliographic title/year/DOI were not present in the bundled evidence-link resource.
SRC_29727022,builtin,Bundled extracted evidence source,,,,,atom_evidence_links.csv,metadata_only,bundled_extraction,2026-08-22,existing_repository_resource,Bibliographic title/year/DOI were not present in the bundled evidence-link resource.
SRC_30449602,builtin,Bundled extracted evidence source,,,,,atom_evidence_links.csv,metadata_only,bundled_extraction,2026-08-22,existing_repository_resource,Bibliographic title/year/DOI were not present in the bundled evidence-link resource.
SRC_30664885,builtin,Bundled extracted evidence source,,,,,atom_evidence_links.csv,metadata_only,bundled_extraction,2026-08-22,existing_repository_resource,Bibliographic title/year/DOI were not present in the bundled evidence-link resource.
SRC_30737572,builtin,Bundled extracted evidence source,,,,,atom_evidence_links.csv,metadata_only,bundled_extraction,2026-08-22,existing_repository_resource,Bibliographic title/year/DOI were not present in the bundled evidence-link resource.
SRC_31306264,builtin,Bundled extracted evidence source,,,,,atom_evidence_links.csv,metadata_only,bundled_extraction,2026-08-22,existing_repository_resource,Bibliographic title/year/DOI were not present in the bundled evidence-link resource.
SRC_32077780,builtin,Bundled extracted evidence source,,,,,atom_evidence_links.csv,metadata_only,bundled_extraction,2026-08-22,existing_repository_resource,Bibliographic title/year/DOI were not present in the bundled evidence-link resource.
SRC_32120065,builtin,Bundled extracted evidence source,,,,,atom_evidence_links.csv,metadata_only,bundled_extraction,2026-08-22,existing_repository_resource,Bibliographic title/year/DOI were not present in the bundled evidence-link resource.
SRC_32412988,builtin,Bundled extracted evidence source,,,,,atom_evidence_links.csv,metadata_only,bundled_extraction,2026-08-22,existing_repository_resource,Bibliographic title/year/DOI were not present in the bundled evidence-link resource.
SRC_32821023,builtin,Bundled extracted evidence source,,,,,atom_evidence_links.csv,metadata_only,bundled_extraction,2026-08-22,existing_repository_resource,Bibliographic title/year/DOI were not present in the bundled evidence-link resource.
SRC_32959167,builtin,Bundled extracted evidence source,,,,,atom_evidence_links.csv,metadata_only,bundled_extraction,2026-08-22,existing_repository_resource,Bibliographic title/year/DOI were not present in the bundled evidence-link resource.
SRC_33333181,builtin,Bundled extracted evidence source,,,,,atom_evidence_links.csv,metadata_only,bundled_extraction,2026-08-22,existing_repository_resource,Bibliographic title/year/DOI were not present in the bundled evidence-link resource.
SRC_33359349,builtin,Bundled extracted evidence source,,,,,atom_evidence_links.csv,metadata_only,bundled_extraction,2026-08-22,existing_repository_resource,Bibliographic title/year/DOI were not present in the bundled evidence-link resource.
SRC_34146793,builtin,Bundled extracted evidence source,,,,,atom_evidence_links.csv,metadata_only,bundled_extraction,2026-08-22,existing_repository_resource,Bibliographic title/year/DOI were not present in the bundled evidence-link resource.
SRC_34171982,builtin,Bundled extracted evidence source,,,,,atom_evidence_links.csv,metadata_only,bundled_extraction,2026-08-22,existing_repository_resource,Bibliographic title/year/DOI were not present in the bundled evidence-link resource.
SRC_34667270,builtin,Bundled extracted evidence source,,,,,atom_evidence_links.csv,metadata_only,bundled_extraction,2026-08-22,existing_repository_resource,Bibliographic title/year/DOI were not present in the bundled evidence-link resource.
SRC_35112526,builtin,Bundled extracted evidence source,,,,,atom_evidence_links.csv,metadata_only,bundled_extraction,2026-08-22,existing_repository_resource,Bibliographic title/year/DOI were not present in the bundled evidence-link resource.
SRC_35123299,builtin,Bundled extracted evidence source,,,,,atom_evidence_links.csv,metadata_only,bundled_extraction,2026-08-22,existing_repository_resource,Bibliographic title/year/DOI were not present in the bundled evidence-link resource.
SRC_35344941,builtin,Bundled extracted evidence source,,,,,atom_evidence_links.csv,metadata_only,bundled_extraction,2026-08-22,existing_repository_resource,Bibliographic title/year/DOI were not present in the bundled evidence-link resource.
SRC_35357703,builtin,Bundled extracted evidence source,,,,,atom_evidence_links.csv,metadata_only,bundled_extraction,2026-08-22,existing_repository_resource,Bibliographic title/year/DOI were not present in the bundled evidence-link resource.
SRC_35378665,builtin,Bundled extracted evidence source,,,,,atom_evidence_links.csv,metadata_only,bundled_extraction,2026-08-22,existing_repository_resource,Bibliographic title/year/DOI were not present in the bundled evidence-link resource.
SRC_36242719,builtin,Bundled extracted evidence source,,,,,atom_evidence_links.csv,metadata_only,bundled_extraction,2026-08-22,existing_repository_resource,Bibliographic title/year/DOI were not present in the bundled evidence-link resource.
SRC_36621584,builtin,Bundled extracted evidence source,,,,,atom_evidence_links.csv,metadata_only,bundled_extraction,2026-08-22,existing_repository_resource,Bibliographic title/year/DOI were not present in the bundled evidence-link resource.
SRC_37003561,builtin,Bundled extracted evidence source,,,,,atom_evidence_links.csv,metadata_only,bundled_extraction,2026-08-22,existing_repository_resource,Bibliographic title/year/DOI were not present in the bundled evidence-link resource.
SRC_37356550,builtin,Bundled extracted evidence source,,,,,atom_evidence_links.csv,metadata_only,bundled_extraction,2026-08-22,existing_repository_resource,Bibliographic title/year/DOI were not present in the bundled evidence-link resource.
SRC_37862569,builtin,Bundled extracted evidence source,,,,,atom_evidence_links.csv,metadata_only,bundled_extraction,2026-08-22,existing_repository_resource,Bibliographic title/year/DOI were not present in the bundled evidence-link resource.
SRC_37948131,builtin,Bundled extracted evidence source,,,,,atom_evidence_links.csv,metadata_only,bundled_extraction,2026-08-22,existing_repository_resource,Bibliographic title/year/DOI were not present in the bundled evidence-link resource.
SRC_38019047,builtin,Bundled extracted evidence source,,,,,atom_evidence_links.csv,metadata_only,bundled_extraction,2026-08-22,existing_repository_resource,Bibliographic title/year/DOI were not present in the bundled evidence-link resource.
SRC_38295965,builtin,Bundled extracted evidence source,,,,,atom_evidence_links.csv,metadata_only,bundled_extraction,2026-08-22,existing_repository_resource,Bibliographic title/year/DOI were not present in the bundled evidence-link resource.
SRC_38343363,builtin,Bundled extracted evidence source,,,,,atom_evidence_links.csv,metadata_only,bundled_extraction,2026-08-22,existing_repository_resource,Bibliographic title/year/DOI were not present in the bundled evidence-link resource.
SRC_38653901,builtin,Bundled extracted evidence source,,,,,atom_evidence_links.csv,metadata_only,bundled_extraction,2026-08-22,existing_repository_resource,Bibliographic title/year/DOI were not present in the bundled evidence-link resource.
SRC_38697274,builtin,Bundled extracted evidence source,,,,,atom_evidence_links.csv,metadata_only,bundled_extraction,2026-08-22,existing_repository_resource,Bibliographic title/year/DOI were not present in the bundled evidence-link resource.
SRC_38807326,builtin,Bundled extracted evidence source,,,,,atom_evidence_links.csv,metadata_only,bundled_extraction,2026-08-22,existing_repository_resource,Bibliographic title/year/DOI were not present in the bundled evidence-link resource.
SRC_38908228,builtin,Bundled extracted evidence source,,,,,atom_evidence_links.csv,metadata_only,bundled_extraction,2026-08-22,existing_repository_resource,Bibliographic title/year/DOI were not present in the bundled evidence-link resource.
SRC_39027968,builtin,Bundled extracted evidence source,,,,,atom_evidence_links.csv,metadata_only,bundled_extraction,2026-08-22,existing_repository_resource,Bibliographic title/year/DOI were not present in the bundled evidence-link resource.
SRC_39059341,builtin,Bundled extracted evidence source,,,,,atom_evidence_links.csv,metadata_only,bundled_extraction,2026-08-22,existing_repository_resource,Bibliographic title/year/DOI were not present in the bundled evidence-link resource.
SRC_39570907,builtin,Bundled extracted evidence source,,,,,atom_evidence_links.csv,metadata_only,bundled_extraction,2026-08-22,existing_repository_resource,Bibliographic title/year/DOI were not present in the bundled evidence-link resource.
SRC_39701521,builtin,Bundled extracted evidence source,,,,,atom_evidence_links.csv,metadata_only,bundled_extraction,2026-08-22,existing_repository_resource,Bibliographic title/year/DOI were not present in the bundled evidence-link resource.
SRC_39866657,builtin,Bundled extracted evidence source,,,,,atom_evidence_links.csv,metadata_only,bundled_extraction,2026-08-22,existing_repository_resource,Bibliographic title/year/DOI were not present in the bundled evidence-link resource.
SRC_40009183,builtin,Bundled extracted evidence source,,,,,atom_evidence_links.csv,metadata_only,bundled_extraction,2026-08-22,existing_repository_resource,Bibliographic title/year/DOI were not present in the bundled evidence-link resource.
SRC_40059266,builtin,Bundled extracted evidence source,,,,,atom_evidence_links.csv,metadata_only,bundled_extraction,2026-08-22,existing_repository_resource,Bibliographic title/year/DOI were not present in the bundled evidence-link resource.
SRC_40071762,builtin,Bundled extracted evidence source,,,,,atom_evidence_links.csv,metadata_only,bundled_extraction,2026-08-22,existing_repository_resource,Bibliographic title/year/DOI were not present in the bundled evidence-link resource.
SRC_40191173,builtin,Bundled extracted evidence source,,,,,atom_evidence_links.csv,metadata_only,bundled_extraction,2026-08-22,existing_repository_resource,Bibliographic title/year/DOI were not present in the bundled evidence-link resource.
SRC_40220585,builtin,Bundled extracted evidence source,,,,,atom_evidence_links.csv,metadata_only,bundled_extraction,2026-08-22,existing_repository_resource,Bibliographic title/year/DOI were not present in the bundled evidence-link resource.
SRC_40316680,builtin,Bundled extracted evidence source,,,,,atom_evidence_links.csv,metadata_only,bundled_extraction,2026-08-22,existing_repository_resource,Bibliographic title/year/DOI were not present in the bundled evidence-link resource.
SRC_40490003,builtin,Bundled extracted evidence source,,,,,atom_evidence_links.csv,metadata_only,bundled_extraction,2026-08-22,existing_repository_resource,Bibliographic title/year/DOI were not present in the bundled evidence-link resource.
SRC_40606568,builtin,Bundled extracted evidence source,,,,,atom_evidence_links.csv,metadata_only,bundled_extraction,2026-08-22,existing_repository_resource,Bibliographic title/year/DOI were not present in the bundled evidence-link resource.
SRC_40845933,builtin,Bundled extracted evidence source,,,,,atom_evidence_links.csv,metadata_only,bundled_extraction,2026-08-22,existing_repository_resource,Bibliographic title/year/DOI were not present in the bundled evidence-link resource.
SRC_40868943,builtin,Bundled extracted evidence source,,,,,atom_evidence_links.csv,metadata_only,bundled_extraction,2026-08-22,existing_repository_resource,Bibliographic title/year/DOI were not present in the bundled evidence-link resource.
SRC_41025408,builtin,Bundled extracted evidence source,,,,,atom_evidence_links.csv,metadata_only,bundled_extraction,2026-08-22,existing_repository_resource,Bibliographic title/year/DOI were not present in the bundled evidence-link resource.
SRC_41082128,builtin,Bundled extracted evidence source,,,,,atom_evidence_links.csv,metadata_only,bundled_extraction,2026-08-22,existing_repository_resource,Bibliographic title/year/DOI were not present in the bundled evidence-link resource.
SRC_41655051,builtin,Bundled extracted evidence source,,,,,atom_evidence_links.csv,metadata_only,bundled_extraction,2026-08-22,existing_repository_resource,Bibliographic title/year/DOI were not present in the bundled evidence-link resource.
SRC_41747346,builtin,Bundled extracted evidence source,,,,,atom_evidence_links.csv,metadata_only,bundled_extraction,2026-08-22,existing_repository_resource,Bibliographic title/year/DOI were not present in the bundled evidence-link resource.
SRC_41853070,builtin,Bundled extracted evidence source,,,,,atom_evidence_links.csv,metadata_only,bundled_extraction,2026-08-22,existing_repository_resource,Bibliographic title/year/DOI were not present in the bundled evidence-link resource.
SRC_41935973,builtin,Bundled extracted evidence source,,,,,atom_evidence_links.csv,metadata_only,bundled_extraction,2026-08-22,existing_repository_resource,Bibliographic title/year/DOI were not present in the bundled evidence-link resource.
SRC_BUILTIN,builtin,Bundled extracted evidence source,,,,,atom_evidence_links.csv,metadata_only,bundled_extraction,2026-08-22,existing_repository_resource,Bibliographic title/year/DOI were not present in the bundled evidence-link resource.
SRC_NIRS_SPM_USER_GUIDE_V4,builtin,Bundled extracted evidence source,,,,,atom_evidence_links.csv,metadata_only,bundled_extraction,2026-08-22,existing_repository_resource,Bibliographic title/year/DOI were not present in the bundled evidence-link resource.
SRC_PMC10010439,builtin,Bundled extracted evidence source,,,,PMC10010439,atom_evidence_links.csv,metadata_only,bundled_extraction,2026-08-22,existing_repository_resource,Bibliographic title/year/DOI were not present in the bundled evidence-link resource.
SRC_PMC10014824,builtin,Bundled extracted evidence source,,,,PMC10014824,atom_evidence_links.csv,metadata_only,bundled_extraction,2026-08-22,existing_repository_resource,Bibliographic title/year/DOI were not present in the bundled evidence-link resource.
SRC_PMC10017489,builtin,Bundled extracted evidence source,,,,PMC10017489,atom_evidence_links.csv,metadata_only,bundled_extraction,2026-08-22,existing_repository_resource,Bibliographic title/year/DOI were not present in the bundled evidence-link resource.
SRC_PMC10017540,builtin,Bundled extracted evidence source,,,,PMC10017540,atom_evidence_links.csv,metadata_only,bundled_extraction,2026-08-22,existing_repository_resource,Bibliographic title/year/DOI were not present in the bundled evidence-link resource.
SRC_PMC10021069,builtin,Bundled extracted evidence source,,,,PMC10021069,atom_evidence_links.csv,metadata_only,bundled_extraction,2026-08-22,existing_repository_resource,Bibliographic title/year/DOI were not present in the bundled evidence-link resource.
SRC_PMC10032375,builtin,Bundled extracted evidence source,,,,PMC10032375,atom_evidence_links.csv,metadata_only,bundled_extraction,2026-08-22,existing_repository_resource,Bibliographic title/year/DOI were not present in the bundled evidence-link resource.
SRC_PMC10038196,builtin,Bundled extracted evidence source,,,,PMC10038196,atom_evidence_links.csv,metadata_only,bundled_extraction,2026-08-22,existing_repository_resource,Bibliographic title/year/DOI were not present in the bundled evidence-link resource.
SRC_PMC10042481,builtin,Bundled extracted evidence source,,,,PMC10042481,atom_evidence_links.csv,metadata_only,bundled_extraction,2026-08-22,existing_repository_resource,Bibliographic title/year/DOI were not present in the bundled evidence-link resource.
SRC_PMC10047611,builtin,Bundled extracted evidence source,,,,PMC10047611,atom_evidence_links.csv,metadata_only,bundled_extraction,2026-08-22,existing_repository_resource,Bibliographic title/year/DOI were not present in the bundled evidence-link resource.
SRC_PMC10048721,builtin,Bundled extracted evidence source,,,,PMC10048721,atom_evidence_links.csv,metadata_only,bundled_extraction,2026-08-22,existing_repository_resource,Bibliographic title/year/DOI were not present in the bundled evidence-link resource.
SRC_PMC10066817,builtin,Bundled extracted evidence source,,,,PMC10066817,atom_evidence_links.csv,metadata_only,bundled_extraction,2026-08-22,existing_repository_resource,Bibliographic title/year/DOI were not present in the bundled evidence-link resource.
SRC_PMC10068680,builtin,Bundled extracted evidence source,,,,PMC10068680,atom_evidence_links.csv,metadata_only,bundled_extraction,2026-08-22,existing_repository_resource,Bibliographic title/year/DOI were not present in the bundled evidence-link resource.
SRC_PMC10072005,builtin,Bundled extracted evidence source,,,,PMC10072005,atom_evidence_links.csv,metadata_only,bundled_extraction,2026-08-22,existing_repository_resource,Bibliographic title/year/DOI were not present in the bundled evidence-link resource.
SRC_PMC10078617,builtin,Bundled extracted evidence source,,,,PMC10078617,atom_evidence_links.csv,metadata_only,bundled_extraction,2026-08-22,existing_repository_resource,Bibliographic title/year/DOI were not present in the bundled evidence-link resource.
SRC_PMC10098071,builtin,Bundled extracted evidence source,,,,PMC10098071,atom_evidence_links.csv,metadata_only,bundled_extraction,2026-08-22,existing_repository_resource,Bibliographic title/year/DOI were not present in the bundled evidence-link resource.
SRC_PMC10098203,builtin,Bundled extracted evidence source,,,,PMC10098203,atom_evidence_links.csv,metadata_only,bundled_extraction,2026-08-22,existing_repository_resource,Bibliographic title/year/DOI were not present in the bundled evidence-link resource.
SRC_PMC10098559,builtin,Bundled extracted evidence source,,,,PMC10098559,atom_evidence_links.csv,metadata_only,bundled_extraction,2026-08-22,existing_repository_resource,Bibliographic title/year/DOI were not present in the bundled evidence-link resource.
SRC_PMC10112026,builtin,Bundled extracted evidence source,,,,PMC10112026,atom_evidence_links.csv,metadata_only,bundled_extraction,2026-08-22,existing_repository_resource,Bibliographic title/year/DOI were not present in the bundled evidence-link resource.
SRC_PMC10113489,builtin,Bundled extracted evidence source,,,,PMC10113489,atom_evidence_links.csv,metadata_only,bundled_extraction,2026-08-22,existing_repository_resource,Bibliographic title/year/DOI were not present in the bundled evidence-link resource.
SRC_PMC10126326,builtin,Bundled extracted evidence source,,,,PMC10126326,atom_evidence_links.csv,metadata_only,bundled_extraction,2026-08-22,existing_repository_resource,Bibliographic title/year/DOI were not present in the bundled evidence-link resource.
SRC_PMC10131980,builtin,Bundled extracted evidence source,,,,PMC10131980,atom_evidence_links.csv,metadata_only,bundled_extraction,2026-08-22,existing_repository_resource,Bibliographic title/year/DOI were not present in the bundled evidence-link resource.
SRC_PMC10137138,builtin,Bundled extracted evidence source,,,,PMC10137138,atom_evidence_links.csv,metadata_only,bundled_extraction,2026-08-22,existing_repository_resource,Bibliographic title/year/DOI were not present in the bundled evidence-link resource.
SRC_PMC10137986,builtin,Bundled extracted evidence source,,,,PMC10137986,atom_evidence_links.csv,metadata_only,bundled_extraction,2026-08-22,existing_repository_resource,Bibliographic title/year/DOI were not present in the bundled evidence-link resource.
SRC_PMC10146120,builtin,Bundled extracted evidence source,,,,PMC10146120,atom_evidence_links.csv,metadata_only,bundled_extraction,2026-08-22,existing_repository_resource,Bibliographic title/year/DOI were not present in the bundled evidence-link resource.
SRC_PMC10146128,builtin,Bundled extracted evidence source,,,,PMC10146128,atom_evidence_links.csv,metadata_only,bundled_extraction,2026-08-22,existing_repository_resource,Bibliographic title/year/DOI were not present in the bundled evidence-link resource.
SRC_PMC10160767,builtin,Bundled extracted evidence source,,,,PMC10160767,atom_evidence_links.csv,metadata_only,bundled_extraction,2026-08-22,existing_repository_resource,Bibliographic title/year/DOI were not present in the bundled evidence-link resource.
SRC_PMC10169732,builtin,Bundled extracted evidence source,,,,PMC10169732,atom_evidence_links.csv,metadata_only,bundled_extraction,2026-08-22,existing_repository_resource,Bibliographic title/year/DOI were not present in the bundled evidence-link resource.
SRC_PMC10175462,builtin,Bundled extracted evidence source,,,,PMC10175462,atom_evidence_links.csv,metadata_only,bundled_extraction,2026-08-22,existing_repository_resource,Bibliographic title/year/DOI were not present in the bundled evidence-link resource.
SRC_PMC10176292,builtin,Bundled extracted evidence source,,,,PMC10176292,atom_evidence_links.csv,metadata_only,bundled_extraction,2026-08-22,existing_repository_resource,Bibliographic title/year/DOI were not present in the bundled evidence-link resource.
SRC_PMC10181802,builtin,Bundled extracted evidence source,,,,PMC10181802,atom_evidence_links.csv,metadata_only,bundled_extraction,2026-08-22,existing_repository_resource,Bibliographic title/year/DOI were not present in the bundled evidence-link resource.
SRC_PMC10188977,builtin,Bundled extracted evidence source,,,,PMC10188977,atom_evidence_links.csv,metadata_only,bundled_extraction,2026-08-22,existing_repository_resource,Bibliographic title/year/DOI were not present in the bundled evidence-link resource.
SRC_PMC10191326,builtin,Bundled extracted evidence source,,,,PMC10191326,atom_evidence_links.csv,metadata_only,bundled_extraction,2026-08-22,existing_repository_resource,Bibliographic title/year/DOI were not present in the bundled evidence-link resource.
SRC_PMC10191645,builtin,Bundled extracted evidence source,,,,PMC10191645,atom_evidence_links.csv,metadata_only,bundled_extraction,2026-08-22,existing_repository_resource,Bibliographic title/year/DOI were not present in the bundled evidence-link resource.
SRC_PMC10194605,builtin,Bundled extracted evidence source,,,,PMC10194605,atom_evidence_links.csv,metadata_only,bundled_extraction,2026-08-22,existing_repository_resource,Bibliographic title/year/DOI were not present in the bundled evidence-link resource.
SRC_PMC10199511,builtin,Bundled extracted evidence source,,,,PMC10199511,atom_evidence_links.csv,metadata_only,bundled_extraction,2026-08-22,existing_repository_resource,Bibliographic title/year/DOI were not present in the bundled evidence-link resource.
SRC_PMC10200033,builtin,Bundled extracted evidence source,,,,PMC10200033,atom_evidence_links.csv,metadata_only,bundled_extraction,2026-08-22,existing_repository_resource,Bibliographic title/year/DOI were not present in the bundled evidence-link resource.
SRC_PMC10202983,builtin,Bundled extracted evidence source,,,,PMC10202983,atom_evidence_links.csv,metadata_only,bundled_extraction,2026-08-22,existing_repository_resource,Bibliographic title/year/DOI were not present in the bundled evidence-link resource.
SRC_PMC10203458,builtin,Bundled extracted evidence source,,,,PMC10203458,atom_evidence_links.csv,metadata_only,bundled_extraction,2026-08-22,existing_repository_resource,Bibliographic title/year/DOI were not present in the bundled evidence-link resource.
SRC_PMC10203730,builtin,Bundled extracted evidence source,,,,PMC10203730,atom_evidence_links.csv,metadata_only,bundled_extraction,2026-08-22,existing_repository_resource,Bibliographic title/year/DOI were not present in the bundled evidence-link resource.
SRC_PMC10204936,builtin,Bundled extracted evidence source,,,,PMC10204936,atom_evidence_links.csv,metadata_only,bundled_extraction,2026-08-22,existing_repository_resource,Bibliographic title/year/DOI were not present in the bundled evidence-link resource.
SRC_PMC10212684,builtin,Bundled extracted evidence source,,,,PMC10212684,atom_evidence_links.csv,metadata_only,bundled_extraction,2026-08-22,existing_repository_resource,Bibliographic title/year/DOI were not present in the bundled evidence-link resource.
SRC_PMC10215946,builtin,Bundled extracted evidence source,,,,PMC10215946,atom_evidence_links.csv,metadata_only,bundled_extraction,2026-08-22,existing_repository_resource,Bibliographic title/year/DOI were not present in the bundled evidence-link resource.
SRC_PMC10226994,builtin,Bundled extracted evidence source,,,,PMC10226994,atom_evidence_links.csv,metadata_only,bundled_extraction,2026-08-22,existing_repository_resource,Bibliographic title/year/DOI were not present in the bundled evidence-link resource.
SRC_PMC10251357,builtin,Bundled extracted evidence source,,,,PMC10251357,atom_evidence_links.csv,metadata_only,bundled_extraction,2026-08-22,existing_repository_resource,Bibliographic title/year/DOI were not present in the bundled evidence-link resource.
SRC_PMC10259670,builtin,Bundled extracted evidence source,,,,PMC10259670,atom_evidence_links.csv,metadata_only,bundled_extraction,2026-08-22,existing_repository_resource,Bibliographic title/year/DOI were not present in the bundled evidence-link resource.
SRC_PMC10261976,builtin,Bundled extracted evidence source,,,,PMC10261976,atom_evidence_links.csv,metadata_only,bundled_extraction,2026-08-22,existing_repository_resource,Bibliographic title/year/DOI were not present in the bundled evidence-link resource.
SRC_PMC10263189,builtin,Bundled extracted evidence source,,,,PMC10263189,atom_evidence_links.csv,metadata_only,bundled_extraction,2026-08-22,existing_repository_resource,Bibliographic title/year/DOI were not present in the bundled evidence-link resource.
SRC_PMC10265298,builtin,Bundled extracted evidence source,,,,PMC10265298,atom_evidence_links.csv,metadata_only,bundled_extraction,2026-08-22,existing_repository_resource,Bibliographic title/year/DOI were not present in the bundled evidence-link resource.
SRC_PMC10270252,builtin,Bundled extracted evidence source,,,,PMC10270252,atom_evidence_links.csv,metadata_only,bundled_extraction,2026-08-22,existing_repository_resource,Bibliographic title/year/DOI were not present in the bundled evidence-link resource.
SRC_PMC10275383,builtin,Bundled extracted evidence source,,,,PMC10275383,atom_evidence_links.csv,metadata_only,bundled_extraction,2026-08-22,existing_repository_resource,Bibliographic title/year/DOI were not present in the bundled evidence-link resource.
SRC_PMC10276494,builtin,Bundled extracted evidence source,,,,PMC10276494,atom_evidence_links.csv,metadata_only,bundled_extraction,2026-08-22,existing_repository_resource,Bibliographic title/year/DOI were not present in the bundled evidence-link resource.
SRC_PMC10277126,builtin,Bundled extracted evidence source,,,,PMC10277126,atom_evidence_links.csv,metadata_only,bundled_extraction,2026-08-22,existing_repository_resource,Bibliographic title/year/DOI were not present in the bundled evidence-link resource.
SRC_PMC10277131,builtin,Bundled extracted evidence source,,,,PMC10277131,atom_evidence_links.csv,metadata_only,bundled_extraction,2026-08-22,existing_repository_resource,Bibliographic title/year/DOI were not present in the bundled evidence-link resource.
SRC_PMC10282188,builtin,Bundled extracted evidence source,,,,PMC10282188,atom_evidence_links.csv,metadata_only,bundled_extraction,2026-08-22,existing_repository_resource,Bibliographic title/year/DOI were not present in the bundled evidence-link resource.
SRC_PMC10286962,builtin,Bundled extracted evidence source,,,,PMC10286962,atom_evidence_links.csv,metadata_only,bundled_extraction,2026-08-22,existing_repository_resource,Bibliographic title/year/DOI were not present in the bundled evidence-link resource.
SRC_PMC10294811,builtin,Bundled extracted evidence source,,,,PMC10294811,atom_evidence_links.csv,metadata_only,bundled_extraction,2026-08-22,existing_repository_resource,Bibliographic title/year/DOI were not present in the bundled evidence-link resource.
SRC_PMC10295283,builtin,Bundled extracted evidence source,,,,PMC10295283,atom_evidence_links.csv,metadata_only,bundled_extraction,2026-08-22,existing_repository_resource,Bibliographic title/year/DOI were not present in the bundled evidence-link resource.
SRC_PMC10297241,builtin,Bundled extracted evidence source,,,,PMC10297241,atom_evidence_links.csv,metadata_only,bundled_extraction,2026-08-22,existing_repository_resource,Bibliographic title/year/DOI were not present in the bundled evidence-link resource.
SRC_PMC10322191,builtin,Bundled extracted evidence source,,,,PMC10322191,atom_evidence_links.csv,metadata_only,bundled_extraction,2026-08-22,existing_repository_resource,Bibliographic title/year/DOI were not present in the bundled evidence-link resource.
SRC_PMC10323750,builtin,Bundled extracted evidence source,,,,PMC10323750,atom_evidence_links.csv,metadata_only,bundled_extraction,2026-08-22,existing_repository_resource,Bibliographic title/year/DOI were not present in the bundled evidence-link resource.
SRC_PMC10336405,builtin,Bundled extracted evidence source,,,,PMC10336405,atom_evidence_links.csv,metadata_only,bundled_extraction,2026-08-22,existing_repository_resource,Bibliographic title/year/DOI were not present in the bundled evidence-link resource.
SRC_PMC10338207,builtin,Bundled extracted evidence source,,,,PMC10338207,atom_evidence_links.csv,metadata_only,bundled_extraction,2026-08-22,existing_repository_resource,Bibliographic title/year/DOI were not present in the bundled evidence-link resource.
SRC_PMC10338804,builtin,Bundled extracted evidence source,,,,PMC10338804,atom_evidence_links.csv,metadata_only,bundled_extraction,2026-08-22,existing_repository_resource,Bibliographic title/year/DOI were not present in the bundled evidence-link resource.
SRC_PMC10342995,builtin,Bundled extracted evidence source,,,,PMC10342995,atom_evidence_links.csv,metadata_only,bundled_extraction,2026-08-22,existing_repository_resource,Bibliographic title/year/DOI were not present in the bundled evidence-link resource.
SRC_PMC10348778,builtin,Bundled extracted evidence source,,,,PMC10348778,atom_evidence_links.csv,metadata_only,bundled_extraction,2026-08-22,existing_repository_resource,Bibliographic title/year/DOI were not present in the bundled evidence-link resource.
SRC_PMC10351877,builtin,Bundled extracted evidence source,,,,PMC10351877,atom_evidence_links.csv,metadata_only,bundled_extraction,2026-08-22,existing_repository_resource,Bibliographic title/year/DOI were not present in the bundled evidence-link resource.
SRC_PMC10354649,builtin,Bundled extracted evidence source,,,,PMC10354649,atom_evidence_links.csv,metadata_only,bundled_extraction,2026-08-22,existing_repository_resource,Bibliographic title/year/DOI were not present in the bundled evidence-link resource.
SRC_PMC10356754,builtin,Bundled extracted evidence source,,,,PMC10356754,atom_evidence_links.csv,metadata_only,bundled_extraction,2026-08-22,existing_repository_resource,Bibliographic title/year/DOI were not present in the bundled evidence-link resource.
SRC_PMC10362671,builtin,Bundled extracted evidence source,,,,PMC10362671,atom_evidence_links.csv,metadata_only,bundled_extraction,2026-08-22,existing_repository_resource,Bibliographic title/year/DOI were not present in the bundled evidence-link resource.
SRC_PMC10368025,builtin,Bundled extracted evidence source,,,,PMC10368025,atom_evidence_links.csv,metadata_only,bundled_extraction,2026-08-22,existing_repository_resource,Bibliographic title/year/DOI were not present in the bundled evidence-link resource.
SRC_PMC10368065,builtin,Bundled extracted evidence source,,,,PMC10368065,atom_evidence_links.csv,metadata_only,bundled_extraction,2026-08-22,existing_repository_resource,Bibliographic title/year/DOI were not present in the bundled evidence-link resource.
SRC_PMC10384622,builtin,Bundled extracted evidence source,,,,PMC10384622,atom_evidence_links.csv,metadata_only,bundled_extraction,2026-08-22,existing_repository_resource,Bibliographic title/year/DOI were not present in the bundled evidence-link resource.
SRC_PMC10394887,builtin,Bundled extracted evidence source,,,,PMC10394887,atom_evidence_links.csv,metadata_only,bundled_extraction,2026-08-22,existing_repository_resource,Bibliographic title/year/DOI were not present in the bundled evidence-link resource.
SRC_PMC10400010,builtin,Bundled extracted evidence source,,,,PMC10400010,atom_evidence_links.csv,metadata_only,bundled_extraction,2026-08-22,existing_repository_resource,Bibliographic title/year/DOI were not present in the bundled evidence-link resource.
SRC_PMC10405458,builtin,Bundled extracted evidence source,,,,PMC10405458,atom_evidence_links.csv,metadata_only,bundled_extraction,2026-08-22,existing_repository_resource,Bibliographic title/year/DOI were not present in the bundled evidence-link resource.
SRC_PMC10410636,builtin,Bundled extracted evidence source,,,,PMC10410636,atom_evidence_links.csv,metadata_only,bundled_extraction,2026-08-22,existing_repository_resource,Bibliographic title/year/DOI were not present in the bundled evidence-link resource.
SRC_PMC10413572,builtin,Bundled extracted evidence source,,,,PMC10413572,atom_evidence_links.csv,metadata_only,bundled_extraction,2026-08-22,existing_repository_resource,Bibliographic title/year/DOI were not present in the bundled evidence-link resource.
SRC_PMC10424168,builtin,Bundled extracted evidence source,,,,PMC10424168,atom_evidence_links.csv,metadata_only,bundled_extraction,2026-08-22,existing_repository_resource,Bibliographic title/year/DOI were not present in the bundled evidence-link resource.
SRC_PMC10431651,builtin,Bundled extracted evidence source,,,,PMC10431651,atom_evidence_links.csv,metadata_only,bundled_extraction,2026-08-22,existing_repository_resource,Bibliographic title/year/DOI were not present in the bundled evidence-link resource.
SRC_PMC10437114,builtin,Bundled extracted evidence source,,,,PMC10437114,atom_evidence_links.csv,metadata_only,bundled_extraction,2026-08-22,existing_repository_resource,Bibliographic title/year/DOI were not present in the bundled evidence-link resource.
SRC_PMC10443643,builtin,Bundled extracted evidence source,,,,PMC10443643,atom_evidence_links.csv,metadata_only,bundled_extraction,2026-08-22,existing_repository_resource,Bibliographic title/year/DOI were not present in the bundled evidence-link resource.
SRC_PMC10450247,builtin,Bundled extracted evidence source,,,,PMC10450247,atom_evidence_links.csv,metadata_only,bundled_extraction,2026-08-22,existing_repository_resource,Bibliographic title/year/DOI were not present in the bundled evidence-link resource.
SRC_PMC10453436,builtin,Bundled extracted evidence source,,,,PMC10453436,atom_evidence_links.csv,metadata_only,bundled_extraction,2026-08-22,existing_repository_resource,Bibliographic title/year/DOI were not present in the bundled evidence-link resource.
SRC_PMC10453558,builtin,Bundled extracted evidence source,,,,PMC10453558,atom_evidence_links.csv,metadata_only,bundled_extraction,2026-08-22,existing_repository_resource,Bibliographic title/year/DOI were not present in the bundled evidence-link resource.
SRC_PMC10460200,builtin,Bundled extracted evidence source,,,,PMC10460200,atom_evidence_links.csv,metadata_only,bundled_extraction,2026-08-22,existing_repository_resource,Bibliographic title/year/DOI were not present in the bundled evidence-link resource.
SRC_PMC10460757,builtin,Bundled extracted evidence source,,,,PMC10460757,atom_evidence_links.csv,metadata_only,bundled_extraction,2026-08-22,existing_repository_resource,Bibliographic title/year/DOI were not present in the bundled evidence-link resource.
SRC_PMC10467271,builtin,Bundled extracted evidence source,,,,PMC10467271,atom_evidence_links.csv,metadata_only,bundled_extraction,2026-08-22,existing_repository_resource,Bibliographic title/year/DOI were not present in the bundled evidence-link resource.
SRC_PMC10469683,builtin,Bundled extracted evidence source,,,,PMC10469683,atom_evidence_links.csv,metadata_only,bundled_extraction,2026-08-22,existing_repository_resource,Bibliographic title/year/DOI were not present in the bundled evidence-link resource.
SRC_PMC10481867,builtin,Bundled extracted evidence source,,,,PMC10481867,atom_evidence_links.csv,metadata_only,bundled_extraction,2026-08-22,existing_repository_resource,Bibliographic title/year/DOI were not present in the bundled evidence-link resource.
SRC_PMC10482352,builtin,Bundled extracted evidence source,,,,PMC10482352,atom_evidence_links.csv,metadata_only,bundled_extraction,2026-08-22,existing_repository_resource,Bibliographic title/year/DOI were not present in the bundled evidence-link resource.
SRC_PMC10483285,builtin,Bundled extracted evidence source,,,,PMC10483285,atom_evidence_links.csv,metadata_only,bundled_extraction,2026-08-22,existing_repository_resource,Bibliographic title/year/DOI were not present in the bundled evidence-link resource.
SRC_PMC10499935,builtin,Bundled extracted evidence source,,,,PMC10499935,atom_evidence_links.csv,metadata_only,bundled_extraction,2026-08-22,existing_repository_resource,Bibliographic title/year/DOI were not present in the bundled evidence-link resource.
SRC_PMC10500026,builtin,Bundled extracted evidence source,,,,PMC10500026,atom_evidence_links.csv,metadata_only,bundled_extraction,2026-08-22,existing_repository_resource,Bibliographic title/year/DOI were not present in the bundled evidence-link resource.
SRC_PMC10506050,builtin,Bundled extracted evidence source,,,,PMC10506050,atom_evidence_links.csv,metadata_only,bundled_extraction,2026-08-22,existing_repository_resource,Bibliographic title/year/DOI were not present in the bundled evidence-link resource.
SRC_PMC10507902,builtin,Bundled extracted evidence source,,,,PMC10507902,atom_evidence_links.csv,metadata_only,bundled_extraction,2026-08-22,existing_repository_resource,Bibliographic title/year/DOI were not present in the bundled evidence-link resource.
SRC_PMC10507988,builtin,Bundled extracted evidence source,,,,PMC10507988,atom_evidence_links.csv,metadata_only,bundled_extraction,2026-08-22,existing_repository_resource,Bibliographic title/year/DOI were not present in the bundled evidence-link resource.
SRC_PMC10508753,builtin,Bundled extracted evidence source,,,,PMC10508753,atom_evidence_links.csv,metadata_only,bundled_extraction,2026-08-22,existing_repository_resource,Bibliographic title/year/DOI were not present in the bundled evidence-link resource.
SRC_PMC10512885,builtin,Bundled extracted evidence source,,,,PMC10512885,atom_evidence_links.csv,metadata_only,bundled_extraction,2026-08-22,existing_repository_resource,Bibliographic title/year/DOI were not present in the bundled evidence-link resource.
SRC_PMC10514737,builtin,Bundled extracted evidence source,,,,PMC10514737,atom_evidence_links.csv,metadata_only,bundled_extraction,2026-08-22,existing_repository_resource,Bibliographic title/year/DOI were not present in the bundled evidence-link resource.
SRC_PMC10536152,builtin,Bundled extracted evidence source,,,,PMC10536152,atom_evidence_links.csv,metadata_only,bundled_extraction,2026-08-22,existing_repository_resource,Bibliographic title/year/DOI were not present in the bundled evidence-link resource.
SRC_PMC10543119,builtin,Bundled extracted evidence source,,,,PMC10543119,atom_evidence_links.csv,metadata_only,bundled_extraction,2026-08-22,existing_repository_resource,Bibliographic title/year/DOI were not present in the bundled evidence-link resource.
SRC_PMC10543291,builtin,Bundled extracted evidence source,,,,PMC10543291,atom_evidence_links.csv,metadata_only,bundled_extraction,2026-08-22,existing_repository_resource,Bibliographic title/year/DOI were not present in the bundled evidence-link resource.
SRC_PMC10549729,builtin,Bundled extracted evidence source,,,,PMC10549729,atom_evidence_links.csv,metadata_only,bundled_extraction,2026-08-22,existing_repository_resource,Bibliographic title/year/DOI were not present in the bundled evidence-link resource.
SRC_PMC10549743,builtin,Bundled extracted evidence source,,,,PMC10549743,atom_evidence_links.csv,metadata_only,bundled_extraction,2026-08-22,existing_repository_resource,Bibliographic title/year/DOI were not present in the bundled evidence-link resource.
SRC_PMC10576436,builtin,Bundled extracted evidence source,,,,PMC10576436,atom_evidence_links.csv,metadata_only,bundled_extraction,2026-08-22,existing_repository_resource,Bibliographic title/year/DOI were not present in the bundled evidence-link resource.
SRC_PMC10576530,builtin,Bundled extracted evidence source,,,,PMC10576530,atom_evidence_links.csv,metadata_only,bundled_extraction,2026-08-22,existing_repository_resource,Bibliographic title/year/DOI were not present in the bundled evidence-link resource.
SRC_PMC10591175,builtin,Bundled extracted evidence source,,,,PMC10591175,atom_evidence_links.csv,metadata_only,bundled_extraction,2026-08-22,existing_repository_resource,Bibliographic title/year/DOI were not present in the bundled evidence-link resource.
SRC_PMC10593988,builtin,Bundled extracted evidence source,,,,PMC10593988,atom_evidence_links.csv,metadata_only,bundled_extraction,2026-08-22,existing_repository_resource,Bibliographic title/year/DOI were not present in the bundled evidence-link resource.
SRC_PMC10604223,builtin,Bundled extracted evidence source,,,,PMC10604223,atom_evidence_links.csv,metadata_only,bundled_extraction,2026-08-22,existing_repository_resource,Bibliographic title/year/DOI were not present in the bundled evidence-link resource.
SRC_PMC10605074,builtin,Bundled extracted evidence source,,,,PMC10605074,atom_evidence_links.csv,metadata_only,bundled_extraction,2026-08-22,existing_repository_resource,Bibliographic title/year/DOI were not present in the bundled evidence-link resource.
SRC_PMC10605412,builtin,Bundled extracted evidence source,,,,PMC10605412,atom_evidence_links.csv,metadata_only,bundled_extraction,2026-08-22,existing_repository_resource,Bibliographic title/year/DOI were not present in the bundled evidence-link resource.
SRC_PMC10610697,builtin,Bundled extracted evidence source,,,,PMC10610697,atom_evidence_links.csv,metadata_only,bundled_extraction,2026-08-22,existing_repository_resource,Bibliographic title/year/DOI were not present in the bundled evidence-link resource.
SRC_PMC10611153,builtin,Bundled extracted evidence source,,,,PMC10611153,atom_evidence_links.csv,metadata_only,bundled_extraction,2026-08-22,existing_repository_resource,Bibliographic title/year/DOI were not present in the bundled evidence-link resource.
SRC_PMC10624614,builtin,Bundled extracted evidence source,,,,PMC10624614,atom_evidence_links.csv,metadata_only,bundled_extraction,2026-08-22,existing_repository_resource,Bibliographic title/year/DOI were not present in the bundled evidence-link resource.
SRC_PMC10630897,builtin,Bundled extracted evidence source,,,,PMC10630897,atom_evidence_links.csv,metadata_only,bundled_extraction,2026-08-22,existing_repository_resource,Bibliographic title/year/DOI were not present in the bundled evidence-link resource.
SRC_PMC10634523,builtin,Bundled extracted evidence source,,,,PMC10634523,atom_evidence_links.csv,metadata_only,bundled_extraction,2026-08-22,existing_repository_resource,Bibliographic title/year/DOI were not present in the bundled evidence-link resource.
SRC_PMC10638741,builtin,Bundled extracted evidence source,,,,PMC10638741,atom_evidence_links.csv,metadata_only,bundled_extraction,2026-08-22,existing_repository_resource,Bibliographic title/year/DOI were not present in the bundled evidence-link resource.
SRC_PMC10641510,builtin,Bundled extracted evidence source,,,,PMC10641510,atom_evidence_links.csv,metadata_only,bundled_extraction,2026-08-22,existing_repository_resource,Bibliographic title/year/DOI were not present in the bundled evidence-link resource.
SRC_PMC10643392,builtin,Bundled extracted evidence source,,,,PMC10643392,atom_evidence_links.csv,metadata_only,bundled_extraction,2026-08-22,existing_repository_resource,Bibliographic title/year/DOI were not present in the bundled evidence-link resource.
SRC_PMC10644271,builtin,Bundled extracted evidence source,,,,PMC10644271,atom_evidence_links.csv,metadata_only,bundled_extraction,2026-08-22,existing_repository_resource,Bibliographic title/year/DOI were not present in the bundled evidence-link resource.
SRC_PMC10651596,builtin,Bundled extracted evidence source,,,,PMC10651596,atom_evidence_links.csv,metadata_only,bundled_extraction,2026-08-22,existing_repository_resource,Bibliographic title/year/DOI were not present in the bundled evidence-link resource.
SRC_PMC10659362,builtin,Bundled extracted evidence source,,,,PMC10659362,atom_evidence_links.csv,metadata_only,bundled_extraction,2026-08-22,existing_repository_resource,Bibliographic title/year/DOI were not present in the bundled evidence-link resource.
SRC_PMC10662857,builtin,Bundled extracted evidence source,,,,PMC10662857,atom_evidence_links.csv,metadata_only,bundled_extraction,2026-08-22,existing_repository_resource,Bibliographic title/year/DOI were not present in the bundled evidence-link resource.
SRC_PMC10665481,builtin,Bundled extracted evidence source,,,,PMC10665481,atom_evidence_links.csv,metadata_only,bundled_extraction,2026-08-22,existing_repository_resource,Bibliographic title/year/DOI were not present in the bundled evidence-link resource.
SRC_PMC10676135,builtin,Bundled extracted evidence source,,,,PMC10676135,atom_evidence_links.csv,metadata_only,bundled_extraction,2026-08-22,existing_repository_resource,Bibliographic title/year/DOI were not present in the bundled evidence-link resource.
SRC_PMC10676732,builtin,Bundled extracted evidence source,,,,PMC10676732,atom_evidence_links.csv,metadata_only,bundled_extraction,2026-08-22,existing_repository_resource,Bibliographic title/year/DOI were not present in the bundled evidence-link resource.
SRC_PMC10681683,builtin,Bundled extracted evidence source,,,,PMC10681683,atom_evidence_links.csv,metadata_only,bundled_extraction,2026-08-22,existing_repository_resource,Bibliographic title/year/DOI were not present in the bundled evidence-link resource.
SRC_PMC10683641,builtin,Bundled extracted evidence source,,,,PMC10683641,atom_evidence_links.csv,metadata_only,bundled_extraction,2026-08-22,existing_repository_resource,Bibliographic title/year/DOI were not present in the bundled evidence-link resource.
SRC_PMC10683738,builtin,Bundled extracted evidence source,,,,PMC10683738,atom_evidence_links.csv,metadata_only,bundled_extraction,2026-08-22,existing_repository_resource,Bibliographic title/year/DOI were not present in the bundled evidence-link resource.
SRC_PMC10689865,builtin,Bundled extracted evidence source,,,,PMC10689865,atom_evidence_links.csv,metadata_only,bundled_extraction,2026-08-22,existing_repository_resource,Bibliographic title/year/DOI were not present in the bundled evidence-link resource.
SRC_PMC10691063,builtin,Bundled extracted evidence source,,,,PMC10691063,atom_evidence_links.csv,metadata_only,bundled_extraction,2026-08-22,existing_repository_resource,Bibliographic title/year/DOI were not present in the bundled evidence-link resource.
SRC_PMC10704020,builtin,Bundled extracted evidence source,,,,PMC10704020,atom_evidence_links.csv,metadata_only,bundled_extraction,2026-08-22,existing_repository_resource,Bibliographic title/year/DOI were not present in the bundled evidence-link resource.
SRC_PMC10709586,builtin,Bundled extracted evidence source,,,,PMC10709586,atom_evidence_links.csv,metadata_only,bundled_extraction,2026-08-22,existing_repository_resource,Bibliographic title/year/DOI were not present in the bundled evidence-link resource.
SRC_PMC10722812,builtin,Bundled extracted evidence source,,,,PMC10722812,atom_evidence_links.csv,metadata_only,bundled_extraction,2026-08-22,existing_repository_resource,Bibliographic title/year/DOI were not present in the bundled evidence-link resource.
SRC_PMC10723778,builtin,Bundled extracted evidence source,,,,PMC10723778,atom_evidence_links.csv,metadata_only,bundled_extraction,2026-08-22,existing_repository_resource,Bibliographic title/year/DOI were not present in the bundled evidence-link resource.
SRC_PMC1073439,builtin,Bundled extracted evidence source,,,,PMC1073439,atom_evidence_links.csv,metadata_only,bundled_extraction,2026-08-22,existing_repository_resource,Bibliographic title/year/DOI were not present in the bundled evidence-link resource.
SRC_PMC10740470,builtin,Bundled extracted evidence source,,,,PMC10740470,atom_evidence_links.csv,metadata_only,bundled_extraction,2026-08-22,existing_repository_resource,Bibliographic title/year/DOI were not present in the bundled evidence-link resource.
SRC_PMC10740927,builtin,Bundled extracted evidence source,,,,PMC10740927,atom_evidence_links.csv,metadata_only,bundled_extraction,2026-08-22,existing_repository_resource,Bibliographic title/year/DOI were not present in the bundled evidence-link resource.
SRC_PMC10741372,builtin,Bundled extracted evidence source,,,,PMC10741372,atom_evidence_links.csv,metadata_only,bundled_extraction,2026-08-22,existing_repository_resource,Bibliographic title/year/DOI were not present in the bundled evidence-link resource.
SRC_PMC10756643,builtin,Bundled extracted evidence source,,,,PMC10756643,atom_evidence_links.csv,metadata_only,bundled_extraction,2026-08-22,existing_repository_resource,Bibliographic title/year/DOI were not present in the bundled evidence-link resource.
SRC_PMC10762371,builtin,Bundled extracted evidence source,,,,PMC10762371,atom_evidence_links.csv,metadata_only,bundled_extraction,2026-08-22,existing_repository_resource,Bibliographic title/year/DOI were not present in the bundled evidence-link resource.
SRC_PMC10765727,builtin,Bundled extracted evidence source,,,,PMC10765727,atom_evidence_links.csv,metadata_only,bundled_extraction,2026-08-22,existing_repository_resource,Bibliographic title/year/DOI were not present in the bundled evidence-link resource.
SRC_PMC10769970,builtin,Bundled extracted evidence source,,,,PMC10769970,atom_evidence_links.csv,metadata_only,bundled_extraction,2026-08-22,existing_repository_resource,Bibliographic title/year/DOI were not present in the bundled evidence-link resource.
SRC_PMC10773254,builtin,Bundled extracted evidence source,,,,PMC10773254,atom_evidence_links.csv,metadata_only,bundled_extraction,2026-08-22,existing_repository_resource,Bibliographic title/year/DOI were not present in the bundled evidence-link resource.
SRC_PMC10773788,builtin,Bundled extracted evidence source,,,,PMC10773788,atom_evidence_links.csv,metadata_only,bundled_extraction,2026-08-22,existing_repository_resource,Bibliographic title/year/DOI were not present in the bundled evidence-link resource.
SRC_PMC10782756,builtin,Bundled extracted evidence source,,,,PMC10782756,atom_evidence_links.csv,metadata_only,bundled_extraction,2026-08-22,existing_repository_resource,Bibliographic title/year/DOI were not present in the bundled evidence-link resource.
SRC_PMC10783912,builtin,Bundled extracted evidence source,,,,PMC10783912,atom_evidence_links.csv,metadata_only,bundled_extraction,2026-08-22,existing_repository_resource,Bibliographic title/year/DOI were not present in the bundled evidence-link resource.
SRC_PMC10789214,builtin,Bundled extracted evidence source,,,,PMC10789214,atom_evidence_links.csv,metadata_only,bundled_extraction,2026-08-22,existing_repository_resource,Bibliographic title/year/DOI were not present in the bundled evidence-link resource.
SRC_PMC10790469,builtin,Bundled extracted evidence source,,,,PMC10790469,atom_evidence_links.csv,metadata_only,bundled_extraction,2026-08-22,existing_repository_resource,Bibliographic title/year/DOI were not present in the bundled evidence-link resource.
SRC_PMC10790833,builtin,Bundled extracted evidence source,,,,PMC10790833,atom_evidence_links.csv,metadata_only,bundled_extraction,2026-08-22,existing_repository_resource,Bibliographic title/year/DOI were not present in the bundled evidence-link resource.
SRC_PMC10790863,builtin,Bundled extracted evidence source,,,,PMC10790863,atom_evidence_links.csv,metadata_only,bundled_extraction,2026-08-22,existing_repository_resource,Bibliographic title/year/DOI were not present in the bundled evidence-link resource.
SRC_PMC10790870,builtin,Bundled extracted evidence source,,,,PMC10790870,atom_evidence_links.csv,metadata_only,bundled_extraction,2026-08-22,existing_repository_resource,Bibliographic title/year/DOI were not present in the bundled evidence-link resource.
SRC_PMC10790908,builtin,Bundled extracted evidence source,,,,PMC10790908,atom_evidence_links.csv,metadata_only,bundled_extraction,2026-08-22,existing_repository_resource,Bibliographic title/year/DOI were not present in the bundled evidence-link resource.
SRC_PMC10790918,builtin,Bundled extracted evidence source,,,,PMC10790918,atom_evidence_links.csv,metadata_only,bundled_extraction,2026-08-22,existing_repository_resource,Bibliographic title/year/DOI were not present in the bundled evidence-link resource.
SRC_PMC10794389,builtin,Bundled extracted evidence source,,,,PMC10794389,atom_evidence_links.csv,metadata_only,bundled_extraction,2026-08-22,existing_repository_resource,Bibliographic title/year/DOI were not present in the bundled evidence-link resource.
SRC_PMC10797163,builtin,Bundled extracted evidence source,,,,PMC10797163,atom_evidence_links.csv,metadata_only,bundled_extraction,2026-08-22,existing_repository_resource,Bibliographic title/year/DOI were not present in the bundled evidence-link resource.
SRC_PMC10812856,builtin,Bundled extracted evidence source,,,,PMC10812856,atom_evidence_links.csv,metadata_only,bundled_extraction,2026-08-22,existing_repository_resource,Bibliographic title/year/DOI were not present in the bundled evidence-link resource.
SRC_PMC10816546,builtin,Bundled extracted evidence source,,,,PMC10816546,atom_evidence_links.csv,metadata_only,bundled_extraction,2026-08-22,existing_repository_resource,Bibliographic title/year/DOI were not present in the bundled evidence-link resource.
SRC_PMC10817743,builtin,Bundled extracted evidence source,,,,PMC10817743,atom_evidence_links.csv,metadata_only,bundled_extraction,2026-08-22,existing_repository_resource,Bibliographic title/year/DOI were not present in the bundled evidence-link resource.
SRC_PMC10818714,builtin,Bundled extracted evidence source,,,,PMC10818714,atom_evidence_links.csv,metadata_only,bundled_extraction,2026-08-22,existing_repository_resource,Bibliographic title/year/DOI were not present in the bundled evidence-link resource.
SRC_PMC10818961,builtin,Bundled extracted evidence source,,,,PMC10818961,atom_evidence_links.csv,metadata_only,bundled_extraction,2026-08-22,existing_repository_resource,Bibliographic title/year/DOI were not present in the bundled evidence-link resource.
SRC_PMC10821781,builtin,Bundled extracted evidence source,,,,PMC10821781,atom_evidence_links.csv,metadata_only,bundled_extraction,2026-08-22,existing_repository_resource,Bibliographic title/year/DOI were not present in the bundled evidence-link resource.
SRC_PMC10827877,builtin,Bundled extracted evidence source,,,,PMC10827877,atom_evidence_links.csv,metadata_only,bundled_extraction,2026-08-22,existing_repository_resource,Bibliographic title/year/DOI were not present in the bundled evidence-link resource.
SRC_PMC10848249,builtin,Bundled extracted evidence source,,,,PMC10848249,atom_evidence_links.csv,metadata_only,bundled_extraction,2026-08-22,existing_repository_resource,Bibliographic title/year/DOI were not present in the bundled evidence-link resource.
SRC_PMC10849700,builtin,Bundled extracted evidence source,,,,PMC10849700,atom_evidence_links.csv,metadata_only,bundled_extraction,2026-08-22,existing_repository_resource,Bibliographic title/year/DOI were not present in the bundled evidence-link resource.
SRC_PMC10856314,builtin,Bundled extracted evidence source,,,,PMC10856314,atom_evidence_links.csv,metadata_only,bundled_extraction,2026-08-22,existing_repository_resource,Bibliographic title/year/DOI were not present in the bundled evidence-link resource.
SRC_PMC10859010,builtin,Bundled extracted evidence source,,,,PMC10859010,atom_evidence_links.csv,metadata_only,bundled_extraction,2026-08-22,existing_repository_resource,Bibliographic title/year/DOI were not present in the bundled evidence-link resource.
SRC_PMC10863935,builtin,Bundled extracted evidence source,,,,PMC10863935,atom_evidence_links.csv,metadata_only,bundled_extraction,2026-08-22,existing_repository_resource,Bibliographic title/year/DOI were not present in the bundled evidence-link resource.
SRC_PMC10903079,builtin,Bundled extracted evidence source,,,,PMC10903079,atom_evidence_links.csv,metadata_only,bundled_extraction,2026-08-22,existing_repository_resource,Bibliographic title/year/DOI were not present in the bundled evidence-link resource.
SRC_PMC10904609,builtin,Bundled extracted evidence source,,,,PMC10904609,atom_evidence_links.csv,metadata_only,bundled_extraction,2026-08-22,existing_repository_resource,Bibliographic title/year/DOI were not present in the bundled evidence-link resource.
SRC_PMC10908418,builtin,Bundled extracted evidence source,,,,PMC10908418,atom_evidence_links.csv,metadata_only,bundled_extraction,2026-08-22,existing_repository_resource,Bibliographic title/year/DOI were not present in the bundled evidence-link resource.
SRC_PMC10926346,builtin,Bundled extracted evidence source,,,,PMC10926346,atom_evidence_links.csv,metadata_only,bundled_extraction,2026-08-22,existing_repository_resource,Bibliographic title/year/DOI were not present in the bundled evidence-link resource.
SRC_PMC10930295,builtin,Bundled extracted evidence source,,,,PMC10930295,atom_evidence_links.csv,metadata_only,bundled_extraction,2026-08-22,existing_repository_resource,Bibliographic title/year/DOI were not present in the bundled evidence-link resource.
SRC_PMC10940915,builtin,Bundled extracted evidence source,,,,PMC10940915,atom_evidence_links.csv,metadata_only,bundled_extraction,2026-08-22,existing_repository_resource,Bibliographic title/year/DOI were not present in the bundled evidence-link resource.
SRC_PMC10942712,builtin,Bundled extracted evidence source,,,,PMC10942712,atom_evidence_links.csv,metadata_only,bundled_extraction,2026-08-22,existing_repository_resource,Bibliographic title/year/DOI were not present in the bundled evidence-link resource.
SRC_PMC10951157,builtin,Bundled extracted evidence source,,,,PMC10951157,atom_evidence_links.csv,metadata_only,bundled_extraction,2026-08-22,existing_repository_resource,Bibliographic title/year/DOI were not present in the bundled evidence-link resource.
SRC_PMC10957543,builtin,Bundled extracted evidence source,,,,PMC10957543,atom_evidence_links.csv,metadata_only,bundled_extraction,2026-08-22,existing_repository_resource,Bibliographic title/year/DOI were not present in the bundled evidence-link resource.
SRC_PMC10961353,builtin,Bundled extracted evidence source,,,,PMC10961353,atom_evidence_links.csv,metadata_only,bundled_extraction,2026-08-22,existing_repository_resource,Bibliographic title/year/DOI were not present in the bundled evidence-link resource.
SRC_PMC10964554,builtin,Bundled extracted evidence source,,,,PMC10964554,atom_evidence_links.csv,metadata_only,bundled_extraction,2026-08-22,existing_repository_resource,Bibliographic title/year/DOI were not present in the bundled evidence-link resource.
SRC_PMC10967028,builtin,Bundled extracted evidence source,,,,PMC10967028,atom_evidence_links.csv,metadata_only,bundled_extraction,2026-08-22,existing_repository_resource,Bibliographic title/year/DOI were not present in the bundled evidence-link resource.
SRC_PMC10974257,builtin,Bundled extracted evidence source,,,,PMC10974257,atom_evidence_links.csv,metadata_only,bundled_extraction,2026-08-22,existing_repository_resource,Bibliographic title/year/DOI were not present in the bundled evidence-link resource.
SRC_PMC10974548,builtin,Bundled extracted evidence source,,,,PMC10974548,atom_evidence_links.csv,metadata_only,bundled_extraction,2026-08-22,existing_repository_resource,Bibliographic title/year/DOI were not present in the bundled evidence-link resource.
SRC_PMC10990628,builtin,Bundled extracted evidence source,,,,PMC10990628,atom_evidence_links.csv,metadata_only,bundled_extraction,2026-08-22,existing_repository_resource,Bibliographic title/year/DOI were not present in the bundled evidence-link resource.
SRC_PMC11007108,builtin,Bundled extracted evidence source,,,,PMC11007108,atom_evidence_links.csv,metadata_only,bundled_extraction,2026-08-22,existing_repository_resource,Bibliographic title/year/DOI were not present in the bundled evidence-link resource.
SRC_PMC11008455,builtin,Bundled extracted evidence source,,,,PMC11008455,atom_evidence_links.csv,metadata_only,bundled_extraction,2026-08-22,existing_repository_resource,Bibliographic title/year/DOI were not present in the bundled evidence-link resource.
SRC_PMC11010726,builtin,Bundled extracted evidence source,,,,PMC11010726,atom_evidence_links.csv,metadata_only,bundled_extraction,2026-08-22,existing_repository_resource,Bibliographic title/year/DOI were not present in the bundled evidence-link resource.
SRC_PMC11016629,builtin,Bundled extracted evidence source,,,,PMC11016629,atom_evidence_links.csv,metadata_only,bundled_extraction,2026-08-22,existing_repository_resource,Bibliographic title/year/DOI were not present in the bundled evidence-link resource.
SRC_PMC11018039,builtin,Bundled extracted evidence source,,,,PMC11018039,atom_evidence_links.csv,metadata_only,bundled_extraction,2026-08-22,existing_repository_resource,Bibliographic title/year/DOI were not present in the bundled evidence-link resource.
SRC_PMC11027033,builtin,Bundled extracted evidence source,,,,PMC11027033,atom_evidence_links.csv,metadata_only,bundled_extraction,2026-08-22,existing_repository_resource,Bibliographic title/year/DOI were not present in the bundled evidence-link resource.
SRC_PMC11042249,builtin,Bundled extracted evidence source,,,,PMC11042249,atom_evidence_links.csv,metadata_only,bundled_extraction,2026-08-22,existing_repository_resource,Bibliographic title/year/DOI were not present in the bundled evidence-link resource.
SRC_PMC11043130,builtin,Bundled extracted evidence source,,,,PMC11043130,atom_evidence_links.csv,metadata_only,bundled_extraction,2026-08-22,existing_repository_resource,Bibliographic title/year/DOI were not present in the bundled evidence-link resource.
SRC_PMC11044905,builtin,Bundled extracted evidence source,,,,PMC11044905,atom_evidence_links.csv,metadata_only,bundled_extraction,2026-08-22,existing_repository_resource,Bibliographic title/year/DOI were not present in the bundled evidence-link resource.
SRC_PMC11047915,builtin,Bundled extracted evidence source,,,,PMC11047915,atom_evidence_links.csv,metadata_only,bundled_extraction,2026-08-22,existing_repository_resource,Bibliographic title/year/DOI were not present in the bundled evidence-link resource.
SRC_PMC11048441,builtin,Bundled extracted evidence source,,,,PMC11048441,atom_evidence_links.csv,metadata_only,bundled_extraction,2026-08-22,existing_repository_resource,Bibliographic title/year/DOI were not present in the bundled evidence-link resource.
SRC_PMC11048477,builtin,Bundled extracted evidence source,,,,PMC11048477,atom_evidence_links.csv,metadata_only,bundled_extraction,2026-08-22,existing_repository_resource,Bibliographic title/year/DOI were not present in the bundled evidence-link resource.
SRC_PMC11048695,builtin,Bundled extracted evidence source,,,,PMC11048695,atom_evidence_links.csv,metadata_only,bundled_extraction,2026-08-22,existing_repository_resource,Bibliographic title/year/DOI were not present in the bundled evidence-link resource.
SRC_PMC11054207,builtin,Bundled extracted evidence source,,,,PMC11054207,atom_evidence_links.csv,metadata_only,bundled_extraction,2026-08-22,existing_repository_resource,Bibliographic title/year/DOI were not present in the bundled evidence-link resource.
SRC_PMC11059326,builtin,Bundled extracted evidence source,,,,PMC11059326,atom_evidence_links.csv,metadata_only,bundled_extraction,2026-08-22,existing_repository_resource,Bibliographic title/year/DOI were not present in the bundled evidence-link resource.
SRC_PMC11066257,builtin,Bundled extracted evidence source,,,,PMC11066257,atom_evidence_links.csv,metadata_only,bundled_extraction,2026-08-22,existing_repository_resource,Bibliographic title/year/DOI were not present in the bundled evidence-link resource.
SRC_PMC11066545,builtin,Bundled extracted evidence source,,,,PMC11066545,atom_evidence_links.csv,metadata_only,bundled_extraction,2026-08-22,existing_repository_resource,Bibliographic title/year/DOI were not present in the bundled evidence-link resource.
SRC_PMC11068267,builtin,Bundled extracted evidence source,,,,PMC11068267,atom_evidence_links.csv,metadata_only,bundled_extraction,2026-08-22,existing_repository_resource,Bibliographic title/year/DOI were not present in the bundled evidence-link resource.
SRC_PMC11069416,builtin,Bundled extracted evidence source,,,,PMC11069416,atom_evidence_links.csv,metadata_only,bundled_extraction,2026-08-22,existing_repository_resource,Bibliographic title/year/DOI were not present in the bundled evidence-link resource.
SRC_PMC11072713,builtin,Bundled extracted evidence source,,,,PMC11072713,atom_evidence_links.csv,metadata_only,bundled_extraction,2026-08-22,existing_repository_resource,Bibliographic title/year/DOI were not present in the bundled evidence-link resource.
SRC_PMC11082417,builtin,Bundled extracted evidence source,,,,PMC11082417,atom_evidence_links.csv,metadata_only,bundled_extraction,2026-08-22,existing_repository_resource,Bibliographic title/year/DOI were not present in the bundled evidence-link resource.
SRC_PMC11084304,builtin,Bundled extracted evidence source,,,,PMC11084304,atom_evidence_links.csv,metadata_only,bundled_extraction,2026-08-22,existing_repository_resource,Bibliographic title/year/DOI were not present in the bundled evidence-link resource.
SRC_PMC11092069,builtin,Bundled extracted evidence source,,,,PMC11092069,atom_evidence_links.csv,metadata_only,bundled_extraction,2026-08-22,existing_repository_resource,Bibliographic title/year/DOI were not present in the bundled evidence-link resource.
SRC_PMC11094294,builtin,Bundled extracted evidence source,,,,PMC11094294,atom_evidence_links.csv,metadata_only,bundled_extraction,2026-08-22,existing_repository_resource,Bibliographic title/year/DOI were not present in the bundled evidence-link resource.
SRC_PMC11101423,builtin,Bundled extracted evidence source,,,,PMC11101423,atom_evidence_links.csv,metadata_only,bundled_extraction,2026-08-22,existing_repository_resource,Bibliographic title/year/DOI were not present in the bundled evidence-link resource.
SRC_PMC11110533,builtin,Bundled extracted evidence source,,,,PMC11110533,atom_evidence_links.csv,metadata_only,bundled_extraction,2026-08-22,existing_repository_resource,Bibliographic title/year/DOI were not present in the bundled evidence-link resource.
SRC_PMC11112281,builtin,Bundled extracted evidence source,,,,PMC11112281,atom_evidence_links.csv,metadata_only,bundled_extraction,2026-08-22,existing_repository_resource,Bibliographic title/year/DOI were not present in the bundled evidence-link resource.
SRC_PMC11118627,builtin,Bundled extracted evidence source,,,,PMC11118627,atom_evidence_links.csv,metadata_only,bundled_extraction,2026-08-22,existing_repository_resource,Bibliographic title/year/DOI were not present in the bundled evidence-link resource.
SRC_PMC11125330,builtin,Bundled extracted evidence source,,,,PMC11125330,atom_evidence_links.csv,metadata_only,bundled_extraction,2026-08-22,existing_repository_resource,Bibliographic title/year/DOI were not present in the bundled evidence-link resource.
SRC_PMC11125334,builtin,Bundled extracted evidence source,,,,PMC11125334,atom_evidence_links.csv,metadata_only,bundled_extraction,2026-08-22,existing_repository_resource,Bibliographic title/year/DOI were not present in the bundled evidence-link resource.
SRC_PMC1112605,builtin,Bundled extracted evidence source,,,,PMC1112605,atom_evidence_links.csv,metadata_only,bundled_extraction,2026-08-22,existing_repository_resource,Bibliographic title/year/DOI were not present in the bundled evidence-link resource.
SRC_PMC11134420,builtin,Bundled extracted evidence source,,,,PMC11134420,atom_evidence_links.csv,metadata_only,bundled_extraction,2026-08-22,existing_repository_resource,Bibliographic title/year/DOI were not present in the bundled evidence-link resource.
SRC_PMC11135058,builtin,Bundled extracted evidence source,,,,PMC11135058,atom_evidence_links.csv,metadata_only,bundled_extraction,2026-08-22,existing_repository_resource,Bibliographic title/year/DOI were not present in the bundled evidence-link resource.
SRC_PMC11146205,builtin,Bundled extracted evidence source,,,,PMC11146205,atom_evidence_links.csv,metadata_only,bundled_extraction,2026-08-22,existing_repository_resource,Bibliographic title/year/DOI were not present in the bundled evidence-link resource.
SRC_PMC11154386,builtin,Bundled extracted evidence source,,,,PMC11154386,atom_evidence_links.csv,metadata_only,bundled_extraction,2026-08-22,existing_repository_resource,Bibliographic title/year/DOI were not present in the bundled evidence-link resource.
SRC_PMC11154537,builtin,Bundled extracted evidence source,,,,PMC11154537,atom_evidence_links.csv,metadata_only,bundled_extraction,2026-08-22,existing_repository_resource,Bibliographic title/year/DOI were not present in the bundled evidence-link resource.
SRC_PMC11155497,builtin,Bundled extracted evidence source,,,,PMC11155497,atom_evidence_links.csv,metadata_only,bundled_extraction,2026-08-22,existing_repository_resource,Bibliographic title/year/DOI were not present in the bundled evidence-link resource.
SRC_PMC11177928,builtin,Bundled extracted evidence source,,,,PMC11177928,atom_evidence_links.csv,metadata_only,bundled_extraction,2026-08-22,existing_repository_resource,Bibliographic title/year/DOI were not present in the bundled evidence-link resource.
SRC_PMC11178101,builtin,Bundled extracted evidence source,,,,PMC11178101,atom_evidence_links.csv,metadata_only,bundled_extraction,2026-08-22,existing_repository_resource,Bibliographic title/year/DOI were not present in the bundled evidence-link resource.
SRC_PMC11188482,builtin,Bundled extracted evidence source,,,,PMC11188482,atom_evidence_links.csv,metadata_only,bundled_extraction,2026-08-22,existing_repository_resource,Bibliographic title/year/DOI were not present in the bundled evidence-link resource.
SRC_PMC11188690,builtin,Bundled extracted evidence source,,,,PMC11188690,atom_evidence_links.csv,metadata_only,bundled_extraction,2026-08-22,existing_repository_resource,Bibliographic title/year/DOI were not present in the bundled evidence-link resource.
SRC_PMC11191237,builtin,Bundled extracted evidence source,,,,PMC11191237,atom_evidence_links.csv,metadata_only,bundled_extraction,2026-08-22,existing_repository_resource,Bibliographic title/year/DOI were not present in the bundled evidence-link resource.
SRC_PMC11196085,builtin,Bundled extracted evidence source,,,,PMC11196085,atom_evidence_links.csv,metadata_only,bundled_extraction,2026-08-22,existing_repository_resource,Bibliographic title/year/DOI were not present in the bundled evidence-link resource.
SRC_PMC11200721,builtin,Bundled extracted evidence source,,,,PMC11200721,atom_evidence_links.csv,metadata_only,bundled_extraction,2026-08-22,existing_repository_resource,Bibliographic title/year/DOI were not present in the bundled evidence-link resource.
SRC_PMC11210076,builtin,Bundled extracted evidence source,,,,PMC11210076,atom_evidence_links.csv,metadata_only,bundled_extraction,2026-08-22,existing_repository_resource,Bibliographic title/year/DOI were not present in the bundled evidence-link resource.
SRC_PMC11218834,builtin,Bundled extracted evidence source,,,,PMC11218834,atom_evidence_links.csv,metadata_only,bundled_extraction,2026-08-22,existing_repository_resource,Bibliographic title/year/DOI were not present in the bundled evidence-link resource.
SRC_PMC11221108,builtin,Bundled extracted evidence source,,,,PMC11221108,atom_evidence_links.csv,metadata_only,bundled_extraction,2026-08-22,existing_repository_resource,Bibliographic title/year/DOI were not present in the bundled evidence-link resource.
SRC_PMC11221214,builtin,Bundled extracted evidence source,,,,PMC11221214,atom_evidence_links.csv,metadata_only,bundled_extraction,2026-08-22,existing_repository_resource,Bibliographic title/year/DOI were not present in the bundled evidence-link resource.
SRC_PMC11244119,builtin,Bundled extracted evidence source,,,,PMC11244119,atom_evidence_links.csv,metadata_only,bundled_extraction,2026-08-22,existing_repository_resource,Bibliographic title/year/DOI were not present in the bundled evidence-link resource.
SRC_PMC11247181,builtin,Bundled extracted evidence source,,,,PMC11247181,atom_evidence_links.csv,metadata_only,bundled_extraction,2026-08-22,existing_repository_resource,Bibliographic title/year/DOI were not present in the bundled evidence-link resource.
SRC_PMC11258506,builtin,Bundled extracted evidence source,,,,PMC11258506,atom_evidence_links.csv,metadata_only,bundled_extraction,2026-08-22,existing_repository_resource,Bibliographic title/year/DOI were not present in the bundled evidence-link resource.
SRC_PMC11276379,builtin,Bundled extracted evidence source,,,,PMC11276379,atom_evidence_links.csv,metadata_only,bundled_extraction,2026-08-22,existing_repository_resource,Bibliographic title/year/DOI were not present in the bundled evidence-link resource.
SRC_PMC11277785,builtin,Bundled extracted evidence source,,,,PMC11277785,atom_evidence_links.csv,metadata_only,bundled_extraction,2026-08-22,existing_repository_resource,Bibliographic title/year/DOI were not present in the bundled evidence-link resource.
SRC_PMC11283272,builtin,Bundled extracted evidence source,,,,PMC11283272,atom_evidence_links.csv,metadata_only,bundled_extraction,2026-08-22,existing_repository_resource,Bibliographic title/year/DOI were not present in the bundled evidence-link resource.
SRC_PMC11284241,builtin,Bundled extracted evidence source,,,,PMC11284241,atom_evidence_links.csv,metadata_only,bundled_extraction,2026-08-22,existing_repository_resource,Bibliographic title/year/DOI were not present in the bundled evidence-link resource.
SRC_PMC11288115,builtin,Bundled extracted evidence source,,,,PMC11288115,atom_evidence_links.csv,metadata_only,bundled_extraction,2026-08-22,existing_repository_resource,Bibliographic title/year/DOI were not present in the bundled evidence-link resource.
SRC_PMC11297873,builtin,Bundled extracted evidence source,,,,PMC11297873,atom_evidence_links.csv,metadata_only,bundled_extraction,2026-08-22,existing_repository_resource,Bibliographic title/year/DOI were not present in the bundled evidence-link resource.
SRC_PMC11298368,builtin,Bundled extracted evidence source,,,,PMC11298368,atom_evidence_links.csv,metadata_only,bundled_extraction,2026-08-22,existing_repository_resource,Bibliographic title/year/DOI were not present in the bundled evidence-link resource.
SRC_PMC11302996,builtin,Bundled extracted evidence source,,,,PMC11302996,atom_evidence_links.csv,metadata_only,bundled_extraction,2026-08-22,existing_repository_resource,Bibliographic title/year/DOI were not present in the bundled evidence-link resource.
SRC_PMC11303590,builtin,Bundled extracted evidence source,,,,PMC11303590,atom_evidence_links.csv,metadata_only,bundled_extraction,2026-08-22,existing_repository_resource,Bibliographic title/year/DOI were not present in the bundled evidence-link resource.
SRC_PMC11314658,builtin,Bundled extracted evidence source,,,,PMC11314658,atom_evidence_links.csv,metadata_only,bundled_extraction,2026-08-22,existing_repository_resource,Bibliographic title/year/DOI were not present in the bundled evidence-link resource.
SRC_PMC11335481,builtin,Bundled extracted evidence source,,,,PMC11335481,atom_evidence_links.csv,metadata_only,bundled_extraction,2026-08-22,existing_repository_resource,Bibliographic title/year/DOI were not present in the bundled evidence-link resource.
SRC_PMC11347583,builtin,Bundled extracted evidence source,,,,PMC11347583,atom_evidence_links.csv,metadata_only,bundled_extraction,2026-08-22,existing_repository_resource,Bibliographic title/year/DOI were not present in the bundled evidence-link resource.
SRC_PMC11347808,builtin,Bundled extracted evidence source,,,,PMC11347808,atom_evidence_links.csv,metadata_only,bundled_extraction,2026-08-22,existing_repository_resource,Bibliographic title/year/DOI were not present in the bundled evidence-link resource.
SRC_PMC11348010,builtin,Bundled extracted evidence source,,,,PMC11348010,atom_evidence_links.csv,metadata_only,bundled_extraction,2026-08-22,existing_repository_resource,Bibliographic title/year/DOI were not present in the bundled evidence-link resource.
SRC_PMC11350141,builtin,Bundled extracted evidence source,,,,PMC11350141,atom_evidence_links.csv,metadata_only,bundled_extraction,2026-08-22,existing_repository_resource,Bibliographic title/year/DOI were not present in the bundled evidence-link resource.
SRC_PMC11351350,builtin,Bundled extracted evidence source,,,,PMC11351350,atom_evidence_links.csv,metadata_only,bundled_extraction,2026-08-22,existing_repository_resource,Bibliographic title/year/DOI were not present in the bundled evidence-link resource.
SRC_PMC11363059,builtin,Bundled extracted evidence source,,,,PMC11363059,atom_evidence_links.csv,metadata_only,bundled_extraction,2026-08-22,existing_repository_resource,Bibliographic title/year/DOI were not present in the bundled evidence-link resource.
SRC_PMC11363815,builtin,Bundled extracted evidence source,,,,PMC11363815,atom_evidence_links.csv,metadata_only,bundled_extraction,2026-08-22,existing_repository_resource,Bibliographic title/year/DOI were not present in the bundled evidence-link resource.
SRC_PMC11370459,builtin,Bundled extracted evidence source,,,,PMC11370459,atom_evidence_links.csv,metadata_only,bundled_extraction,2026-08-22,existing_repository_resource,Bibliographic title/year/DOI were not present in the bundled evidence-link resource.
SRC_PMC11374618,builtin,Bundled extracted evidence source,,,,PMC11374618,atom_evidence_links.csv,metadata_only,bundled_extraction,2026-08-22,existing_repository_resource,Bibliographic title/year/DOI were not present in the bundled evidence-link resource.
SRC_PMC11379445,builtin,Bundled extracted evidence source,,,,PMC11379445,atom_evidence_links.csv,metadata_only,bundled_extraction,2026-08-22,existing_repository_resource,Bibliographic title/year/DOI were not present in the bundled evidence-link resource.
SRC_PMC11382456,builtin,Bundled extracted evidence source,,,,PMC11382456,atom_evidence_links.csv,metadata_only,bundled_extraction,2026-08-22,existing_repository_resource,Bibliographic title/year/DOI were not present in the bundled evidence-link resource.
SRC_PMC11383710,builtin,Bundled extracted evidence source,,,,PMC11383710,atom_evidence_links.csv,metadata_only,bundled_extraction,2026-08-22,existing_repository_resource,Bibliographic title/year/DOI were not present in the bundled evidence-link resource.
SRC_PMC11392768,builtin,Bundled extracted evidence source,,,,PMC11392768,atom_evidence_links.csv,metadata_only,bundled_extraction,2026-08-22,existing_repository_resource,Bibliographic title/year/DOI were not present in the bundled evidence-link resource.
SRC_PMC11404838,builtin,Bundled extracted evidence source,,,,PMC11404838,atom_evidence_links.csv,metadata_only,bundled_extraction,2026-08-22,existing_repository_resource,Bibliographic title/year/DOI were not present in the bundled evidence-link resource.
SRC_PMC11407240,builtin,Bundled extracted evidence source,,,,PMC11407240,atom_evidence_links.csv,metadata_only,bundled_extraction,2026-08-22,existing_repository_resource,Bibliographic title/year/DOI were not present in the bundled evidence-link resource.
SRC_PMC11421663,builtin,Bundled extracted evidence source,,,,PMC11421663,atom_evidence_links.csv,metadata_only,bundled_extraction,2026-08-22,existing_repository_resource,Bibliographic title/year/DOI were not present in the bundled evidence-link resource.
SRC_PMC11427210,builtin,Bundled extracted evidence source,,,,PMC11427210,atom_evidence_links.csv,metadata_only,bundled_extraction,2026-08-22,existing_repository_resource,Bibliographic title/year/DOI were not present in the bundled evidence-link resource.
SRC_PMC11428271,builtin,Bundled extracted evidence source,,,,PMC11428271,atom_evidence_links.csv,metadata_only,bundled_extraction,2026-08-22,existing_repository_resource,Bibliographic title/year/DOI were not present in the bundled evidence-link resource.
SRC_PMC11429964,builtin,Bundled extracted evidence source,,,,PMC11429964,atom_evidence_links.csv,metadata_only,bundled_extraction,2026-08-22,existing_repository_resource,Bibliographic title/year/DOI were not present in the bundled evidence-link resource.
SRC_PMC11432853,builtin,Bundled extracted evidence source,,,,PMC11432853,atom_evidence_links.csv,metadata_only,bundled_extraction,2026-08-22,existing_repository_resource,Bibliographic title/year/DOI were not present in the bundled evidence-link resource.
SRC_PMC11437797,builtin,Bundled extracted evidence source,,,,PMC11437797,atom_evidence_links.csv,metadata_only,bundled_extraction,2026-08-22,existing_repository_resource,Bibliographic title/year/DOI were not present in the bundled evidence-link resource.
SRC_PMC11443291,builtin,Bundled extracted evidence source,,,,PMC11443291,atom_evidence_links.csv,metadata_only,bundled_extraction,2026-08-22,existing_repository_resource,Bibliographic title/year/DOI were not present in the bundled evidence-link resource.
SRC_PMC11450226,builtin,Bundled extracted evidence source,,,,PMC11450226,atom_evidence_links.csv,metadata_only,bundled_extraction,2026-08-22,existing_repository_resource,Bibliographic title/year/DOI were not present in the bundled evidence-link resource.
SRC_PMC11460616,builtin,Bundled extracted evidence source,,,,PMC11460616,atom_evidence_links.csv,metadata_only,bundled_extraction,2026-08-22,existing_repository_resource,Bibliographic title/year/DOI were not present in the bundled evidence-link resource.
SRC_PMC11461194,builtin,Bundled extracted evidence source,,,,PMC11461194,atom_evidence_links.csv,metadata_only,bundled_extraction,2026-08-22,existing_repository_resource,Bibliographic title/year/DOI were not present in the bundled evidence-link resource.
SRC_PMC11467741,builtin,Bundled extracted evidence source,,,,PMC11467741,atom_evidence_links.csv,metadata_only,bundled_extraction,2026-08-22,existing_repository_resource,Bibliographic title/year/DOI were not present in the bundled evidence-link resource.
SRC_PMC11470749,builtin,Bundled extracted evidence source,,,,PMC11470749,atom_evidence_links.csv,metadata_only,bundled_extraction,2026-08-22,existing_repository_resource,Bibliographic title/year/DOI were not present in the bundled evidence-link resource.
SRC_PMC11479381,builtin,Bundled extracted evidence source,,,,PMC11479381,atom_evidence_links.csv,metadata_only,bundled_extraction,2026-08-22,existing_repository_resource,Bibliographic title/year/DOI were not present in the bundled evidence-link resource.
SRC_PMC11482185,builtin,Bundled extracted evidence source,,,,PMC11482185,atom_evidence_links.csv,metadata_only,bundled_extraction,2026-08-22,existing_repository_resource,Bibliographic title/year/DOI were not present in the bundled evidence-link resource.
SRC_PMC11487584,builtin,Bundled extracted evidence source,,,,PMC11487584,atom_evidence_links.csv,metadata_only,bundled_extraction,2026-08-22,existing_repository_resource,Bibliographic title/year/DOI were not present in the bundled evidence-link resource.
SRC_PMC11493908,builtin,Bundled extracted evidence source,,,,PMC11493908,atom_evidence_links.csv,metadata_only,bundled_extraction,2026-08-22,existing_repository_resource,Bibliographic title/year/DOI were not present in the bundled evidence-link resource.
SRC_PMC11498316,builtin,Bundled extracted evidence source,,,,PMC11498316,atom_evidence_links.csv,metadata_only,bundled_extraction,2026-08-22,existing_repository_resource,Bibliographic title/year/DOI were not present in the bundled evidence-link resource.
SRC_PMC11505713,builtin,Bundled extracted evidence source,,,,PMC11505713,atom_evidence_links.csv,metadata_only,bundled_extraction,2026-08-22,existing_repository_resource,Bibliographic title/year/DOI were not present in the bundled evidence-link resource.
SRC_PMC11506513,builtin,Bundled extracted evidence source,,,,PMC11506513,atom_evidence_links.csv,metadata_only,bundled_extraction,2026-08-22,existing_repository_resource,Bibliographic title/year/DOI were not present in the bundled evidence-link resource.
SRC_PMC11512011,builtin,Bundled extracted evidence source,,,,PMC11512011,atom_evidence_links.csv,metadata_only,bundled_extraction,2026-08-22,existing_repository_resource,Bibliographic title/year/DOI were not present in the bundled evidence-link resource.
SRC_PMC11518980,builtin,Bundled extracted evidence source,,,,PMC11518980,atom_evidence_links.csv,metadata_only,bundled_extraction,2026-08-22,existing_repository_resource,Bibliographic title/year/DOI were not present in the bundled evidence-link resource.
SRC_PMC11519002,builtin,Bundled extracted evidence source,,,,PMC11519002,atom_evidence_links.csv,metadata_only,bundled_extraction,2026-08-22,existing_repository_resource,Bibliographic title/year/DOI were not present in the bundled evidence-link resource.
SRC_PMC11521827,builtin,Bundled extracted evidence source,,,,PMC11521827,atom_evidence_links.csv,metadata_only,bundled_extraction,2026-08-22,existing_repository_resource,Bibliographic title/year/DOI were not present in the bundled evidence-link resource.
SRC_PMC11527621,builtin,Bundled extracted evidence source,,,,PMC11527621,atom_evidence_links.csv,metadata_only,bundled_extraction,2026-08-22,existing_repository_resource,Bibliographic title/year/DOI were not present in the bundled evidence-link resource.
SRC_PMC11527908,builtin,Bundled extracted evidence source,,,,PMC11527908,atom_evidence_links.csv,metadata_only,bundled_extraction,2026-08-22,existing_repository_resource,Bibliographic title/year/DOI were not present in the bundled evidence-link resource.
SRC_PMC11528424,builtin,Bundled extracted evidence source,,,,PMC11528424,atom_evidence_links.csv,metadata_only,bundled_extraction,2026-08-22,existing_repository_resource,Bibliographic title/year/DOI were not present in the bundled evidence-link resource.
SRC_PMC11540188,builtin,Bundled extracted evidence source,,,,PMC11540188,atom_evidence_links.csv,metadata_only,bundled_extraction,2026-08-22,existing_repository_resource,Bibliographic title/year/DOI were not present in the bundled evidence-link resource.
SRC_PMC11545383,builtin,Bundled extracted evidence source,,,,PMC11545383,atom_evidence_links.csv,metadata_only,bundled_extraction,2026-08-22,existing_repository_resource,Bibliographic title/year/DOI were not present in the bundled evidence-link resource.
SRC_PMC11548208,builtin,Bundled extracted evidence source,,,,PMC11548208,atom_evidence_links.csv,metadata_only,bundled_extraction,2026-08-22,existing_repository_resource,Bibliographic title/year/DOI were not present in the bundled evidence-link resource.
SRC_PMC11548375,builtin,Bundled extracted evidence source,,,,PMC11548375,atom_evidence_links.csv,metadata_only,bundled_extraction,2026-08-22,existing_repository_resource,Bibliographic title/year/DOI were not present in the bundled evidence-link resource.
SRC_PMC11555064,builtin,Bundled extracted evidence source,,,,PMC11555064,atom_evidence_links.csv,metadata_only,bundled_extraction,2026-08-22,existing_repository_resource,Bibliographic title/year/DOI were not present in the bundled evidence-link resource.
SRC_PMC11557353,builtin,Bundled extracted evidence source,,,,PMC11557353,atom_evidence_links.csv,metadata_only,bundled_extraction,2026-08-22,existing_repository_resource,Bibliographic title/year/DOI were not present in the bundled evidence-link resource.
SRC_PMC11564592,builtin,Bundled extracted evidence source,,,,PMC11564592,atom_evidence_links.csv,metadata_only,bundled_extraction,2026-08-22,existing_repository_resource,Bibliographic title/year/DOI were not present in the bundled evidence-link resource.
SRC_PMC11565806,builtin,Bundled extracted evidence source,,,,PMC11565806,atom_evidence_links.csv,metadata_only,bundled_extraction,2026-08-22,existing_repository_resource,Bibliographic title/year/DOI were not present in the bundled evidence-link resource.
SRC_PMC11566259,builtin,Bundled extracted evidence source,,,,PMC11566259,atom_evidence_links.csv,metadata_only,bundled_extraction,2026-08-22,existing_repository_resource,Bibliographic title/year/DOI were not present in the bundled evidence-link resource.
SRC_PMC11568197,builtin,Bundled extracted evidence source,,,,PMC11568197,atom_evidence_links.csv,metadata_only,bundled_extraction,2026-08-22,existing_repository_resource,Bibliographic title/year/DOI were not present in the bundled evidence-link resource.
SRC_PMC11573361,builtin,Bundled extracted evidence source,,,,PMC11573361,atom_evidence_links.csv,metadata_only,bundled_extraction,2026-08-22,existing_repository_resource,Bibliographic title/year/DOI were not present in the bundled evidence-link resource.
SRC_PMC11573864,builtin,Bundled extracted evidence source,,,,PMC11573864,atom_evidence_links.csv,metadata_only,bundled_extraction,2026-08-22,existing_repository_resource,Bibliographic title/year/DOI were not present in the bundled evidence-link resource.
SRC_PMC11581048,builtin,Bundled extracted evidence source,,,,PMC11581048,atom_evidence_links.csv,metadata_only,bundled_extraction,2026-08-22,existing_repository_resource,Bibliographic title/year/DOI were not present in the bundled evidence-link resource.
SRC_PMC11584861,builtin,Bundled extracted evidence source,,,,PMC11584861,atom_evidence_links.csv,metadata_only,bundled_extraction,2026-08-22,existing_repository_resource,Bibliographic title/year/DOI were not present in the bundled evidence-link resource.
SRC_PMC11587096,builtin,Bundled extracted evidence source,,,,PMC11587096,atom_evidence_links.csv,metadata_only,bundled_extraction,2026-08-22,existing_repository_resource,Bibliographic title/year/DOI were not present in the bundled evidence-link resource.
SRC_PMC11587899,builtin,Bundled extracted evidence source,,,,PMC11587899,atom_evidence_links.csv,metadata_only,bundled_extraction,2026-08-22,existing_repository_resource,Bibliographic title/year/DOI were not present in the bundled evidence-link resource.
SRC_PMC11591234,builtin,Bundled extracted evidence source,,,,PMC11591234,atom_evidence_links.csv,metadata_only,bundled_extraction,2026-08-22,existing_repository_resource,Bibliographic title/year/DOI were not present in the bundled evidence-link resource.
SRC_PMC11592962,builtin,Bundled extracted evidence source,,,,PMC11592962,atom_evidence_links.csv,metadata_only,bundled_extraction,2026-08-22,existing_repository_resource,Bibliographic title/year/DOI were not present in the bundled evidence-link resource.
SRC_PMC11598675,builtin,Bundled extracted evidence source,,,,PMC11598675,atom_evidence_links.csv,metadata_only,bundled_extraction,2026-08-22,existing_repository_resource,Bibliographic title/year/DOI were not present in the bundled evidence-link resource.
SRC_PMC11604711,builtin,Bundled extracted evidence source,,,,PMC11604711,atom_evidence_links.csv,metadata_only,bundled_extraction,2026-08-22,existing_repository_resource,Bibliographic title/year/DOI were not present in the bundled evidence-link resource.
SRC_PMC11606037,builtin,Bundled extracted evidence source,,,,PMC11606037,atom_evidence_links.csv,metadata_only,bundled_extraction,2026-08-22,existing_repository_resource,Bibliographic title/year/DOI were not present in the bundled evidence-link resource.
SRC_PMC11608255,builtin,Bundled extracted evidence source,,,,PMC11608255,atom_evidence_links.csv,metadata_only,bundled_extraction,2026-08-22,existing_repository_resource,Bibliographic title/year/DOI were not present in the bundled evidence-link resource.
SRC_PMC11609993,builtin,Bundled extracted evidence source,,,,PMC11609993,atom_evidence_links.csv,metadata_only,bundled_extraction,2026-08-22,existing_repository_resource,Bibliographic title/year/DOI were not present in the bundled evidence-link resource.
SRC_PMC11615565,builtin,Bundled extracted evidence source,,,,PMC11615565,atom_evidence_links.csv,metadata_only,bundled_extraction,2026-08-22,existing_repository_resource,Bibliographic title/year/DOI were not present in the bundled evidence-link resource.
SRC_PMC11620557,builtin,Bundled extracted evidence source,,,,PMC11620557,atom_evidence_links.csv,metadata_only,bundled_extraction,2026-08-22,existing_repository_resource,Bibliographic title/year/DOI were not present in the bundled evidence-link resource.
SRC_PMC11622424,builtin,Bundled extracted evidence source,,,,PMC11622424,atom_evidence_links.csv,metadata_only,bundled_extraction,2026-08-22,existing_repository_resource,Bibliographic title/year/DOI were not present in the bundled evidence-link resource.
SRC_PMC11629311,builtin,Bundled extracted evidence source,,,,PMC11629311,atom_evidence_links.csv,metadata_only,bundled_extraction,2026-08-22,existing_repository_resource,Bibliographic title/year/DOI were not present in the bundled evidence-link resource.
SRC_PMC11633644,builtin,Bundled extracted evidence source,,,,PMC11633644,atom_evidence_links.csv,metadata_only,bundled_extraction,2026-08-22,existing_repository_resource,Bibliographic title/year/DOI were not present in the bundled evidence-link resource.
SRC_PMC11635295,builtin,Bundled extracted evidence source,,,,PMC11635295,atom_evidence_links.csv,metadata_only,bundled_extraction,2026-08-22,existing_repository_resource,Bibliographic title/year/DOI were not present in the bundled evidence-link resource.
SRC_PMC11640565,builtin,Bundled extracted evidence source,,,,PMC11640565,atom_evidence_links.csv,metadata_only,bundled_extraction,2026-08-22,existing_repository_resource,Bibliographic title/year/DOI were not present in the bundled evidence-link resource.
SRC_PMC11651083,builtin,Bundled extracted evidence source,,,,PMC11651083,atom_evidence_links.csv,metadata_only,bundled_extraction,2026-08-22,existing_repository_resource,Bibliographic title/year/DOI were not present in the bundled evidence-link resource.
SRC_PMC11651133,builtin,Bundled extracted evidence source,,,,PMC11651133,atom_evidence_links.csv,metadata_only,bundled_extraction,2026-08-22,existing_repository_resource,Bibliographic title/year/DOI were not present in the bundled evidence-link resource.
SRC_PMC11651663,builtin,Bundled extracted evidence source,,,,PMC11651663,atom_evidence_links.csv,metadata_only,bundled_extraction,2026-08-22,existing_repository_resource,Bibliographic title/year/DOI were not present in the bundled evidence-link resource.
SRC_PMC11652482,builtin,Bundled extracted evidence source,,,,PMC11652482,atom_evidence_links.csv,metadata_only,bundled_extraction,2026-08-22,existing_repository_resource,Bibliographic title/year/DOI were not present in the bundled evidence-link resource.
SRC_PMC11655732,builtin,Bundled extracted evidence source,,,,PMC11655732,atom_evidence_links.csv,metadata_only,bundled_extraction,2026-08-22,existing_repository_resource,Bibliographic title/year/DOI were not present in the bundled evidence-link resource.
SRC_PMC11658069,builtin,Bundled extracted evidence source,,,,PMC11658069,atom_evidence_links.csv,metadata_only,bundled_extraction,2026-08-22,existing_repository_resource,Bibliographic title/year/DOI were not present in the bundled evidence-link resource.
SRC_PMC11661058,builtin,Bundled extracted evidence source,,,,PMC11661058,atom_evidence_links.csv,metadata_only,bundled_extraction,2026-08-22,existing_repository_resource,Bibliographic title/year/DOI were not present in the bundled evidence-link resource.
SRC_PMC11665088,builtin,Bundled extracted evidence source,,,,PMC11665088,atom_evidence_links.csv,metadata_only,bundled_extraction,2026-08-22,existing_repository_resource,Bibliographic title/year/DOI were not present in the bundled evidence-link resource.
SRC_PMC11668775,builtin,Bundled extracted evidence source,,,,PMC11668775,atom_evidence_links.csv,metadata_only,bundled_extraction,2026-08-22,existing_repository_resource,Bibliographic title/year/DOI were not present in the bundled evidence-link resource.
SRC_PMC11679141,builtin,Bundled extracted evidence source,,,,PMC11679141,atom_evidence_links.csv,metadata_only,bundled_extraction,2026-08-22,existing_repository_resource,Bibliographic title/year/DOI were not present in the bundled evidence-link resource.
SRC_PMC11679405,builtin,Bundled extracted evidence source,,,,PMC11679405,atom_evidence_links.csv,metadata_only,bundled_extraction,2026-08-22,existing_repository_resource,Bibliographic title/year/DOI were not present in the bundled evidence-link resource.
SRC_PMC11687848,builtin,Bundled extracted evidence source,,,,PMC11687848,atom_evidence_links.csv,metadata_only,bundled_extraction,2026-08-22,existing_repository_resource,Bibliographic title/year/DOI were not present in the bundled evidence-link resource.
SRC_PMC11688251,builtin,Bundled extracted evidence source,,,,PMC11688251,atom_evidence_links.csv,metadata_only,bundled_extraction,2026-08-22,existing_repository_resource,Bibliographic title/year/DOI were not present in the bundled evidence-link resource.
SRC_PMC11698844,builtin,Bundled extracted evidence source,,,,PMC11698844,atom_evidence_links.csv,metadata_only,bundled_extraction,2026-08-22,existing_repository_resource,Bibliographic title/year/DOI were not present in the bundled evidence-link resource.
SRC_PMC11700699,builtin,Bundled extracted evidence source,,,,PMC11700699,atom_evidence_links.csv,metadata_only,bundled_extraction,2026-08-22,existing_repository_resource,Bibliographic title/year/DOI were not present in the bundled evidence-link resource.
SRC_PMC11708974,builtin,Bundled extracted evidence source,,,,PMC11708974,atom_evidence_links.csv,metadata_only,bundled_extraction,2026-08-22,existing_repository_resource,Bibliographic title/year/DOI were not present in the bundled evidence-link resource.
SRC_PMC11724951,builtin,Bundled extracted evidence source,,,,PMC11724951,atom_evidence_links.csv,metadata_only,bundled_extraction,2026-08-22,existing_repository_resource,Bibliographic title/year/DOI were not present in the bundled evidence-link resource.
SRC_PMC11750998,builtin,Bundled extracted evidence source,,,,PMC11750998,atom_evidence_links.csv,metadata_only,bundled_extraction,2026-08-22,existing_repository_resource,Bibliographic title/year/DOI were not present in the bundled evidence-link resource.
SRC_PMC11751059,builtin,Bundled extracted evidence source,,,,PMC11751059,atom_evidence_links.csv,metadata_only,bundled_extraction,2026-08-22,existing_repository_resource,Bibliographic title/year/DOI were not present in the bundled evidence-link resource.
SRC_PMC11752877,builtin,Bundled extracted evidence source,,,,PMC11752877,atom_evidence_links.csv,metadata_only,bundled_extraction,2026-08-22,existing_repository_resource,Bibliographic title/year/DOI were not present in the bundled evidence-link resource.
SRC_PMC11762704,builtin,Bundled extracted evidence source,,,,PMC11762704,atom_evidence_links.csv,metadata_only,bundled_extraction,2026-08-22,existing_repository_resource,Bibliographic title/year/DOI were not present in the bundled evidence-link resource.
SRC_PMC11768738,builtin,Bundled extracted evidence source,,,,PMC11768738,atom_evidence_links.csv,metadata_only,bundled_extraction,2026-08-22,existing_repository_resource,Bibliographic title/year/DOI were not present in the bundled evidence-link resource.
SRC_PMC11769814,builtin,Bundled extracted evidence source,,,,PMC11769814,atom_evidence_links.csv,metadata_only,bundled_extraction,2026-08-22,existing_repository_resource,Bibliographic title/year/DOI were not present in the bundled evidence-link resource.
SRC_PMC11771054,builtin,Bundled extracted evidence source,,,,PMC11771054,atom_evidence_links.csv,metadata_only,bundled_extraction,2026-08-22,existing_repository_resource,Bibliographic title/year/DOI were not present in the bundled evidence-link resource.
SRC_PMC11772744,builtin,Bundled extracted evidence source,,,,PMC11772744,atom_evidence_links.csv,metadata_only,bundled_extraction,2026-08-22,existing_repository_resource,Bibliographic title/year/DOI were not present in the bundled evidence-link resource.
SRC_PMC11783108,builtin,Bundled extracted evidence source,,,,PMC11783108,atom_evidence_links.csv,metadata_only,bundled_extraction,2026-08-22,existing_repository_resource,Bibliographic title/year/DOI were not present in the bundled evidence-link resource.
SRC_PMC11785794,builtin,Bundled extracted evidence source,,,,PMC11785794,atom_evidence_links.csv,metadata_only,bundled_extraction,2026-08-22,existing_repository_resource,Bibliographic title/year/DOI were not present in the bundled evidence-link resource.
SRC_PMC11793855,builtin,Bundled extracted evidence source,,,,PMC11793855,atom_evidence_links.csv,metadata_only,bundled_extraction,2026-08-22,existing_repository_resource,Bibliographic title/year/DOI were not present in the bundled evidence-link resource.
SRC_PMC11793863,builtin,Bundled extracted evidence source,,,,PMC11793863,atom_evidence_links.csv,metadata_only,bundled_extraction,2026-08-22,existing_repository_resource,Bibliographic title/year/DOI were not present in the bundled evidence-link resource.
SRC_PMC11808466,builtin,Bundled extracted evidence source,,,,PMC11808466,atom_evidence_links.csv,metadata_only,bundled_extraction,2026-08-22,existing_repository_resource,Bibliographic title/year/DOI were not present in the bundled evidence-link resource.
SRC_PMC11812511,builtin,Bundled extracted evidence source,,,,PMC11812511,atom_evidence_links.csv,metadata_only,bundled_extraction,2026-08-22,existing_repository_resource,Bibliographic title/year/DOI were not present in the bundled evidence-link resource.
SRC_PMC11819900,builtin,Bundled extracted evidence source,,,,PMC11819900,atom_evidence_links.csv,metadata_only,bundled_extraction,2026-08-22,existing_repository_resource,Bibliographic title/year/DOI were not present in the bundled evidence-link resource.
SRC_PMC11821374,builtin,Bundled extracted evidence source,,,,PMC11821374,atom_evidence_links.csv,metadata_only,bundled_extraction,2026-08-22,existing_repository_resource,Bibliographic title/year/DOI were not present in the bundled evidence-link resource.
SRC_PMC11828439,builtin,Bundled extracted evidence source,,,,PMC11828439,atom_evidence_links.csv,metadata_only,bundled_extraction,2026-08-22,existing_repository_resource,Bibliographic title/year/DOI were not present in the bundled evidence-link resource.
SRC_PMC11828630,builtin,Bundled extracted evidence source,,,,PMC11828630,atom_evidence_links.csv,metadata_only,bundled_extraction,2026-08-22,existing_repository_resource,Bibliographic title/year/DOI were not present in the bundled evidence-link resource.
SRC_PMC11828717,builtin,Bundled extracted evidence source,,,,PMC11828717,atom_evidence_links.csv,metadata_only,bundled_extraction,2026-08-22,existing_repository_resource,Bibliographic title/year/DOI were not present in the bundled evidence-link resource.
SRC_PMC11830608,builtin,Bundled extracted evidence source,,,,PMC11830608,atom_evidence_links.csv,metadata_only,bundled_extraction,2026-08-22,existing_repository_resource,Bibliographic title/year/DOI were not present in the bundled evidence-link resource.
SRC_PMC11833346,builtin,Bundled extracted evidence source,,,,PMC11833346,atom_evidence_links.csv,metadata_only,bundled_extraction,2026-08-22,existing_repository_resource,Bibliographic title/year/DOI were not present in the bundled evidence-link resource.
SRC_PMC11841225,builtin,Bundled extracted evidence source,,,,PMC11841225,atom_evidence_links.csv,metadata_only,bundled_extraction,2026-08-22,existing_repository_resource,Bibliographic title/year/DOI were not present in the bundled evidence-link resource.
SRC_PMC11842388,builtin,Bundled extracted evidence source,,,,PMC11842388,atom_evidence_links.csv,metadata_only,bundled_extraction,2026-08-22,existing_repository_resource,Bibliographic title/year/DOI were not present in the bundled evidence-link resource.
SRC_PMC11852277,builtin,Bundled extracted evidence source,,,,PMC11852277,atom_evidence_links.csv,metadata_only,bundled_extraction,2026-08-22,existing_repository_resource,Bibliographic title/year/DOI were not present in the bundled evidence-link resource.
SRC_PMC11857250,builtin,Bundled extracted evidence source,,,,PMC11857250,atom_evidence_links.csv,metadata_only,bundled_extraction,2026-08-22,existing_repository_resource,Bibliographic title/year/DOI were not present in the bundled evidence-link resource.
SRC_PMC11892370,builtin,Bundled extracted evidence source,,,,PMC11892370,atom_evidence_links.csv,metadata_only,bundled_extraction,2026-08-22,existing_repository_resource,Bibliographic title/year/DOI were not present in the bundled evidence-link resource.
SRC_PMC11896818,builtin,Bundled extracted evidence source,,,,PMC11896818,atom_evidence_links.csv,metadata_only,bundled_extraction,2026-08-22,existing_repository_resource,Bibliographic title/year/DOI were not present in the bundled evidence-link resource.
SRC_PMC11903437,builtin,Bundled extracted evidence source,,,,PMC11903437,atom_evidence_links.csv,metadata_only,bundled_extraction,2026-08-22,existing_repository_resource,Bibliographic title/year/DOI were not present in the bundled evidence-link resource.
SRC_PMC11906991,builtin,Bundled extracted evidence source,,,,PMC11906991,atom_evidence_links.csv,metadata_only,bundled_extraction,2026-08-22,existing_repository_resource,Bibliographic title/year/DOI were not present in the bundled evidence-link resource.
SRC_PMC11908070,builtin,Bundled extracted evidence source,,,,PMC11908070,atom_evidence_links.csv,metadata_only,bundled_extraction,2026-08-22,existing_repository_resource,Bibliographic title/year/DOI were not present in the bundled evidence-link resource.
SRC_PMC11910571,builtin,Bundled extracted evidence source,,,,PMC11910571,atom_evidence_links.csv,metadata_only,bundled_extraction,2026-08-22,existing_repository_resource,Bibliographic title/year/DOI were not present in the bundled evidence-link resource.
SRC_PMC11912640,builtin,Bundled extracted evidence source,,,,PMC11912640,atom_evidence_links.csv,metadata_only,bundled_extraction,2026-08-22,existing_repository_resource,Bibliographic title/year/DOI were not present in the bundled evidence-link resource.
SRC_PMC11915464,builtin,Bundled extracted evidence source,,,,PMC11915464,atom_evidence_links.csv,metadata_only,bundled_extraction,2026-08-22,existing_repository_resource,Bibliographic title/year/DOI were not present in the bundled evidence-link resource.
SRC_PMC11918759,builtin,Bundled extracted evidence source,,,,PMC11918759,atom_evidence_links.csv,metadata_only,bundled_extraction,2026-08-22,existing_repository_resource,Bibliographic title/year/DOI were not present in the bundled evidence-link resource.
SRC_PMC11922126,builtin,Bundled extracted evidence source,,,,PMC11922126,atom_evidence_links.csv,metadata_only,bundled_extraction,2026-08-22,existing_repository_resource,Bibliographic title/year/DOI were not present in the bundled evidence-link resource.
SRC_PMC11924667,builtin,Bundled extracted evidence source,,,,PMC11924667,atom_evidence_links.csv,metadata_only,bundled_extraction,2026-08-22,existing_repository_resource,Bibliographic title/year/DOI were not present in the bundled evidence-link resource.
SRC_PMC11934110,builtin,Bundled extracted evidence source,,,,PMC11934110,atom_evidence_links.csv,metadata_only,bundled_extraction,2026-08-22,existing_repository_resource,Bibliographic title/year/DOI were not present in the bundled evidence-link resource.
SRC_PMC11939202,builtin,Bundled extracted evidence source,,,,PMC11939202,atom_evidence_links.csv,metadata_only,bundled_extraction,2026-08-22,existing_repository_resource,Bibliographic title/year/DOI were not present in the bundled evidence-link resource.
SRC_PMC11945418,builtin,Bundled extracted evidence source,,,,PMC11945418,atom_evidence_links.csv,metadata_only,bundled_extraction,2026-08-22,existing_repository_resource,Bibliographic title/year/DOI were not present in the bundled evidence-link resource.
SRC_PMC11946344,builtin,Bundled extracted evidence source,,,,PMC11946344,atom_evidence_links.csv,metadata_only,bundled_extraction,2026-08-22,existing_repository_resource,Bibliographic title/year/DOI were not present in the bundled evidence-link resource.
SRC_PMC11946373,builtin,Bundled extracted evidence source,,,,PMC11946373,atom_evidence_links.csv,metadata_only,bundled_extraction,2026-08-22,existing_repository_resource,Bibliographic title/year/DOI were not present in the bundled evidence-link resource.
SRC_PMC11950063,builtin,Bundled extracted evidence source,,,,PMC11950063,atom_evidence_links.csv,metadata_only,bundled_extraction,2026-08-22,existing_repository_resource,Bibliographic title/year/DOI were not present in the bundled evidence-link resource.
SRC_PMC11956216,builtin,Bundled extracted evidence source,,,,PMC11956216,atom_evidence_links.csv,metadata_only,bundled_extraction,2026-08-22,existing_repository_resource,Bibliographic title/year/DOI were not present in the bundled evidence-link resource.
SRC_PMC11958174,builtin,Bundled extracted evidence source,,,,PMC11958174,atom_evidence_links.csv,metadata_only,bundled_extraction,2026-08-22,existing_repository_resource,Bibliographic title/year/DOI were not present in the bundled evidence-link resource.
SRC_PMC11971117,builtin,Bundled extracted evidence source,,,,PMC11971117,atom_evidence_links.csv,metadata_only,bundled_extraction,2026-08-22,existing_repository_resource,Bibliographic title/year/DOI were not present in the bundled evidence-link resource.
SRC_PMC11979500,builtin,Bundled extracted evidence source,,,,PMC11979500,atom_evidence_links.csv,metadata_only,bundled_extraction,2026-08-22,existing_repository_resource,Bibliographic title/year/DOI were not present in the bundled evidence-link resource.
SRC_PMC11985426,builtin,Bundled extracted evidence source,,,,PMC11985426,atom_evidence_links.csv,metadata_only,bundled_extraction,2026-08-22,existing_repository_resource,Bibliographic title/year/DOI were not present in the bundled evidence-link resource.
SRC_PMC11988768,builtin,Bundled extracted evidence source,,,,PMC11988768,atom_evidence_links.csv,metadata_only,bundled_extraction,2026-08-22,existing_repository_resource,Bibliographic title/year/DOI were not present in the bundled evidence-link resource.
SRC_PMC12001566,builtin,Bundled extracted evidence source,,,,PMC12001566,atom_evidence_links.csv,metadata_only,bundled_extraction,2026-08-22,existing_repository_resource,Bibliographic title/year/DOI were not present in the bundled evidence-link resource.
SRC_PMC12005509,builtin,Bundled extracted evidence source,,,,PMC12005509,atom_evidence_links.csv,metadata_only,bundled_extraction,2026-08-22,existing_repository_resource,Bibliographic title/year/DOI were not present in the bundled evidence-link resource.
SRC_PMC12011959,builtin,Bundled extracted evidence source,,,,PMC12011959,atom_evidence_links.csv,metadata_only,bundled_extraction,2026-08-22,existing_repository_resource,Bibliographic title/year/DOI were not present in the bundled evidence-link resource.
SRC_PMC12012285,builtin,Bundled extracted evidence source,,,,PMC12012285,atom_evidence_links.csv,metadata_only,bundled_extraction,2026-08-22,existing_repository_resource,Bibliographic title/year/DOI were not present in the bundled evidence-link resource.
SRC_PMC12014625,builtin,Bundled extracted evidence source,,,,PMC12014625,atom_evidence_links.csv,metadata_only,bundled_extraction,2026-08-22,existing_repository_resource,Bibliographic title/year/DOI were not present in the bundled evidence-link resource.
SRC_PMC12025269,builtin,Bundled extracted evidence source,,,,PMC12025269,atom_evidence_links.csv,metadata_only,bundled_extraction,2026-08-22,existing_repository_resource,Bibliographic title/year/DOI were not present in the bundled evidence-link resource.
SRC_PMC12034530,builtin,Bundled extracted evidence source,,,,PMC12034530,atom_evidence_links.csv,metadata_only,bundled_extraction,2026-08-22,existing_repository_resource,Bibliographic title/year/DOI were not present in the bundled evidence-link resource.
SRC_PMC12035826,builtin,Bundled extracted evidence source,,,,PMC12035826,atom_evidence_links.csv,metadata_only,bundled_extraction,2026-08-22,existing_repository_resource,Bibliographic title/year/DOI were not present in the bundled evidence-link resource.
SRC_PMC12036635,builtin,Bundled extracted evidence source,,,,PMC12036635,atom_evidence_links.csv,metadata_only,bundled_extraction,2026-08-22,existing_repository_resource,Bibliographic title/year/DOI were not present in the bundled evidence-link resource.
SRC_PMC12049316,builtin,Bundled extracted evidence source,,,,PMC12049316,atom_evidence_links.csv,metadata_only,bundled_extraction,2026-08-22,existing_repository_resource,Bibliographic title/year/DOI were not present in the bundled evidence-link resource.
SRC_PMC12053328,builtin,Bundled extracted evidence source,,,,PMC12053328,atom_evidence_links.csv,metadata_only,bundled_extraction,2026-08-22,existing_repository_resource,Bibliographic title/year/DOI were not present in the bundled evidence-link resource.
SRC_PMC12054330,builtin,Bundled extracted evidence source,,,,PMC12054330,atom_evidence_links.csv,metadata_only,bundled_extraction,2026-08-22,existing_repository_resource,Bibliographic title/year/DOI were not present in the bundled evidence-link resource.
SRC_PMC12061381,builtin,Bundled extracted evidence source,,,,PMC12061381,atom_evidence_links.csv,metadata_only,bundled_extraction,2026-08-22,existing_repository_resource,Bibliographic title/year/DOI were not present in the bundled evidence-link resource.
SRC_PMC12076020,builtin,Bundled extracted evidence source,,,,PMC12076020,atom_evidence_links.csv,metadata_only,bundled_extraction,2026-08-22,existing_repository_resource,Bibliographic title/year/DOI were not present in the bundled evidence-link resource.
SRC_PMC12077575,builtin,Bundled extracted evidence source,,,,PMC12077575,atom_evidence_links.csv,metadata_only,bundled_extraction,2026-08-22,existing_repository_resource,Bibliographic title/year/DOI were not present in the bundled evidence-link resource.
SRC_PMC12080153,builtin,Bundled extracted evidence source,,,,PMC12080153,atom_evidence_links.csv,metadata_only,bundled_extraction,2026-08-22,existing_repository_resource,Bibliographic title/year/DOI were not present in the bundled evidence-link resource.
SRC_PMC12081164,builtin,Bundled extracted evidence source,,,,PMC12081164,atom_evidence_links.csv,metadata_only,bundled_extraction,2026-08-22,existing_repository_resource,Bibliographic title/year/DOI were not present in the bundled evidence-link resource.
SRC_PMC12084981,builtin,Bundled extracted evidence source,,,,PMC12084981,atom_evidence_links.csv,metadata_only,bundled_extraction,2026-08-22,existing_repository_resource,Bibliographic title/year/DOI were not present in the bundled evidence-link resource.
SRC_PMC12089058,builtin,Bundled extracted evidence source,,,,PMC12089058,atom_evidence_links.csv,metadata_only,bundled_extraction,2026-08-22,existing_repository_resource,Bibliographic title/year/DOI were not present in the bundled evidence-link resource.
SRC_PMC12097611,builtin,Bundled extracted evidence source,,,,PMC12097611,atom_evidence_links.csv,metadata_only,bundled_extraction,2026-08-22,existing_repository_resource,Bibliographic title/year/DOI were not present in the bundled evidence-link resource.
SRC_PMC12098621,builtin,Bundled extracted evidence source,,,,PMC12098621,atom_evidence_links.csv,metadata_only,bundled_extraction,2026-08-22,existing_repository_resource,Bibliographic title/year/DOI were not present in the bundled evidence-link resource.
SRC_PMC12105807,builtin,Bundled extracted evidence source,,,,PMC12105807,atom_evidence_links.csv,metadata_only,bundled_extraction,2026-08-22,existing_repository_resource,Bibliographic title/year/DOI were not present in the bundled evidence-link resource.
SRC_PMC12110038,builtin,Bundled extracted evidence source,,,,PMC12110038,atom_evidence_links.csv,metadata_only,bundled_extraction,2026-08-22,existing_repository_resource,Bibliographic title/year/DOI were not present in the bundled evidence-link resource.
SRC_PMC12110572,builtin,Bundled extracted evidence source,,,,PMC12110572,atom_evidence_links.csv,metadata_only,bundled_extraction,2026-08-22,existing_repository_resource,Bibliographic title/year/DOI were not present in the bundled evidence-link resource.
SRC_PMC12119335,builtin,Bundled extracted evidence source,,,,PMC12119335,atom_evidence_links.csv,metadata_only,bundled_extraction,2026-08-22,existing_repository_resource,Bibliographic title/year/DOI were not present in the bundled evidence-link resource.
SRC_PMC12119631,builtin,Bundled extracted evidence source,,,,PMC12119631,atom_evidence_links.csv,metadata_only,bundled_extraction,2026-08-22,existing_repository_resource,Bibliographic title/year/DOI were not present in the bundled evidence-link resource.
SRC_PMC12134447,builtin,Bundled extracted evidence source,,,,PMC12134447,atom_evidence_links.csv,metadata_only,bundled_extraction,2026-08-22,existing_repository_resource,Bibliographic title/year/DOI were not present in the bundled evidence-link resource.
SRC_PMC12135919,builtin,Bundled extracted evidence source,,,,PMC12135919,atom_evidence_links.csv,metadata_only,bundled_extraction,2026-08-22,existing_repository_resource,Bibliographic title/year/DOI were not present in the bundled evidence-link resource.
SRC_PMC12144309,builtin,Bundled extracted evidence source,,,,PMC12144309,atom_evidence_links.csv,metadata_only,bundled_extraction,2026-08-22,existing_repository_resource,Bibliographic title/year/DOI were not present in the bundled evidence-link resource.
SRC_PMC12151435,builtin,Bundled extracted evidence source,,,,PMC12151435,atom_evidence_links.csv,metadata_only,bundled_extraction,2026-08-22,existing_repository_resource,Bibliographic title/year/DOI were not present in the bundled evidence-link resource.
SRC_PMC12155569,builtin,Bundled extracted evidence source,,,,PMC12155569,atom_evidence_links.csv,metadata_only,bundled_extraction,2026-08-22,existing_repository_resource,Bibliographic title/year/DOI were not present in the bundled evidence-link resource.
SRC_PMC12157042,builtin,Bundled extracted evidence source,,,,PMC12157042,atom_evidence_links.csv,metadata_only,bundled_extraction,2026-08-22,existing_repository_resource,Bibliographic title/year/DOI were not present in the bundled evidence-link resource.
SRC_PMC12171123,builtin,Bundled extracted evidence source,,,,PMC12171123,atom_evidence_links.csv,metadata_only,bundled_extraction,2026-08-22,existing_repository_resource,Bibliographic title/year/DOI were not present in the bundled evidence-link resource.
SRC_PMC12176596,builtin,Bundled extracted evidence source,,,,PMC12176596,atom_evidence_links.csv,metadata_only,bundled_extraction,2026-08-22,existing_repository_resource,Bibliographic title/year/DOI were not present in the bundled evidence-link resource.
SRC_PMC12176816,builtin,Bundled extracted evidence source,,,,PMC12176816,atom_evidence_links.csv,metadata_only,bundled_extraction,2026-08-22,existing_repository_resource,Bibliographic title/year/DOI were not present in the bundled evidence-link resource.
SRC_PMC12179319,builtin,Bundled extracted evidence source,,,,PMC12179319,atom_evidence_links.csv,metadata_only,bundled_extraction,2026-08-22,existing_repository_resource,Bibliographic title/year/DOI were not present in the bundled evidence-link resource.
SRC_PMC12206696,builtin,Bundled extracted evidence source,,,,PMC12206696,atom_evidence_links.csv,metadata_only,bundled_extraction,2026-08-22,existing_repository_resource,Bibliographic title/year/DOI were not present in the bundled evidence-link resource.
SRC_PMC12209089,builtin,Bundled extracted evidence source,,,,PMC12209089,atom_evidence_links.csv,metadata_only,bundled_extraction,2026-08-22,existing_repository_resource,Bibliographic title/year/DOI were not present in the bundled evidence-link resource.
SRC_PMC12211333,builtin,Bundled extracted evidence source,,,,PMC12211333,atom_evidence_links.csv,metadata_only,bundled_extraction,2026-08-22,existing_repository_resource,Bibliographic title/year/DOI were not present in the bundled evidence-link resource.
SRC_PMC12211554,builtin,Bundled extracted evidence source,,,,PMC12211554,atom_evidence_links.csv,metadata_only,bundled_extraction,2026-08-22,existing_repository_resource,Bibliographic title/year/DOI were not present in the bundled evidence-link resource.
SRC_PMC12213380,builtin,Bundled extracted evidence source,,,,PMC12213380,atom_evidence_links.csv,metadata_only,bundled_extraction,2026-08-22,existing_repository_resource,Bibliographic title/year/DOI were not present in the bundled evidence-link resource.
SRC_PMC12215065,builtin,Bundled extracted evidence source,,,,PMC12215065,atom_evidence_links.csv,metadata_only,bundled_extraction,2026-08-22,existing_repository_resource,Bibliographic title/year/DOI were not present in the bundled evidence-link resource.
SRC_PMC12247563,builtin,Bundled extracted evidence source,,,,PMC12247563,atom_evidence_links.csv,metadata_only,bundled_extraction,2026-08-22,existing_repository_resource,Bibliographic title/year/DOI were not present in the bundled evidence-link resource.
SRC_PMC12258558,builtin,Bundled extracted evidence source,,,,PMC12258558,atom_evidence_links.csv,metadata_only,bundled_extraction,2026-08-22,existing_repository_resource,Bibliographic title/year/DOI were not present in the bundled evidence-link resource.
SRC_PMC12270413,builtin,Bundled extracted evidence source,,,,PMC12270413,atom_evidence_links.csv,metadata_only,bundled_extraction,2026-08-22,existing_repository_resource,Bibliographic title/year/DOI were not present in the bundled evidence-link resource.
SRC_PMC12279310,builtin,Bundled extracted evidence source,,,,PMC12279310,atom_evidence_links.csv,metadata_only,bundled_extraction,2026-08-22,existing_repository_resource,Bibliographic title/year/DOI were not present in the bundled evidence-link resource.
SRC_PMC12286108,builtin,Bundled extracted evidence source,,,,PMC12286108,atom_evidence_links.csv,metadata_only,bundled_extraction,2026-08-22,existing_repository_resource,Bibliographic title/year/DOI were not present in the bundled evidence-link resource.
SRC_PMC12286323,builtin,Bundled extracted evidence source,,,,PMC12286323,atom_evidence_links.csv,metadata_only,bundled_extraction,2026-08-22,existing_repository_resource,Bibliographic title/year/DOI were not present in the bundled evidence-link resource.
SRC_PMC12290587,builtin,Bundled extracted evidence source,,,,PMC12290587,atom_evidence_links.csv,metadata_only,bundled_extraction,2026-08-22,existing_repository_resource,Bibliographic title/year/DOI were not present in the bundled evidence-link resource.
SRC_PMC12292983,builtin,Bundled extracted evidence source,,,,PMC12292983,atom_evidence_links.csv,metadata_only,bundled_extraction,2026-08-22,existing_repository_resource,Bibliographic title/year/DOI were not present in the bundled evidence-link resource.
SRC_PMC12294917,builtin,Bundled extracted evidence source,,,,PMC12294917,atom_evidence_links.csv,metadata_only,bundled_extraction,2026-08-22,existing_repository_resource,Bibliographic title/year/DOI were not present in the bundled evidence-link resource.
SRC_PMC12296015,builtin,Bundled extracted evidence source,,,,PMC12296015,atom_evidence_links.csv,metadata_only,bundled_extraction,2026-08-22,existing_repository_resource,Bibliographic title/year/DOI were not present in the bundled evidence-link resource.
SRC_PMC12303396,builtin,Bundled extracted evidence source,,,,PMC12303396,atom_evidence_links.csv,metadata_only,bundled_extraction,2026-08-22,existing_repository_resource,Bibliographic title/year/DOI were not present in the bundled evidence-link resource.
SRC_PMC12306464,builtin,Bundled extracted evidence source,,,,PMC12306464,atom_evidence_links.csv,metadata_only,bundled_extraction,2026-08-22,existing_repository_resource,Bibliographic title/year/DOI were not present in the bundled evidence-link resource.
SRC_PMC12313475,builtin,Bundled extracted evidence source,,,,PMC12313475,atom_evidence_links.csv,metadata_only,bundled_extraction,2026-08-22,existing_repository_resource,Bibliographic title/year/DOI were not present in the bundled evidence-link resource.
SRC_PMC12314427,builtin,Bundled extracted evidence source,,,,PMC12314427,atom_evidence_links.csv,metadata_only,bundled_extraction,2026-08-22,existing_repository_resource,Bibliographic title/year/DOI were not present in the bundled evidence-link resource.
SRC_PMC12318581,builtin,Bundled extracted evidence source,,,,PMC12318581,atom_evidence_links.csv,metadata_only,bundled_extraction,2026-08-22,existing_repository_resource,Bibliographic title/year/DOI were not present in the bundled evidence-link resource.
SRC_PMC12319745,builtin,Bundled extracted evidence source,,,,PMC12319745,atom_evidence_links.csv,metadata_only,bundled_extraction,2026-08-22,existing_repository_resource,Bibliographic title/year/DOI were not present in the bundled evidence-link resource.
SRC_PMC12319781,builtin,Bundled extracted evidence source,,,,PMC12319781,atom_evidence_links.csv,metadata_only,bundled_extraction,2026-08-22,existing_repository_resource,Bibliographic title/year/DOI were not present in the bundled evidence-link resource.
SRC_PMC12319887,builtin,Bundled extracted evidence source,,,,PMC12319887,atom_evidence_links.csv,metadata_only,bundled_extraction,2026-08-22,existing_repository_resource,Bibliographic title/year/DOI were not present in the bundled evidence-link resource.
SRC_PMC12322209,builtin,Bundled extracted evidence source,,,,PMC12322209,atom_evidence_links.csv,metadata_only,bundled_extraction,2026-08-22,existing_repository_resource,Bibliographic title/year/DOI were not present in the bundled evidence-link resource.
SRC_PMC12329493,builtin,Bundled extracted evidence source,,,,PMC12329493,atom_evidence_links.csv,metadata_only,bundled_extraction,2026-08-22,existing_repository_resource,Bibliographic title/year/DOI were not present in the bundled evidence-link resource.
SRC_PMC12340143,builtin,Bundled extracted evidence source,,,,PMC12340143,atom_evidence_links.csv,metadata_only,bundled_extraction,2026-08-22,existing_repository_resource,Bibliographic title/year/DOI were not present in the bundled evidence-link resource.
SRC_PMC12347915,builtin,Bundled extracted evidence source,,,,PMC12347915,atom_evidence_links.csv,metadata_only,bundled_extraction,2026-08-22,existing_repository_resource,Bibliographic title/year/DOI were not present in the bundled evidence-link resource.
SRC_PMC12368614,builtin,Bundled extracted evidence source,,,,PMC12368614,atom_evidence_links.csv,metadata_only,bundled_extraction,2026-08-22,existing_repository_resource,Bibliographic title/year/DOI were not present in the bundled evidence-link resource.
SRC_PMC12375658,builtin,Bundled extracted evidence source,,,,PMC12375658,atom_evidence_links.csv,metadata_only,bundled_extraction,2026-08-22,existing_repository_resource,Bibliographic title/year/DOI were not present in the bundled evidence-link resource.
SRC_PMC12375792,builtin,Bundled extracted evidence source,,,,PMC12375792,atom_evidence_links.csv,metadata_only,bundled_extraction,2026-08-22,existing_repository_resource,Bibliographic title/year/DOI were not present in the bundled evidence-link resource.
SRC_PMC12382210,builtin,Bundled extracted evidence source,,,,PMC12382210,atom_evidence_links.csv,metadata_only,bundled_extraction,2026-08-22,existing_repository_resource,Bibliographic title/year/DOI were not present in the bundled evidence-link resource.
SRC_PMC12384115,builtin,Bundled extracted evidence source,,,,PMC12384115,atom_evidence_links.csv,metadata_only,bundled_extraction,2026-08-22,existing_repository_resource,Bibliographic title/year/DOI were not present in the bundled evidence-link resource.
SRC_PMC12384336,builtin,Bundled extracted evidence source,,,,PMC12384336,atom_evidence_links.csv,metadata_only,bundled_extraction,2026-08-22,existing_repository_resource,Bibliographic title/year/DOI were not present in the bundled evidence-link resource.
SRC_PMC12389796,builtin,Bundled extracted evidence source,,,,PMC12389796,atom_evidence_links.csv,metadata_only,bundled_extraction,2026-08-22,existing_repository_resource,Bibliographic title/year/DOI were not present in the bundled evidence-link resource.
SRC_PMC12390546,builtin,Bundled extracted evidence source,,,,PMC12390546,atom_evidence_links.csv,metadata_only,bundled_extraction,2026-08-22,existing_repository_resource,Bibliographic title/year/DOI were not present in the bundled evidence-link resource.
SRC_PMC12394262,builtin,Bundled extracted evidence source,,,,PMC12394262,atom_evidence_links.csv,metadata_only,bundled_extraction,2026-08-22,existing_repository_resource,Bibliographic title/year/DOI were not present in the bundled evidence-link resource.
SRC_PMC12394502,builtin,Bundled extracted evidence source,,,,PMC12394502,atom_evidence_links.csv,metadata_only,bundled_extraction,2026-08-22,existing_repository_resource,Bibliographic title/year/DOI were not present in the bundled evidence-link resource.
SRC_PMC12395922,builtin,Bundled extracted evidence source,,,,PMC12395922,atom_evidence_links.csv,metadata_only,bundled_extraction,2026-08-22,existing_repository_resource,Bibliographic title/year/DOI were not present in the bundled evidence-link resource.
SRC_PMC12407257,builtin,Bundled extracted evidence source,,,,PMC12407257,atom_evidence_links.csv,metadata_only,bundled_extraction,2026-08-22,existing_repository_resource,Bibliographic title/year/DOI were not present in the bundled evidence-link resource.
SRC_PMC12413766,builtin,Bundled extracted evidence source,,,,PMC12413766,atom_evidence_links.csv,metadata_only,bundled_extraction,2026-08-22,existing_repository_resource,Bibliographic title/year/DOI were not present in the bundled evidence-link resource.
SRC_PMC12424754,builtin,Bundled extracted evidence source,,,,PMC12424754,atom_evidence_links.csv,metadata_only,bundled_extraction,2026-08-22,existing_repository_resource,Bibliographic title/year/DOI were not present in the bundled evidence-link resource.
SRC_PMC12425098,builtin,Bundled extracted evidence source,,,,PMC12425098,atom_evidence_links.csv,metadata_only,bundled_extraction,2026-08-22,existing_repository_resource,Bibliographic title/year/DOI were not present in the bundled evidence-link resource.
SRC_PMC12425317,builtin,Bundled extracted evidence source,,,,PMC12425317,atom_evidence_links.csv,metadata_only,bundled_extraction,2026-08-22,existing_repository_resource,Bibliographic title/year/DOI were not present in the bundled evidence-link resource.
SRC_PMC12425739,builtin,Bundled extracted evidence source,,,,PMC12425739,atom_evidence_links.csv,metadata_only,bundled_extraction,2026-08-22,existing_repository_resource,Bibliographic title/year/DOI were not present in the bundled evidence-link resource.
SRC_PMC12430896,builtin,Bundled extracted evidence source,,,,PMC12430896,atom_evidence_links.csv,metadata_only,bundled_extraction,2026-08-22,existing_repository_resource,Bibliographic title/year/DOI were not present in the bundled evidence-link resource.
SRC_PMC12431000,builtin,Bundled extracted evidence source,,,,PMC12431000,atom_evidence_links.csv,metadata_only,bundled_extraction,2026-08-22,existing_repository_resource,Bibliographic title/year/DOI were not present in the bundled evidence-link resource.
SRC_PMC12431421,builtin,Bundled extracted evidence source,,,,PMC12431421,atom_evidence_links.csv,metadata_only,bundled_extraction,2026-08-22,existing_repository_resource,Bibliographic title/year/DOI were not present in the bundled evidence-link resource.
SRC_PMC12433872,builtin,Bundled extracted evidence source,,,,PMC12433872,atom_evidence_links.csv,metadata_only,bundled_extraction,2026-08-22,existing_repository_resource,Bibliographic title/year/DOI were not present in the bundled evidence-link resource.
SRC_PMC12447979,builtin,Bundled extracted evidence source,,,,PMC12447979,atom_evidence_links.csv,metadata_only,bundled_extraction,2026-08-22,existing_repository_resource,Bibliographic title/year/DOI were not present in the bundled evidence-link resource.
SRC_PMC12451471,builtin,Bundled extracted evidence source,,,,PMC12451471,atom_evidence_links.csv,metadata_only,bundled_extraction,2026-08-22,existing_repository_resource,Bibliographic title/year/DOI were not present in the bundled evidence-link resource.
SRC_PMC12460188,builtin,Bundled extracted evidence source,,,,PMC12460188,atom_evidence_links.csv,metadata_only,bundled_extraction,2026-08-22,existing_repository_resource,Bibliographic title/year/DOI were not present in the bundled evidence-link resource.
SRC_PMC12464127,builtin,Bundled extracted evidence source,,,,PMC12464127,atom_evidence_links.csv,metadata_only,bundled_extraction,2026-08-22,existing_repository_resource,Bibliographic title/year/DOI were not present in the bundled evidence-link resource.
SRC_PMC12467443,builtin,Bundled extracted evidence source,,,,PMC12467443,atom_evidence_links.csv,metadata_only,bundled_extraction,2026-08-22,existing_repository_resource,Bibliographic title/year/DOI were not present in the bundled evidence-link resource.
SRC_PMC12467613,builtin,Bundled extracted evidence source,,,,PMC12467613,atom_evidence_links.csv,metadata_only,bundled_extraction,2026-08-22,existing_repository_resource,Bibliographic title/year/DOI were not present in the bundled evidence-link resource.
SRC_PMC12467839,builtin,Bundled extracted evidence source,,,,PMC12467839,atom_evidence_links.csv,metadata_only,bundled_extraction,2026-08-22,existing_repository_resource,Bibliographic title/year/DOI were not present in the bundled evidence-link resource.
SRC_PMC12468679,builtin,Bundled extracted evidence source,,,,PMC12468679,atom_evidence_links.csv,metadata_only,bundled_extraction,2026-08-22,existing_repository_resource,Bibliographic title/year/DOI were not present in the bundled evidence-link resource.
SRC_PMC12473395,builtin,Bundled extracted evidence source,,,,PMC12473395,atom_evidence_links.csv,metadata_only,bundled_extraction,2026-08-22,existing_repository_resource,Bibliographic title/year/DOI were not present in the bundled evidence-link resource.
SRC_PMC12476264,builtin,Bundled extracted evidence source,,,,PMC12476264,atom_evidence_links.csv,metadata_only,bundled_extraction,2026-08-22,existing_repository_resource,Bibliographic title/year/DOI were not present in the bundled evidence-link resource.
SRC_PMC12481472,builtin,Bundled extracted evidence source,,,,PMC12481472,atom_evidence_links.csv,metadata_only,bundled_extraction,2026-08-22,existing_repository_resource,Bibliographic title/year/DOI were not present in the bundled evidence-link resource.
SRC_PMC12487057,builtin,Bundled extracted evidence source,,,,PMC12487057,atom_evidence_links.csv,metadata_only,bundled_extraction,2026-08-22,existing_repository_resource,Bibliographic title/year/DOI were not present in the bundled evidence-link resource.
SRC_PMC12489784,builtin,Bundled extracted evidence source,,,,PMC12489784,atom_evidence_links.csv,metadata_only,bundled_extraction,2026-08-22,existing_repository_resource,Bibliographic title/year/DOI were not present in the bundled evidence-link resource.
SRC_PMC12496052,builtin,Bundled extracted evidence source,,,,PMC12496052,atom_evidence_links.csv,metadata_only,bundled_extraction,2026-08-22,existing_repository_resource,Bibliographic title/year/DOI were not present in the bundled evidence-link resource.
SRC_PMC12500479,builtin,Bundled extracted evidence source,,,,PMC12500479,atom_evidence_links.csv,metadata_only,bundled_extraction,2026-08-22,existing_repository_resource,Bibliographic title/year/DOI were not present in the bundled evidence-link resource.
SRC_PMC12503683,builtin,Bundled extracted evidence source,,,,PMC12503683,atom_evidence_links.csv,metadata_only,bundled_extraction,2026-08-22,existing_repository_resource,Bibliographic title/year/DOI were not present in the bundled evidence-link resource.
SRC_PMC12504231,builtin,Bundled extracted evidence source,,,,PMC12504231,atom_evidence_links.csv,metadata_only,bundled_extraction,2026-08-22,existing_repository_resource,Bibliographic title/year/DOI were not present in the bundled evidence-link resource.
SRC_PMC12504255,builtin,Bundled extracted evidence source,,,,PMC12504255,atom_evidence_links.csv,metadata_only,bundled_extraction,2026-08-22,existing_repository_resource,Bibliographic title/year/DOI were not present in the bundled evidence-link resource.
SRC_PMC12505193,builtin,Bundled extracted evidence source,,,,PMC12505193,atom_evidence_links.csv,metadata_only,bundled_extraction,2026-08-22,existing_repository_resource,Bibliographic title/year/DOI were not present in the bundled evidence-link resource.
SRC_PMC12517010,builtin,Bundled extracted evidence source,,,,PMC12517010,atom_evidence_links.csv,metadata_only,bundled_extraction,2026-08-22,existing_repository_resource,Bibliographic title/year/DOI were not present in the bundled evidence-link resource.
SRC_PMC12517182,builtin,Bundled extracted evidence source,,,,PMC12517182,atom_evidence_links.csv,metadata_only,bundled_extraction,2026-08-22,existing_repository_resource,Bibliographic title/year/DOI were not present in the bundled evidence-link resource.
SRC_PMC12521986,builtin,Bundled extracted evidence source,,,,PMC12521986,atom_evidence_links.csv,metadata_only,bundled_extraction,2026-08-22,existing_repository_resource,Bibliographic title/year/DOI were not present in the bundled evidence-link resource.
SRC_PMC12522307,builtin,Bundled extracted evidence source,,,,PMC12522307,atom_evidence_links.csv,metadata_only,bundled_extraction,2026-08-22,existing_repository_resource,Bibliographic title/year/DOI were not present in the bundled evidence-link resource.
SRC_PMC12523035,builtin,Bundled extracted evidence source,,,,PMC12523035,atom_evidence_links.csv,metadata_only,bundled_extraction,2026-08-22,existing_repository_resource,Bibliographic title/year/DOI were not present in the bundled evidence-link resource.
SRC_PMC12523926,builtin,Bundled extracted evidence source,,,,PMC12523926,atom_evidence_links.csv,metadata_only,bundled_extraction,2026-08-22,existing_repository_resource,Bibliographic title/year/DOI were not present in the bundled evidence-link resource.
SRC_PMC12524852,builtin,Bundled extracted evidence source,,,,PMC12524852,atom_evidence_links.csv,metadata_only,bundled_extraction,2026-08-22,existing_repository_resource,Bibliographic title/year/DOI were not present in the bundled evidence-link resource.
SRC_PMC12526594,builtin,Bundled extracted evidence source,,,,PMC12526594,atom_evidence_links.csv,metadata_only,bundled_extraction,2026-08-22,existing_repository_resource,Bibliographic title/year/DOI were not present in the bundled evidence-link resource.
SRC_PMC12527594,builtin,Bundled extracted evidence source,,,,PMC12527594,atom_evidence_links.csv,metadata_only,bundled_extraction,2026-08-22,existing_repository_resource,Bibliographic title/year/DOI were not present in the bundled evidence-link resource.
SRC_PMC12546995,builtin,Bundled extracted evidence source,,,,PMC12546995,atom_evidence_links.csv,metadata_only,bundled_extraction,2026-08-22,existing_repository_resource,Bibliographic title/year/DOI were not present in the bundled evidence-link resource.
SRC_PMC12549712,builtin,Bundled extracted evidence source,,,,PMC12549712,atom_evidence_links.csv,metadata_only,bundled_extraction,2026-08-22,existing_repository_resource,Bibliographic title/year/DOI were not present in the bundled evidence-link resource.
SRC_PMC12562941,builtin,Bundled extracted evidence source,,,,PMC12562941,atom_evidence_links.csv,metadata_only,bundled_extraction,2026-08-22,existing_repository_resource,Bibliographic title/year/DOI were not present in the bundled evidence-link resource.
SRC_PMC12563692,builtin,Bundled extracted evidence source,,,,PMC12563692,atom_evidence_links.csv,metadata_only,bundled_extraction,2026-08-22,existing_repository_resource,Bibliographic title/year/DOI were not present in the bundled evidence-link resource.
SRC_PMC12565398,builtin,Bundled extracted evidence source,,,,PMC12565398,atom_evidence_links.csv,metadata_only,bundled_extraction,2026-08-22,existing_repository_resource,Bibliographic title/year/DOI were not present in the bundled evidence-link resource.
SRC_PMC12567750,builtin,Bundled extracted evidence source,,,,PMC12567750,atom_evidence_links.csv,metadata_only,bundled_extraction,2026-08-22,existing_repository_resource,Bibliographic title/year/DOI were not present in the bundled evidence-link resource.
SRC_PMC12581266,builtin,Bundled extracted evidence source,,,,PMC12581266,atom_evidence_links.csv,metadata_only,bundled_extraction,2026-08-22,existing_repository_resource,Bibliographic title/year/DOI were not present in the bundled evidence-link resource.
SRC_PMC12592382,builtin,Bundled extracted evidence source,,,,PMC12592382,atom_evidence_links.csv,metadata_only,bundled_extraction,2026-08-22,existing_repository_resource,Bibliographic title/year/DOI were not present in the bundled evidence-link resource.
SRC_PMC12594995,builtin,Bundled extracted evidence source,,,,PMC12594995,atom_evidence_links.csv,metadata_only,bundled_extraction,2026-08-22,existing_repository_resource,Bibliographic title/year/DOI were not present in the bundled evidence-link resource.
SRC_PMC12617279,builtin,Bundled extracted evidence source,,,,PMC12617279,atom_evidence_links.csv,metadata_only,bundled_extraction,2026-08-22,existing_repository_resource,Bibliographic title/year/DOI were not present in the bundled evidence-link resource.
SRC_PMC12618017,builtin,Bundled extracted evidence source,,,,PMC12618017,atom_evidence_links.csv,metadata_only,bundled_extraction,2026-08-22,existing_repository_resource,Bibliographic title/year/DOI were not present in the bundled evidence-link resource.
SRC_PMC12619181,builtin,Bundled extracted evidence source,,,,PMC12619181,atom_evidence_links.csv,metadata_only,bundled_extraction,2026-08-22,existing_repository_resource,Bibliographic title/year/DOI were not present in the bundled evidence-link resource.
SRC_PMC12619298,builtin,Bundled extracted evidence source,,,,PMC12619298,atom_evidence_links.csv,metadata_only,bundled_extraction,2026-08-22,existing_repository_resource,Bibliographic title/year/DOI were not present in the bundled evidence-link resource.
SRC_PMC12627794,builtin,Bundled extracted evidence source,,,,PMC12627794,atom_evidence_links.csv,metadata_only,bundled_extraction,2026-08-22,existing_repository_resource,Bibliographic title/year/DOI were not present in the bundled evidence-link resource.
SRC_PMC12631896,builtin,Bundled extracted evidence source,,,,PMC12631896,atom_evidence_links.csv,metadata_only,bundled_extraction,2026-08-22,existing_repository_resource,Bibliographic title/year/DOI were not present in the bundled evidence-link resource.
SRC_PMC12634216,builtin,Bundled extracted evidence source,,,,PMC12634216,atom_evidence_links.csv,metadata_only,bundled_extraction,2026-08-22,existing_repository_resource,Bibliographic title/year/DOI were not present in the bundled evidence-link resource.
SRC_PMC12640596,builtin,Bundled extracted evidence source,,,,PMC12640596,atom_evidence_links.csv,metadata_only,bundled_extraction,2026-08-22,existing_repository_resource,Bibliographic title/year/DOI were not present in the bundled evidence-link resource.
SRC_PMC12645990,builtin,Bundled extracted evidence source,,,,PMC12645990,atom_evidence_links.csv,metadata_only,bundled_extraction,2026-08-22,existing_repository_resource,Bibliographic title/year/DOI were not present in the bundled evidence-link resource.
SRC_PMC12647615,builtin,Bundled extracted evidence source,,,,PMC12647615,atom_evidence_links.csv,metadata_only,bundled_extraction,2026-08-22,existing_repository_resource,Bibliographic title/year/DOI were not present in the bundled evidence-link resource.
SRC_PMC12651047,builtin,Bundled extracted evidence source,,,,PMC12651047,atom_evidence_links.csv,metadata_only,bundled_extraction,2026-08-22,existing_repository_resource,Bibliographic title/year/DOI were not present in the bundled evidence-link resource.
SRC_PMC12661853,builtin,Bundled extracted evidence source,,,,PMC12661853,atom_evidence_links.csv,metadata_only,bundled_extraction,2026-08-22,existing_repository_resource,Bibliographic title/year/DOI were not present in the bundled evidence-link resource.
SRC_PMC12669267,builtin,Bundled extracted evidence source,,,,PMC12669267,atom_evidence_links.csv,metadata_only,bundled_extraction,2026-08-22,existing_repository_resource,Bibliographic title/year/DOI were not present in the bundled evidence-link resource.
SRC_PMC12673338,builtin,Bundled extracted evidence source,,,,PMC12673338,atom_evidence_links.csv,metadata_only,bundled_extraction,2026-08-22,existing_repository_resource,Bibliographic title/year/DOI were not present in the bundled evidence-link resource.
SRC_PMC12680568,builtin,Bundled extracted evidence source,,,,PMC12680568,atom_evidence_links.csv,metadata_only,bundled_extraction,2026-08-22,existing_repository_resource,Bibliographic title/year/DOI were not present in the bundled evidence-link resource.
SRC_PMC12680803,builtin,Bundled extracted evidence source,,,,PMC12680803,atom_evidence_links.csv,metadata_only,bundled_extraction,2026-08-22,existing_repository_resource,Bibliographic title/year/DOI were not present in the bundled evidence-link resource.
SRC_PMC12680975,builtin,Bundled extracted evidence source,,,,PMC12680975,atom_evidence_links.csv,metadata_only,bundled_extraction,2026-08-22,existing_repository_resource,Bibliographic title/year/DOI were not present in the bundled evidence-link resource.
SRC_PMC12684069,builtin,Bundled extracted evidence source,,,,PMC12684069,atom_evidence_links.csv,metadata_only,bundled_extraction,2026-08-22,existing_repository_resource,Bibliographic title/year/DOI were not present in the bundled evidence-link resource.
SRC_PMC12685386,builtin,Bundled extracted evidence source,,,,PMC12685386,atom_evidence_links.csv,metadata_only,bundled_extraction,2026-08-22,existing_repository_resource,Bibliographic title/year/DOI were not present in the bundled evidence-link resource.
SRC_PMC12686880,builtin,Bundled extracted evidence source,,,,PMC12686880,atom_evidence_links.csv,metadata_only,bundled_extraction,2026-08-22,existing_repository_resource,Bibliographic title/year/DOI were not present in the bundled evidence-link resource.
SRC_PMC12689357,builtin,Bundled extracted evidence source,,,,PMC12689357,atom_evidence_links.csv,metadata_only,bundled_extraction,2026-08-22,existing_repository_resource,Bibliographic title/year/DOI were not present in the bundled evidence-link resource.
SRC_PMC12696154,builtin,Bundled extracted evidence source,,,,PMC12696154,atom_evidence_links.csv,metadata_only,bundled_extraction,2026-08-22,existing_repository_resource,Bibliographic title/year/DOI were not present in the bundled evidence-link resource.
SRC_PMC12696340,builtin,Bundled extracted evidence source,,,,PMC12696340,atom_evidence_links.csv,metadata_only,bundled_extraction,2026-08-22,existing_repository_resource,Bibliographic title/year/DOI were not present in the bundled evidence-link resource.
SRC_PMC12704090,builtin,Bundled extracted evidence source,,,,PMC12704090,atom_evidence_links.csv,metadata_only,bundled_extraction,2026-08-22,existing_repository_resource,Bibliographic title/year/DOI were not present in the bundled evidence-link resource.
SRC_PMC12714936,builtin,Bundled extracted evidence source,,,,PMC12714936,atom_evidence_links.csv,metadata_only,bundled_extraction,2026-08-22,existing_repository_resource,Bibliographic title/year/DOI were not present in the bundled evidence-link resource.
SRC_PMC12717063,builtin,Bundled extracted evidence source,,,,PMC12717063,atom_evidence_links.csv,metadata_only,bundled_extraction,2026-08-22,existing_repository_resource,Bibliographic title/year/DOI were not present in the bundled evidence-link resource.
SRC_PMC12717444,builtin,Bundled extracted evidence source,,,,PMC12717444,atom_evidence_links.csv,metadata_only,bundled_extraction,2026-08-22,existing_repository_resource,Bibliographic title/year/DOI were not present in the bundled evidence-link resource.
SRC_PMC12728002,builtin,Bundled extracted evidence source,,,,PMC12728002,atom_evidence_links.csv,metadata_only,bundled_extraction,2026-08-22,existing_repository_resource,Bibliographic title/year/DOI were not present in the bundled evidence-link resource.
SRC_PMC12731443,builtin,Bundled extracted evidence source,,,,PMC12731443,atom_evidence_links.csv,metadata_only,bundled_extraction,2026-08-22,existing_repository_resource,Bibliographic title/year/DOI were not present in the bundled evidence-link resource.
SRC_PMC12733924,builtin,Bundled extracted evidence source,,,,PMC12733924,atom_evidence_links.csv,metadata_only,bundled_extraction,2026-08-22,existing_repository_resource,Bibliographic title/year/DOI were not present in the bundled evidence-link resource.
SRC_PMC12740935,builtin,Bundled extracted evidence source,,,,PMC12740935,atom_evidence_links.csv,metadata_only,bundled_extraction,2026-08-22,existing_repository_resource,Bibliographic title/year/DOI were not present in the bundled evidence-link resource.
SRC_PMC12744649,builtin,Bundled extracted evidence source,,,,PMC12744649,atom_evidence_links.csv,metadata_only,bundled_extraction,2026-08-22,existing_repository_resource,Bibliographic title/year/DOI were not present in the bundled evidence-link resource.
SRC_PMC12746691,builtin,Bundled extracted evidence source,,,,PMC12746691,atom_evidence_links.csv,metadata_only,bundled_extraction,2026-08-22,existing_repository_resource,Bibliographic title/year/DOI were not present in the bundled evidence-link resource.
SRC_PMC12747172,builtin,Bundled extracted evidence source,,,,PMC12747172,atom_evidence_links.csv,metadata_only,bundled_extraction,2026-08-22,existing_repository_resource,Bibliographic title/year/DOI were not present in the bundled evidence-link resource.
SRC_PMC12748957,builtin,Bundled extracted evidence source,,,,PMC12748957,atom_evidence_links.csv,metadata_only,bundled_extraction,2026-08-22,existing_repository_resource,Bibliographic title/year/DOI were not present in the bundled evidence-link resource.
SRC_PMC12751410,builtin,Bundled extracted evidence source,,,,PMC12751410,atom_evidence_links.csv,metadata_only,bundled_extraction,2026-08-22,existing_repository_resource,Bibliographic title/year/DOI were not present in the bundled evidence-link resource.
SRC_PMC12751561,builtin,Bundled extracted evidence source,,,,PMC12751561,atom_evidence_links.csv,metadata_only,bundled_extraction,2026-08-22,existing_repository_resource,Bibliographic title/year/DOI were not present in the bundled evidence-link resource.
SRC_PMC12777288,builtin,Bundled extracted evidence source,,,,PMC12777288,atom_evidence_links.csv,metadata_only,bundled_extraction,2026-08-22,existing_repository_resource,Bibliographic title/year/DOI were not present in the bundled evidence-link resource.
SRC_PMC12777921,builtin,Bundled extracted evidence source,,,,PMC12777921,atom_evidence_links.csv,metadata_only,bundled_extraction,2026-08-22,existing_repository_resource,Bibliographic title/year/DOI were not present in the bundled evidence-link resource.
SRC_PMC12781209,builtin,Bundled extracted evidence source,,,,PMC12781209,atom_evidence_links.csv,metadata_only,bundled_extraction,2026-08-22,existing_repository_resource,Bibliographic title/year/DOI were not present in the bundled evidence-link resource.
SRC_PMC12788351,builtin,Bundled extracted evidence source,,,,PMC12788351,atom_evidence_links.csv,metadata_only,bundled_extraction,2026-08-22,existing_repository_resource,Bibliographic title/year/DOI were not present in the bundled evidence-link resource.
SRC_PMC12793994,builtin,Bundled extracted evidence source,,,,PMC12793994,atom_evidence_links.csv,metadata_only,bundled_extraction,2026-08-22,existing_repository_resource,Bibliographic title/year/DOI were not present in the bundled evidence-link resource.
SRC_PMC12803311,builtin,Bundled extracted evidence source,,,,PMC12803311,atom_evidence_links.csv,metadata_only,bundled_extraction,2026-08-22,existing_repository_resource,Bibliographic title/year/DOI were not present in the bundled evidence-link resource.
SRC_PMC12818463,builtin,Bundled extracted evidence source,,,,PMC12818463,atom_evidence_links.csv,metadata_only,bundled_extraction,2026-08-22,existing_repository_resource,Bibliographic title/year/DOI were not present in the bundled evidence-link resource.
SRC_PMC12821684,builtin,Bundled extracted evidence source,,,,PMC12821684,atom_evidence_links.csv,metadata_only,bundled_extraction,2026-08-22,existing_repository_resource,Bibliographic title/year/DOI were not present in the bundled evidence-link resource.
SRC_PMC12833299,builtin,Bundled extracted evidence source,,,,PMC12833299,atom_evidence_links.csv,metadata_only,bundled_extraction,2026-08-22,existing_repository_resource,Bibliographic title/year/DOI were not present in the bundled evidence-link resource.
SRC_PMC12834323,builtin,Bundled extracted evidence source,,,,PMC12834323,atom_evidence_links.csv,metadata_only,bundled_extraction,2026-08-22,existing_repository_resource,Bibliographic title/year/DOI were not present in the bundled evidence-link resource.
SRC_PMC12836396,builtin,Bundled extracted evidence source,,,,PMC12836396,atom_evidence_links.csv,metadata_only,bundled_extraction,2026-08-22,existing_repository_resource,Bibliographic title/year/DOI were not present in the bundled evidence-link resource.
SRC_PMC12838736,builtin,Bundled extracted evidence source,,,,PMC12838736,atom_evidence_links.csv,metadata_only,bundled_extraction,2026-08-22,existing_repository_resource,Bibliographic title/year/DOI were not present in the bundled evidence-link resource.
SRC_PMC12842157,builtin,Bundled extracted evidence source,,,,PMC12842157,atom_evidence_links.csv,metadata_only,bundled_extraction,2026-08-22,existing_repository_resource,Bibliographic title/year/DOI were not present in the bundled evidence-link resource.
SRC_PMC12852004,builtin,Bundled extracted evidence source,,,,PMC12852004,atom_evidence_links.csv,metadata_only,bundled_extraction,2026-08-22,existing_repository_resource,Bibliographic title/year/DOI were not present in the bundled evidence-link resource.
SRC_PMC12859723,builtin,Bundled extracted evidence source,,,,PMC12859723,atom_evidence_links.csv,metadata_only,bundled_extraction,2026-08-22,existing_repository_resource,Bibliographic title/year/DOI were not present in the bundled evidence-link resource.
SRC_PMC12861188,builtin,Bundled extracted evidence source,,,,PMC12861188,atom_evidence_links.csv,metadata_only,bundled_extraction,2026-08-22,existing_repository_resource,Bibliographic title/year/DOI were not present in the bundled evidence-link resource.
SRC_PMC12865808,builtin,Bundled extracted evidence source,,,,PMC12865808,atom_evidence_links.csv,metadata_only,bundled_extraction,2026-08-22,existing_repository_resource,Bibliographic title/year/DOI were not present in the bundled evidence-link resource.
SRC_PMC12868789,builtin,Bundled extracted evidence source,,,,PMC12868789,atom_evidence_links.csv,metadata_only,bundled_extraction,2026-08-22,existing_repository_resource,Bibliographic title/year/DOI were not present in the bundled evidence-link resource.
SRC_PMC12870292,builtin,Bundled extracted evidence source,,,,PMC12870292,atom_evidence_links.csv,metadata_only,bundled_extraction,2026-08-22,existing_repository_resource,Bibliographic title/year/DOI were not present in the bundled evidence-link resource.
SRC_PMC12875935,builtin,Bundled extracted evidence source,,,,PMC12875935,atom_evidence_links.csv,metadata_only,bundled_extraction,2026-08-22,existing_repository_resource,Bibliographic title/year/DOI were not present in the bundled evidence-link resource.
SRC_PMC12876175,builtin,Bundled extracted evidence source,,,,PMC12876175,atom_evidence_links.csv,metadata_only,bundled_extraction,2026-08-22,existing_repository_resource,Bibliographic title/year/DOI were not present in the bundled evidence-link resource.
SRC_PMC12877426,builtin,Bundled extracted evidence source,,,,PMC12877426,atom_evidence_links.csv,metadata_only,bundled_extraction,2026-08-22,existing_repository_resource,Bibliographic title/year/DOI were not present in the bundled evidence-link resource.
SRC_PMC12885967,builtin,Bundled extracted evidence source,,,,PMC12885967,atom_evidence_links.csv,metadata_only,bundled_extraction,2026-08-22,existing_repository_resource,Bibliographic title/year/DOI were not present in the bundled evidence-link resource.
SRC_PMC12889770,builtin,Bundled extracted evidence source,,,,PMC12889770,atom_evidence_links.csv,metadata_only,bundled_extraction,2026-08-22,existing_repository_resource,Bibliographic title/year/DOI were not present in the bundled evidence-link resource.
SRC_PMC12890182,builtin,Bundled extracted evidence source,,,,PMC12890182,atom_evidence_links.csv,metadata_only,bundled_extraction,2026-08-22,existing_repository_resource,Bibliographic title/year/DOI were not present in the bundled evidence-link resource.
SRC_PMC12895585,builtin,Bundled extracted evidence source,,,,PMC12895585,atom_evidence_links.csv,metadata_only,bundled_extraction,2026-08-22,existing_repository_resource,Bibliographic title/year/DOI were not present in the bundled evidence-link resource.
SRC_PMC12909569,builtin,Bundled extracted evidence source,,,,PMC12909569,atom_evidence_links.csv,metadata_only,bundled_extraction,2026-08-22,existing_repository_resource,Bibliographic title/year/DOI were not present in the bundled evidence-link resource.
SRC_PMC12912286,builtin,Bundled extracted evidence source,,,,PMC12912286,atom_evidence_links.csv,metadata_only,bundled_extraction,2026-08-22,existing_repository_resource,Bibliographic title/year/DOI were not present in the bundled evidence-link resource.
SRC_PMC12917544,builtin,Bundled extracted evidence source,,,,PMC12917544,atom_evidence_links.csv,metadata_only,bundled_extraction,2026-08-22,existing_repository_resource,Bibliographic title/year/DOI were not present in the bundled evidence-link resource.
SRC_PMC12917968,builtin,Bundled extracted evidence source,,,,PMC12917968,atom_evidence_links.csv,metadata_only,bundled_extraction,2026-08-22,existing_repository_resource,Bibliographic title/year/DOI were not present in the bundled evidence-link resource.
SRC_PMC12920601,builtin,Bundled extracted evidence source,,,,PMC12920601,atom_evidence_links.csv,metadata_only,bundled_extraction,2026-08-22,existing_repository_resource,Bibliographic title/year/DOI were not present in the bundled evidence-link resource.
SRC_PMC12928930,builtin,Bundled extracted evidence source,,,,PMC12928930,atom_evidence_links.csv,metadata_only,bundled_extraction,2026-08-22,existing_repository_resource,Bibliographic title/year/DOI were not present in the bundled evidence-link resource.
SRC_PMC12929534,builtin,Bundled extracted evidence source,,,,PMC12929534,atom_evidence_links.csv,metadata_only,bundled_extraction,2026-08-22,existing_repository_resource,Bibliographic title/year/DOI were not present in the bundled evidence-link resource.
SRC_PMC12929548,builtin,Bundled extracted evidence source,,,,PMC12929548,atom_evidence_links.csv,metadata_only,bundled_extraction,2026-08-22,existing_repository_resource,Bibliographic title/year/DOI were not present in the bundled evidence-link resource.
SRC_PMC12931874,builtin,Bundled extracted evidence source,,,,PMC12931874,atom_evidence_links.csv,metadata_only,bundled_extraction,2026-08-22,existing_repository_resource,Bibliographic title/year/DOI were not present in the bundled evidence-link resource.
SRC_PMC12938391,builtin,Bundled extracted evidence source,,,,PMC12938391,atom_evidence_links.csv,metadata_only,bundled_extraction,2026-08-22,existing_repository_resource,Bibliographic title/year/DOI were not present in the bundled evidence-link resource.
SRC_PMC12938437,builtin,Bundled extracted evidence source,,,,PMC12938437,atom_evidence_links.csv,metadata_only,bundled_extraction,2026-08-22,existing_repository_resource,Bibliographic title/year/DOI were not present in the bundled evidence-link resource.
SRC_PMC12938450,builtin,Bundled extracted evidence source,,,,PMC12938450,atom_evidence_links.csv,metadata_only,bundled_extraction,2026-08-22,existing_repository_resource,Bibliographic title/year/DOI were not present in the bundled evidence-link resource.
SRC_PMC12938511,builtin,Bundled extracted evidence source,,,,PMC12938511,atom_evidence_links.csv,metadata_only,bundled_extraction,2026-08-22,existing_repository_resource,Bibliographic title/year/DOI were not present in the bundled evidence-link resource.
SRC_PMC12942210,builtin,Bundled extracted evidence source,,,,PMC12942210,atom_evidence_links.csv,metadata_only,bundled_extraction,2026-08-22,existing_repository_resource,Bibliographic title/year/DOI were not present in the bundled evidence-link resource.
SRC_PMC12944262,builtin,Bundled extracted evidence source,,,,PMC12944262,atom_evidence_links.csv,metadata_only,bundled_extraction,2026-08-22,existing_repository_resource,Bibliographic title/year/DOI were not present in the bundled evidence-link resource.
SRC_PMC12944312,builtin,Bundled extracted evidence source,,,,PMC12944312,atom_evidence_links.csv,metadata_only,bundled_extraction,2026-08-22,existing_repository_resource,Bibliographic title/year/DOI were not present in the bundled evidence-link resource.
SRC_PMC12947160,builtin,Bundled extracted evidence source,,,,PMC12947160,atom_evidence_links.csv,metadata_only,bundled_extraction,2026-08-22,existing_repository_resource,Bibliographic title/year/DOI were not present in the bundled evidence-link resource.
SRC_PMC12947967,builtin,Bundled extracted evidence source,,,,PMC12947967,atom_evidence_links.csv,metadata_only,bundled_extraction,2026-08-22,existing_repository_resource,Bibliographic title/year/DOI were not present in the bundled evidence-link resource.
SRC_PMC12952035,builtin,Bundled extracted evidence source,,,,PMC12952035,atom_evidence_links.csv,metadata_only,bundled_extraction,2026-08-22,existing_repository_resource,Bibliographic title/year/DOI were not present in the bundled evidence-link resource.
SRC_PMC12956378,builtin,Bundled extracted evidence source,,,,PMC12956378,atom_evidence_links.csv,metadata_only,bundled_extraction,2026-08-22,existing_repository_resource,Bibliographic title/year/DOI were not present in the bundled evidence-link resource.
SRC_PMC12958933,builtin,Bundled extracted evidence source,,,,PMC12958933,atom_evidence_links.csv,metadata_only,bundled_extraction,2026-08-22,existing_repository_resource,Bibliographic title/year/DOI were not present in the bundled evidence-link resource.
SRC_PMC12959832,builtin,Bundled extracted evidence source,,,,PMC12959832,atom_evidence_links.csv,metadata_only,bundled_extraction,2026-08-22,existing_repository_resource,Bibliographic title/year/DOI were not present in the bundled evidence-link resource.
SRC_PMC12960153,builtin,Bundled extracted evidence source,,,,PMC12960153,atom_evidence_links.csv,metadata_only,bundled_extraction,2026-08-22,existing_repository_resource,Bibliographic title/year/DOI were not present in the bundled evidence-link resource.
SRC_PMC12963401,builtin,Bundled extracted evidence source,,,,PMC12963401,atom_evidence_links.csv,metadata_only,bundled_extraction,2026-08-22,existing_repository_resource,Bibliographic title/year/DOI were not present in the bundled evidence-link resource.
SRC_PMC12973308,builtin,Bundled extracted evidence source,,,,PMC12973308,atom_evidence_links.csv,metadata_only,bundled_extraction,2026-08-22,existing_repository_resource,Bibliographic title/year/DOI were not present in the bundled evidence-link resource.
SRC_PMC12975482,builtin,Bundled extracted evidence source,,,,PMC12975482,atom_evidence_links.csv,metadata_only,bundled_extraction,2026-08-22,existing_repository_resource,Bibliographic title/year/DOI were not present in the bundled evidence-link resource.
SRC_PMC12982450,builtin,Bundled extracted evidence source,,,,PMC12982450,atom_evidence_links.csv,metadata_only,bundled_extraction,2026-08-22,existing_repository_resource,Bibliographic title/year/DOI were not present in the bundled evidence-link resource.
SRC_PMC12988624,builtin,Bundled extracted evidence source,,,,PMC12988624,atom_evidence_links.csv,metadata_only,bundled_extraction,2026-08-22,existing_repository_resource,Bibliographic title/year/DOI were not present in the bundled evidence-link resource.
SRC_PMC12988767,builtin,Bundled extracted evidence source,,,,PMC12988767,atom_evidence_links.csv,metadata_only,bundled_extraction,2026-08-22,existing_repository_resource,Bibliographic title/year/DOI were not present in the bundled evidence-link resource.
SRC_PMC12989946,builtin,Bundled extracted evidence source,,,,PMC12989946,atom_evidence_links.csv,metadata_only,bundled_extraction,2026-08-22,existing_repository_resource,Bibliographic title/year/DOI were not present in the bundled evidence-link resource.
SRC_PMC12990250,builtin,Bundled extracted evidence source,,,,PMC12990250,atom_evidence_links.csv,metadata_only,bundled_extraction,2026-08-22,existing_repository_resource,Bibliographic title/year/DOI were not present in the bundled evidence-link resource.
SRC_PMC13013050,builtin,Bundled extracted evidence source,,,,PMC13013050,atom_evidence_links.csv,metadata_only,bundled_extraction,2026-08-22,existing_repository_resource,Bibliographic title/year/DOI were not present in the bundled evidence-link resource.
SRC_PMC13013206,builtin,Bundled extracted evidence source,,,,PMC13013206,atom_evidence_links.csv,metadata_only,bundled_extraction,2026-08-22,existing_repository_resource,Bibliographic title/year/DOI were not present in the bundled evidence-link resource.
SRC_PMC13014019,builtin,Bundled extracted evidence source,,,,PMC13014019,atom_evidence_links.csv,metadata_only,bundled_extraction,2026-08-22,existing_repository_resource,Bibliographic title/year/DOI were not present in the bundled evidence-link resource.
SRC_PMC13030400,builtin,Bundled extracted evidence source,,,,PMC13030400,atom_evidence_links.csv,metadata_only,bundled_extraction,2026-08-22,existing_repository_resource,Bibliographic title/year/DOI were not present in the bundled evidence-link resource.
SRC_PMC13030481,builtin,Bundled extracted evidence source,,,,PMC13030481,atom_evidence_links.csv,metadata_only,bundled_extraction,2026-08-22,existing_repository_resource,Bibliographic title/year/DOI were not present in the bundled evidence-link resource.
SRC_PMC13031484,builtin,Bundled extracted evidence source,,,,PMC13031484,atom_evidence_links.csv,metadata_only,bundled_extraction,2026-08-22,existing_repository_resource,Bibliographic title/year/DOI were not present in the bundled evidence-link resource.
SRC_PMC13035650,builtin,Bundled extracted evidence source,,,,PMC13035650,atom_evidence_links.csv,metadata_only,bundled_extraction,2026-08-22,existing_repository_resource,Bibliographic title/year/DOI were not present in the bundled evidence-link resource.
SRC_PMC13037069,builtin,Bundled extracted evidence source,,,,PMC13037069,atom_evidence_links.csv,metadata_only,bundled_extraction,2026-08-22,existing_repository_resource,Bibliographic title/year/DOI were not present in the bundled evidence-link resource.
SRC_PMC13039844,builtin,Bundled extracted evidence source,,,,PMC13039844,atom_evidence_links.csv,metadata_only,bundled_extraction,2026-08-22,existing_repository_resource,Bibliographic title/year/DOI were not present in the bundled evidence-link resource.
SRC_PMC13046713,builtin,Bundled extracted evidence source,,,,PMC13046713,atom_evidence_links.csv,metadata_only,bundled_extraction,2026-08-22,existing_repository_resource,Bibliographic title/year/DOI were not present in the bundled evidence-link resource.
SRC_PMC13049829,builtin,Bundled extracted evidence source,,,,PMC13049829,atom_evidence_links.csv,metadata_only,bundled_extraction,2026-08-22,existing_repository_resource,Bibliographic title/year/DOI were not present in the bundled evidence-link resource.
SRC_PMC13053280,builtin,Bundled extracted evidence source,,,,PMC13053280,atom_evidence_links.csv,metadata_only,bundled_extraction,2026-08-22,existing_repository_resource,Bibliographic title/year/DOI were not present in the bundled evidence-link resource.
SRC_PMC13068759,builtin,Bundled extracted evidence source,,,,PMC13068759,atom_evidence_links.csv,metadata_only,bundled_extraction,2026-08-22,existing_repository_resource,Bibliographic title/year/DOI were not present in the bundled evidence-link resource.
SRC_PMC13075027,builtin,Bundled extracted evidence source,,,,PMC13075027,atom_evidence_links.csv,metadata_only,bundled_extraction,2026-08-22,existing_repository_resource,Bibliographic title/year/DOI were not present in the bundled evidence-link resource.
SRC_PMC13075312,builtin,Bundled extracted evidence source,,,,PMC13075312,atom_evidence_links.csv,metadata_only,bundled_extraction,2026-08-22,existing_repository_resource,Bibliographic title/year/DOI were not present in the bundled evidence-link resource.
SRC_PMC13076052,builtin,Bundled extracted evidence source,,,,PMC13076052,atom_evidence_links.csv,metadata_only,bundled_extraction,2026-08-22,existing_repository_resource,Bibliographic title/year/DOI were not present in the bundled evidence-link resource.
SRC_PMC13080462,builtin,Bundled extracted evidence source,,,,PMC13080462,atom_evidence_links.csv,metadata_only,bundled_extraction,2026-08-22,existing_repository_resource,Bibliographic title/year/DOI were not present in the bundled evidence-link resource.
SRC_PMC13080780,builtin,Bundled extracted evidence source,,,,PMC13080780,atom_evidence_links.csv,metadata_only,bundled_extraction,2026-08-22,existing_repository_resource,Bibliographic title/year/DOI were not present in the bundled evidence-link resource.
SRC_PMC13083323,builtin,Bundled extracted evidence source,,,,PMC13083323,atom_evidence_links.csv,metadata_only,bundled_extraction,2026-08-22,existing_repository_resource,Bibliographic title/year/DOI were not present in the bundled evidence-link resource.
SRC_PMC13087541,builtin,Bundled extracted evidence source,,,,PMC13087541,atom_evidence_links.csv,metadata_only,bundled_extraction,2026-08-22,existing_repository_resource,Bibliographic title/year/DOI were not present in the bundled evidence-link resource.
SRC_PMC13089269,builtin,Bundled extracted evidence source,,,,PMC13089269,atom_evidence_links.csv,metadata_only,bundled_extraction,2026-08-22,existing_repository_resource,Bibliographic title/year/DOI were not present in the bundled evidence-link resource.
SRC_PMC13091529,builtin,Bundled extracted evidence source,,,,PMC13091529,atom_evidence_links.csv,metadata_only,bundled_extraction,2026-08-22,existing_repository_resource,Bibliographic title/year/DOI were not present in the bundled evidence-link resource.
SRC_PMC13093394,builtin,Bundled extracted evidence source,,,,PMC13093394,atom_evidence_links.csv,metadata_only,bundled_extraction,2026-08-22,existing_repository_resource,Bibliographic title/year/DOI were not present in the bundled evidence-link resource.
SRC_PMC13098740,builtin,Bundled extracted evidence source,,,,PMC13098740,atom_evidence_links.csv,metadata_only,bundled_extraction,2026-08-22,existing_repository_resource,Bibliographic title/year/DOI were not present in the bundled evidence-link resource.
SRC_PMC13102777,builtin,Bundled extracted evidence source,,,,PMC13102777,atom_evidence_links.csv,metadata_only,bundled_extraction,2026-08-22,existing_repository_resource,Bibliographic title/year/DOI were not present in the bundled evidence-link resource.
SRC_PMC13102829,builtin,Bundled extracted evidence source,,,,PMC13102829,atom_evidence_links.csv,metadata_only,bundled_extraction,2026-08-22,existing_repository_resource,Bibliographic title/year/DOI were not present in the bundled evidence-link resource.
SRC_PMC13105909,builtin,Bundled extracted evidence source,,,,PMC13105909,atom_evidence_links.csv,metadata_only,bundled_extraction,2026-08-22,existing_repository_resource,Bibliographic title/year/DOI were not present in the bundled evidence-link resource.
SRC_PMC13106591,builtin,Bundled extracted evidence source,,,,PMC13106591,atom_evidence_links.csv,metadata_only,bundled_extraction,2026-08-22,existing_repository_resource,Bibliographic title/year/DOI were not present in the bundled evidence-link resource.
SRC_PMC13108770,builtin,Bundled extracted evidence source,,,,PMC13108770,atom_evidence_links.csv,metadata_only,bundled_extraction,2026-08-22,existing_repository_resource,Bibliographic title/year/DOI were not present in the bundled evidence-link resource.
SRC_PMC13114163,builtin,Bundled extracted evidence source,,,,PMC13114163,atom_evidence_links.csv,metadata_only,bundled_extraction,2026-08-22,existing_repository_resource,Bibliographic title/year/DOI were not present in the bundled evidence-link resource.
SRC_PMC13115468,builtin,Bundled extracted evidence source,,,,PMC13115468,atom_evidence_links.csv,metadata_only,bundled_extraction,2026-08-22,existing_repository_resource,Bibliographic title/year/DOI were not present in the bundled evidence-link resource.
SRC_PMC13119916,builtin,Bundled extracted evidence source,,,,PMC13119916,atom_evidence_links.csv,metadata_only,bundled_extraction,2026-08-22,existing_repository_resource,Bibliographic title/year/DOI were not present in the bundled evidence-link resource.
SRC_PMC13125256,builtin,Bundled extracted evidence source,,,,PMC13125256,atom_evidence_links.csv,metadata_only,bundled_extraction,2026-08-22,existing_repository_resource,Bibliographic title/year/DOI were not present in the bundled evidence-link resource.
SRC_PMC13129505,builtin,Bundled extracted evidence source,,,,PMC13129505,atom_evidence_links.csv,metadata_only,bundled_extraction,2026-08-22,existing_repository_resource,Bibliographic title/year/DOI were not present in the bundled evidence-link resource.
SRC_PMC13135031,builtin,Bundled extracted evidence source,,,,PMC13135031,atom_evidence_links.csv,metadata_only,bundled_extraction,2026-08-22,existing_repository_resource,Bibliographic title/year/DOI were not present in the bundled evidence-link resource.
SRC_PMC13135322,builtin,Bundled extracted evidence source,,,,PMC13135322,atom_evidence_links.csv,metadata_only,bundled_extraction,2026-08-22,existing_repository_resource,Bibliographic title/year/DOI were not present in the bundled evidence-link resource.
SRC_PMC13135486,builtin,Bundled extracted evidence source,,,,PMC13135486,atom_evidence_links.csv,metadata_only,bundled_extraction,2026-08-22,existing_repository_resource,Bibliographic title/year/DOI were not present in the bundled evidence-link resource.
SRC_PMC13136355,builtin,Bundled extracted evidence source,,,,PMC13136355,atom_evidence_links.csv,metadata_only,bundled_extraction,2026-08-22,existing_repository_resource,Bibliographic title/year/DOI were not present in the bundled evidence-link resource.
SRC_PMC13140217,builtin,Bundled extracted evidence source,,,,PMC13140217,atom_evidence_links.csv,metadata_only,bundled_extraction,2026-08-22,existing_repository_resource,Bibliographic title/year/DOI were not present in the bundled evidence-link resource.
SRC_PMC13143948,builtin,Bundled extracted evidence source,,,,PMC13143948,atom_evidence_links.csv,metadata_only,bundled_extraction,2026-08-22,existing_repository_resource,Bibliographic title/year/DOI were not present in the bundled evidence-link resource.
SRC_PMC13149234,builtin,Bundled extracted evidence source,,,,PMC13149234,atom_evidence_links.csv,metadata_only,bundled_extraction,2026-08-22,existing_repository_resource,Bibliographic title/year/DOI were not present in the bundled evidence-link resource.
SRC_PMC13149402,builtin,Bundled extracted evidence source,,,,PMC13149402,atom_evidence_links.csv,metadata_only,bundled_extraction,2026-08-22,existing_repository_resource,Bibliographic title/year/DOI were not present in the bundled evidence-link resource.
SRC_PMC13152242,builtin,Bundled extracted evidence source,,,,PMC13152242,atom_evidence_links.csv,metadata_only,bundled_extraction,2026-08-22,existing_repository_resource,Bibliographic title/year/DOI were not present in the bundled evidence-link resource.
SRC_PMC13155818,builtin,Bundled extracted evidence source,,,,PMC13155818,atom_evidence_links.csv,metadata_only,bundled_extraction,2026-08-22,existing_repository_resource,Bibliographic title/year/DOI were not present in the bundled evidence-link resource.
SRC_PMC13159245,builtin,Bundled extracted evidence source,,,,PMC13159245,atom_evidence_links.csv,metadata_only,bundled_extraction,2026-08-22,existing_repository_resource,Bibliographic title/year/DOI were not present in the bundled evidence-link resource.
SRC_PMC13164507,builtin,Bundled extracted evidence source,,,,PMC13164507,atom_evidence_links.csv,metadata_only,bundled_extraction,2026-08-22,existing_repository_resource,Bibliographic title/year/DOI were not present in the bundled evidence-link resource.
SRC_PMC13169947,builtin,Bundled extracted evidence source,,,,PMC13169947,atom_evidence_links.csv,metadata_only,bundled_extraction,2026-08-22,existing_repository_resource,Bibliographic title/year/DOI were not present in the bundled evidence-link resource.
SRC_PMC13172792,builtin,Bundled extracted evidence source,,,,PMC13172792,atom_evidence_links.csv,metadata_only,bundled_extraction,2026-08-22,existing_repository_resource,Bibliographic title/year/DOI were not present in the bundled evidence-link resource.
SRC_PMC13178610,builtin,Bundled extracted evidence source,,,,PMC13178610,atom_evidence_links.csv,metadata_only,bundled_extraction,2026-08-22,existing_repository_resource,Bibliographic title/year/DOI were not present in the bundled evidence-link resource.
SRC_PMC13180941,builtin,Bundled extracted evidence source,,,,PMC13180941,atom_evidence_links.csv,metadata_only,bundled_extraction,2026-08-22,existing_repository_resource,Bibliographic title/year/DOI were not present in the bundled evidence-link resource.
SRC_PMC13183809,builtin,Bundled extracted evidence source,,,,PMC13183809,atom_evidence_links.csv,metadata_only,bundled_extraction,2026-08-22,existing_repository_resource,Bibliographic title/year/DOI were not present in the bundled evidence-link resource.
SRC_PMC13185023,builtin,Bundled extracted evidence source,,,,PMC13185023,atom_evidence_links.csv,metadata_only,bundled_extraction,2026-08-22,existing_repository_resource,Bibliographic title/year/DOI were not present in the bundled evidence-link resource.
SRC_PMC13189826,builtin,Bundled extracted evidence source,,,,PMC13189826,atom_evidence_links.csv,metadata_only,bundled_extraction,2026-08-22,existing_repository_resource,Bibliographic title/year/DOI were not present in the bundled evidence-link resource.
SRC_PMC13190425,builtin,Bundled extracted evidence source,,,,PMC13190425,atom_evidence_links.csv,metadata_only,bundled_extraction,2026-08-22,existing_repository_resource,Bibliographic title/year/DOI were not present in the bundled evidence-link resource.
SRC_PMC13191380,builtin,Bundled extracted evidence source,,,,PMC13191380,atom_evidence_links.csv,metadata_only,bundled_extraction,2026-08-22,existing_repository_resource,Bibliographic title/year/DOI were not present in the bundled evidence-link resource.
SRC_PMC13199322,builtin,Bundled extracted evidence source,,,,PMC13199322,atom_evidence_links.csv,metadata_only,bundled_extraction,2026-08-22,existing_repository_resource,Bibliographic title/year/DOI were not present in the bundled evidence-link resource.
SRC_PMC13203350,builtin,Bundled extracted evidence source,,,,PMC13203350,atom_evidence_links.csv,metadata_only,bundled_extraction,2026-08-22,existing_repository_resource,Bibliographic title/year/DOI were not present in the bundled evidence-link resource.
SRC_PMC13204091,builtin,Bundled extracted evidence source,,,,PMC13204091,atom_evidence_links.csv,metadata_only,bundled_extraction,2026-08-22,existing_repository_resource,Bibliographic title/year/DOI were not present in the bundled evidence-link resource.
SRC_PMC13210414,builtin,Bundled extracted evidence source,,,,PMC13210414,atom_evidence_links.csv,metadata_only,bundled_extraction,2026-08-22,existing_repository_resource,Bibliographic title/year/DOI were not present in the bundled evidence-link resource.
SRC_PMC13219647,builtin,Bundled extracted evidence source,,,,PMC13219647,atom_evidence_links.csv,metadata_only,bundled_extraction,2026-08-22,existing_repository_resource,Bibliographic title/year/DOI were not present in the bundled evidence-link resource.
SRC_PMC13221298,builtin,Bundled extracted evidence source,,,,PMC13221298,atom_evidence_links.csv,metadata_only,bundled_extraction,2026-08-22,existing_repository_resource,Bibliographic title/year/DOI were not present in the bundled evidence-link resource.
SRC_PMC13244843,builtin,Bundled extracted evidence source,,,,PMC13244843,atom_evidence_links.csv,metadata_only,bundled_extraction,2026-08-22,existing_repository_resource,Bibliographic title/year/DOI were not present in the bundled evidence-link resource.
SRC_PMC13249213,builtin,Bundled extracted evidence source,,,,PMC13249213,atom_evidence_links.csv,metadata_only,bundled_extraction,2026-08-22,existing_repository_resource,Bibliographic title/year/DOI were not present in the bundled evidence-link resource.
SRC_PMC13250493,builtin,Bundled extracted evidence source,,,,PMC13250493,atom_evidence_links.csv,metadata_only,bundled_extraction,2026-08-22,existing_repository_resource,Bibliographic title/year/DOI were not present in the bundled evidence-link resource.
SRC_PMC13252048,builtin,Bundled extracted evidence source,,,,PMC13252048,atom_evidence_links.csv,metadata_only,bundled_extraction,2026-08-22,existing_repository_resource,Bibliographic title/year/DOI were not present in the bundled evidence-link resource.
SRC_PMC13254259,builtin,Bundled extracted evidence source,,,,PMC13254259,atom_evidence_links.csv,metadata_only,bundled_extraction,2026-08-22,existing_repository_resource,Bibliographic title/year/DOI were not present in the bundled evidence-link resource.
SRC_PMC13256807,builtin,Bundled extracted evidence source,,,,PMC13256807,atom_evidence_links.csv,metadata_only,bundled_extraction,2026-08-22,existing_repository_resource,Bibliographic title/year/DOI were not present in the bundled evidence-link resource.
SRC_PMC13257068,builtin,Bundled extracted evidence source,,,,PMC13257068,atom_evidence_links.csv,metadata_only,bundled_extraction,2026-08-22,existing_repository_resource,Bibliographic title/year/DOI were not present in the bundled evidence-link resource.
SRC_PMC13259229,builtin,Bundled extracted evidence source,,,,PMC13259229,atom_evidence_links.csv,metadata_only,bundled_extraction,2026-08-22,existing_repository_resource,Bibliographic title/year/DOI were not present in the bundled evidence-link resource.
SRC_PMC13263633,builtin,Bundled extracted evidence source,,,,PMC13263633,atom_evidence_links.csv,metadata_only,bundled_extraction,2026-08-22,existing_repository_resource,Bibliographic title/year/DOI were not present in the bundled evidence-link resource.
SRC_PMC13264803,builtin,Bundled extracted evidence source,,,,PMC13264803,atom_evidence_links.csv,metadata_only,bundled_extraction,2026-08-22,existing_repository_resource,Bibliographic title/year/DOI were not present in the bundled evidence-link resource.
SRC_PMC13268875,builtin,Bundled extracted evidence source,,,,PMC13268875,atom_evidence_links.csv,metadata_only,bundled_extraction,2026-08-22,existing_repository_resource,Bibliographic title/year/DOI were not present in the bundled evidence-link resource.
SRC_PMC13269331,builtin,Bundled extracted evidence source,,,,PMC13269331,atom_evidence_links.csv,metadata_only,bundled_extraction,2026-08-22,existing_repository_resource,Bibliographic title/year/DOI were not present in the bundled evidence-link resource.
SRC_PMC13270676,builtin,Bundled extracted evidence source,,,,PMC13270676,atom_evidence_links.csv,metadata_only,bundled_extraction,2026-08-22,existing_repository_resource,Bibliographic title/year/DOI were not present in the bundled evidence-link resource.
SRC_PMC13270702,builtin,Bundled extracted evidence source,,,,PMC13270702,atom_evidence_links.csv,metadata_only,bundled_extraction,2026-08-22,existing_repository_resource,Bibliographic title/year/DOI were not present in the bundled evidence-link resource.
SRC_PMC13272446,builtin,Bundled extracted evidence source,,,,PMC13272446,atom_evidence_links.csv,metadata_only,bundled_extraction,2026-08-22,existing_repository_resource,Bibliographic title/year/DOI were not present in the bundled evidence-link resource.
SRC_PMC13273723,builtin,Bundled extracted evidence source,,,,PMC13273723,atom_evidence_links.csv,metadata_only,bundled_extraction,2026-08-22,existing_repository_resource,Bibliographic title/year/DOI were not present in the bundled evidence-link resource.
SRC_PMC13273974,builtin,Bundled extracted evidence source,,,,PMC13273974,atom_evidence_links.csv,metadata_only,bundled_extraction,2026-08-22,existing_repository_resource,Bibliographic title/year/DOI were not present in the bundled evidence-link resource.
SRC_PMC13275666,builtin,Bundled extracted evidence source,,,,PMC13275666,atom_evidence_links.csv,metadata_only,bundled_extraction,2026-08-22,existing_repository_resource,Bibliographic title/year/DOI were not present in the bundled evidence-link resource.
SRC_PMC13275668,builtin,Bundled extracted evidence source,,,,PMC13275668,atom_evidence_links.csv,metadata_only,bundled_extraction,2026-08-22,existing_repository_resource,Bibliographic title/year/DOI were not present in the bundled evidence-link resource.
SRC_PMC13277839,builtin,Bundled extracted evidence source,,,,PMC13277839,atom_evidence_links.csv,metadata_only,bundled_extraction,2026-08-22,existing_repository_resource,Bibliographic title/year/DOI were not present in the bundled evidence-link resource.
SRC_PMC13283837,builtin,Bundled extracted evidence source,,,,PMC13283837,atom_evidence_links.csv,metadata_only,bundled_extraction,2026-08-22,existing_repository_resource,Bibliographic title/year/DOI were not present in the bundled evidence-link resource.
SRC_PMC13287691,builtin,Bundled extracted evidence source,,,,PMC13287691,atom_evidence_links.csv,metadata_only,bundled_extraction,2026-08-22,existing_repository_resource,Bibliographic title/year/DOI were not present in the bundled evidence-link resource.
SRC_PMC13290608,builtin,Bundled extracted evidence source,,,,PMC13290608,atom_evidence_links.csv,metadata_only,bundled_extraction,2026-08-22,existing_repository_resource,Bibliographic title/year/DOI were not present in the bundled evidence-link resource.
SRC_PMC13291108,builtin,Bundled extracted evidence source,,,,PMC13291108,atom_evidence_links.csv,metadata_only,bundled_extraction,2026-08-22,existing_repository_resource,Bibliographic title/year/DOI were not present in the bundled evidence-link resource.
SRC_PMC13291161,builtin,Bundled extracted evidence source,,,,PMC13291161,atom_evidence_links.csv,metadata_only,bundled_extraction,2026-08-22,existing_repository_resource,Bibliographic title/year/DOI were not present in the bundled evidence-link resource.
SRC_PMC13296683,builtin,Bundled extracted evidence source,,,,PMC13296683,atom_evidence_links.csv,metadata_only,bundled_extraction,2026-08-22,existing_repository_resource,Bibliographic title/year/DOI were not present in the bundled evidence-link resource.
SRC_PMC13297946,builtin,Bundled extracted evidence source,,,,PMC13297946,atom_evidence_links.csv,metadata_only,bundled_extraction,2026-08-22,existing_repository_resource,Bibliographic title/year/DOI were not present in the bundled evidence-link resource.
SRC_PMC13302186,builtin,Bundled extracted evidence source,,,,PMC13302186,atom_evidence_links.csv,metadata_only,bundled_extraction,2026-08-22,existing_repository_resource,Bibliographic title/year/DOI were not present in the bundled evidence-link resource.
SRC_PMC13310975,builtin,Bundled extracted evidence source,,,,PMC13310975,atom_evidence_links.csv,metadata_only,bundled_extraction,2026-08-22,existing_repository_resource,Bibliographic title/year/DOI were not present in the bundled evidence-link resource.
SRC_PMC13317487,builtin,Bundled extracted evidence source,,,,PMC13317487,atom_evidence_links.csv,metadata_only,bundled_extraction,2026-08-22,existing_repository_resource,Bibliographic title/year/DOI were not present in the bundled evidence-link resource.
SRC_PMC13321269,builtin,Bundled extracted evidence source,,,,PMC13321269,atom_evidence_links.csv,metadata_only,bundled_extraction,2026-08-22,existing_repository_resource,Bibliographic title/year/DOI were not present in the bundled evidence-link resource.
SRC_PMC13323713,builtin,Bundled extracted evidence source,,,,PMC13323713,atom_evidence_links.csv,metadata_only,bundled_extraction,2026-08-22,existing_repository_resource,Bibliographic title/year/DOI were not present in the bundled evidence-link resource.
SRC_PMC13324129,builtin,Bundled extracted evidence source,,,,PMC13324129,atom_evidence_links.csv,metadata_only,bundled_extraction,2026-08-22,existing_repository_resource,Bibliographic title/year/DOI were not present in the bundled evidence-link resource.
SRC_PMC13326666,builtin,Bundled extracted evidence source,,,,PMC13326666,atom_evidence_links.csv,metadata_only,bundled_extraction,2026-08-22,existing_repository_resource,Bibliographic title/year/DOI were not present in the bundled evidence-link resource.
SRC_PMC13330157,builtin,Bundled extracted evidence source,,,,PMC13330157,atom_evidence_links.csv,metadata_only,bundled_extraction,2026-08-22,existing_repository_resource,Bibliographic title/year/DOI were not present in the bundled evidence-link resource.
SRC_PMC1388736,builtin,Bundled extracted evidence source,,,,PMC1388736,atom_evidence_links.csv,metadata_only,bundled_extraction,2026-08-22,existing_repository_resource,Bibliographic title/year/DOI were not present in the bundled evidence-link resource.
SRC_PMC1691962,builtin,Bundled extracted evidence source,,,,PMC1691962,atom_evidence_links.csv,metadata_only,bundled_extraction,2026-08-22,existing_repository_resource,Bibliographic title/year/DOI were not present in the bundled evidence-link resource.
SRC_PMC1764902,builtin,Bundled extracted evidence source,,,,PMC1764902,atom_evidence_links.csv,metadata_only,bundled_extraction,2026-08-22,existing_repository_resource,Bibliographic title/year/DOI were not present in the bundled evidence-link resource.
SRC_PMC2151357,builtin,Bundled extracted evidence source,,,,PMC2151357,atom_evidence_links.csv,metadata_only,bundled_extraction,2026-08-22,existing_repository_resource,Bibliographic title/year/DOI were not present in the bundled evidence-link resource.
SRC_PMC2276122,builtin,Bundled extracted evidence source,,,,PMC2276122,atom_evidence_links.csv,metadata_only,bundled_extraction,2026-08-22,existing_repository_resource,Bibliographic title/year/DOI were not present in the bundled evidence-link resource.
SRC_PMC2377358,builtin,Bundled extracted evidence source,,,,PMC2377358,atom_evidence_links.csv,metadata_only,bundled_extraction,2026-08-22,existing_repository_resource,Bibliographic title/year/DOI were not present in the bundled evidence-link resource.
SRC_PMC2613302,builtin,Bundled extracted evidence source,,,,PMC2613302,atom_evidence_links.csv,metadata_only,bundled_extraction,2026-08-22,existing_repository_resource,Bibliographic title/year/DOI were not present in the bundled evidence-link resource.
SRC_PMC2637815,builtin,Bundled extracted evidence source,,,,PMC2637815,atom_evidence_links.csv,metadata_only,bundled_extraction,2026-08-22,existing_repository_resource,Bibliographic title/year/DOI were not present in the bundled evidence-link resource.
SRC_PMC2637816,builtin,Bundled extracted evidence source,,,,PMC2637816,atom_evidence_links.csv,metadata_only,bundled_extraction,2026-08-22,existing_repository_resource,Bibliographic title/year/DOI were not present in the bundled evidence-link resource.
SRC_PMC2692693,builtin,Bundled extracted evidence source,,,,PMC2692693,atom_evidence_links.csv,metadata_only,bundled_extraction,2026-08-22,existing_repository_resource,Bibliographic title/year/DOI were not present in the bundled evidence-link resource.
SRC_PMC2698776,builtin,Bundled extracted evidence source,,,,PMC2698776,atom_evidence_links.csv,metadata_only,bundled_extraction,2026-08-22,existing_repository_resource,Bibliographic title/year/DOI were not present in the bundled evidence-link resource.
SRC_PMC2703809,builtin,Bundled extracted evidence source,,,,PMC2703809,atom_evidence_links.csv,metadata_only,bundled_extraction,2026-08-22,existing_repository_resource,Bibliographic title/year/DOI were not present in the bundled evidence-link resource.
SRC_PMC2749167,builtin,Bundled extracted evidence source,,,,PMC2749167,atom_evidence_links.csv,metadata_only,bundled_extraction,2026-08-22,existing_repository_resource,Bibliographic title/year/DOI were not present in the bundled evidence-link resource.
SRC_PMC2758631,builtin,Bundled extracted evidence source,,,,PMC2758631,atom_evidence_links.csv,metadata_only,bundled_extraction,2026-08-22,existing_repository_resource,Bibliographic title/year/DOI were not present in the bundled evidence-link resource.
SRC_PMC2760387,builtin,Bundled extracted evidence source,,,,PMC2760387,atom_evidence_links.csv,metadata_only,bundled_extraction,2026-08-22,existing_repository_resource,Bibliographic title/year/DOI were not present in the bundled evidence-link resource.
SRC_PMC2761652,builtin,Bundled extracted evidence source,,,,PMC2761652,atom_evidence_links.csv,metadata_only,bundled_extraction,2026-08-22,existing_repository_resource,Bibliographic title/year/DOI were not present in the bundled evidence-link resource.
SRC_PMC2778627,builtin,Bundled extracted evidence source,,,,PMC2778627,atom_evidence_links.csv,metadata_only,bundled_extraction,2026-08-22,existing_repository_resource,Bibliographic title/year/DOI were not present in the bundled evidence-link resource.
SRC_PMC2779792,builtin,Bundled extracted evidence source,,,,PMC2779792,atom_evidence_links.csv,metadata_only,bundled_extraction,2026-08-22,existing_repository_resource,Bibliographic title/year/DOI were not present in the bundled evidence-link resource.
SRC_PMC2782535,builtin,Bundled extracted evidence source,,,,PMC2782535,atom_evidence_links.csv,metadata_only,bundled_extraction,2026-08-22,existing_repository_resource,Bibliographic title/year/DOI were not present in the bundled evidence-link resource.
SRC_PMC2782610,builtin,Bundled extracted evidence source,,,,PMC2782610,atom_evidence_links.csv,metadata_only,bundled_extraction,2026-08-22,existing_repository_resource,Bibliographic title/year/DOI were not present in the bundled evidence-link resource.
SRC_PMC2782727,builtin,Bundled extracted evidence source,,,,PMC2782727,atom_evidence_links.csv,metadata_only,bundled_extraction,2026-08-22,existing_repository_resource,Bibliographic title/year/DOI were not present in the bundled evidence-link resource.
SRC_PMC2785436,builtin,Bundled extracted evidence source,,,,PMC2785436,atom_evidence_links.csv,metadata_only,bundled_extraction,2026-08-22,existing_repository_resource,Bibliographic title/year/DOI were not present in the bundled evidence-link resource.
SRC_PMC2786114,builtin,Bundled extracted evidence source,,,,PMC2786114,atom_evidence_links.csv,metadata_only,bundled_extraction,2026-08-22,existing_repository_resource,Bibliographic title/year/DOI were not present in the bundled evidence-link resource.
SRC_PMC2806654,builtin,Bundled extracted evidence source,,,,PMC2806654,atom_evidence_links.csv,metadata_only,bundled_extraction,2026-08-22,existing_repository_resource,Bibliographic title/year/DOI were not present in the bundled evidence-link resource.
SRC_PMC2818571,builtin,Bundled extracted evidence source,,,,PMC2818571,atom_evidence_links.csv,metadata_only,bundled_extraction,2026-08-22,existing_repository_resource,Bibliographic title/year/DOI were not present in the bundled evidence-link resource.
SRC_PMC2826357,builtin,Bundled extracted evidence source,,,,PMC2826357,atom_evidence_links.csv,metadata_only,bundled_extraction,2026-08-22,existing_repository_resource,Bibliographic title/year/DOI were not present in the bundled evidence-link resource.
SRC_PMC2826558,builtin,Bundled extracted evidence source,,,,PMC2826558,atom_evidence_links.csv,metadata_only,bundled_extraction,2026-08-22,existing_repository_resource,Bibliographic title/year/DOI were not present in the bundled evidence-link resource.
SRC_PMC2829712,builtin,Bundled extracted evidence source,,,,PMC2829712,atom_evidence_links.csv,metadata_only,bundled_extraction,2026-08-22,existing_repository_resource,Bibliographic title/year/DOI were not present in the bundled evidence-link resource.
SRC_PMC2846950,builtin,Bundled extracted evidence source,,,,PMC2846950,atom_evidence_links.csv,metadata_only,bundled_extraction,2026-08-22,existing_repository_resource,Bibliographic title/year/DOI were not present in the bundled evidence-link resource.
SRC_PMC2852445,builtin,Bundled extracted evidence source,,,,PMC2852445,atom_evidence_links.csv,metadata_only,bundled_extraction,2026-08-22,existing_repository_resource,Bibliographic title/year/DOI were not present in the bundled evidence-link resource.
SRC_PMC2868516,builtin,Bundled extracted evidence source,,,,PMC2868516,atom_evidence_links.csv,metadata_only,bundled_extraction,2026-08-22,existing_repository_resource,Bibliographic title/year/DOI were not present in the bundled evidence-link resource.
SRC_PMC2874047,builtin,Bundled extracted evidence source,,,,PMC2874047,atom_evidence_links.csv,metadata_only,bundled_extraction,2026-08-22,existing_repository_resource,Bibliographic title/year/DOI were not present in the bundled evidence-link resource.
SRC_PMC2874048,builtin,Bundled extracted evidence source,,,,PMC2874048,atom_evidence_links.csv,metadata_only,bundled_extraction,2026-08-22,existing_repository_resource,Bibliographic title/year/DOI were not present in the bundled evidence-link resource.
SRC_PMC2911688,builtin,Bundled extracted evidence source,,,,PMC2911688,atom_evidence_links.csv,metadata_only,bundled_extraction,2026-08-22,existing_repository_resource,Bibliographic title/year/DOI were not present in the bundled evidence-link resource.
SRC_PMC2914577,builtin,Bundled extracted evidence source,,,,PMC2914577,atom_evidence_links.csv,metadata_only,bundled_extraction,2026-08-22,existing_repository_resource,Bibliographic title/year/DOI were not present in the bundled evidence-link resource.
SRC_PMC2945235,builtin,Bundled extracted evidence source,,,,PMC2945235,atom_evidence_links.csv,metadata_only,bundled_extraction,2026-08-22,existing_repository_resource,Bibliographic title/year/DOI were not present in the bundled evidence-link resource.
SRC_PMC2997227,builtin,Bundled extracted evidence source,,,,PMC2997227,atom_evidence_links.csv,metadata_only,bundled_extraction,2026-08-22,existing_repository_resource,Bibliographic title/year/DOI were not present in the bundled evidence-link resource.
SRC_PMC3005169,builtin,Bundled extracted evidence source,,,,PMC3005169,atom_evidence_links.csv,metadata_only,bundled_extraction,2026-08-22,existing_repository_resource,Bibliographic title/year/DOI were not present in the bundled evidence-link resource.
SRC_PMC3020171,builtin,Bundled extracted evidence source,,,,PMC3020171,atom_evidence_links.csv,metadata_only,bundled_extraction,2026-08-22,existing_repository_resource,Bibliographic title/year/DOI were not present in the bundled evidence-link resource.
SRC_PMC3021967,builtin,Bundled extracted evidence source,,,,PMC3021967,atom_evidence_links.csv,metadata_only,bundled_extraction,2026-08-22,existing_repository_resource,Bibliographic title/year/DOI were not present in the bundled evidence-link resource.
SRC_PMC3068111,builtin,Bundled extracted evidence source,,,,PMC3068111,atom_evidence_links.csv,metadata_only,bundled_extraction,2026-08-22,existing_repository_resource,Bibliographic title/year/DOI were not present in the bundled evidence-link resource.
SRC_PMC3081862,builtin,Bundled extracted evidence source,,,,PMC3081862,atom_evidence_links.csv,metadata_only,bundled_extraction,2026-08-22,existing_repository_resource,Bibliographic title/year/DOI were not present in the bundled evidence-link resource.
SRC_PMC3085546,builtin,Bundled extracted evidence source,,,,PMC3085546,atom_evidence_links.csv,metadata_only,bundled_extraction,2026-08-22,existing_repository_resource,Bibliographic title/year/DOI were not present in the bundled evidence-link resource.
SRC_PMC3115198,builtin,Bundled extracted evidence source,,,,PMC3115198,atom_evidence_links.csv,metadata_only,bundled_extraction,2026-08-22,existing_repository_resource,Bibliographic title/year/DOI were not present in the bundled evidence-link resource.
SRC_PMC3133548,builtin,Bundled extracted evidence source,,,,PMC3133548,atom_evidence_links.csv,metadata_only,bundled_extraction,2026-08-22,existing_repository_resource,Bibliographic title/year/DOI were not present in the bundled evidence-link resource.
SRC_PMC3134125,builtin,Bundled extracted evidence source,,,,PMC3134125,atom_evidence_links.csv,metadata_only,bundled_extraction,2026-08-22,existing_repository_resource,Bibliographic title/year/DOI were not present in the bundled evidence-link resource.
SRC_PMC3143038,builtin,Bundled extracted evidence source,,,,PMC3143038,atom_evidence_links.csv,metadata_only,bundled_extraction,2026-08-22,existing_repository_resource,Bibliographic title/year/DOI were not present in the bundled evidence-link resource.
SRC_PMC3148759,builtin,Bundled extracted evidence source,,,,PMC3148759,atom_evidence_links.csv,metadata_only,bundled_extraction,2026-08-22,existing_repository_resource,Bibliographic title/year/DOI were not present in the bundled evidence-link resource.
SRC_PMC3166314,builtin,Bundled extracted evidence source,,,,PMC3166314,atom_evidence_links.csv,metadata_only,bundled_extraction,2026-08-22,existing_repository_resource,Bibliographic title/year/DOI were not present in the bundled evidence-link resource.
SRC_PMC3169814,builtin,Bundled extracted evidence source,,,,PMC3169814,atom_evidence_links.csv,metadata_only,bundled_extraction,2026-08-22,existing_repository_resource,Bibliographic title/year/DOI were not present in the bundled evidence-link resource.
SRC_PMC3170398,builtin,Bundled extracted evidence source,,,,PMC3170398,atom_evidence_links.csv,metadata_only,bundled_extraction,2026-08-22,existing_repository_resource,Bibliographic title/year/DOI were not present in the bundled evidence-link resource.
SRC_PMC3192234,builtin,Bundled extracted evidence source,,,,PMC3192234,atom_evidence_links.csv,metadata_only,bundled_extraction,2026-08-22,existing_repository_resource,Bibliographic title/year/DOI were not present in the bundled evidence-link resource.
SRC_PMC3197107,builtin,Bundled extracted evidence source,,,,PMC3197107,atom_evidence_links.csv,metadata_only,bundled_extraction,2026-08-22,existing_repository_resource,Bibliographic title/year/DOI were not present in the bundled evidence-link resource.
SRC_PMC3227178,builtin,Bundled extracted evidence source,,,,PMC3227178,atom_evidence_links.csv,metadata_only,bundled_extraction,2026-08-22,existing_repository_resource,Bibliographic title/year/DOI were not present in the bundled evidence-link resource.
SRC_PMC3253380,builtin,Bundled extracted evidence source,,,,PMC3253380,atom_evidence_links.csv,metadata_only,bundled_extraction,2026-08-22,existing_repository_resource,Bibliographic title/year/DOI were not present in the bundled evidence-link resource.
SRC_PMC3254723,builtin,Bundled extracted evidence source,,,,PMC3254723,atom_evidence_links.csv,metadata_only,bundled_extraction,2026-08-22,existing_repository_resource,Bibliographic title/year/DOI were not present in the bundled evidence-link resource.
SRC_PMC3254814,builtin,Bundled extracted evidence source,,,,PMC3254814,atom_evidence_links.csv,metadata_only,bundled_extraction,2026-08-22,existing_repository_resource,Bibliographic title/year/DOI were not present in the bundled evidence-link resource.
SRC_PMC3261580,builtin,Bundled extracted evidence source,,,,PMC3261580,atom_evidence_links.csv,metadata_only,bundled_extraction,2026-08-22,existing_repository_resource,Bibliographic title/year/DOI were not present in the bundled evidence-link resource.
SRC_PMC3263785,builtin,Bundled extracted evidence source,,,,PMC3263785,atom_evidence_links.csv,metadata_only,bundled_extraction,2026-08-22,existing_repository_resource,Bibliographic title/year/DOI were not present in the bundled evidence-link resource.
SRC_PMC3263786,builtin,Bundled extracted evidence source,,,,PMC3263786,atom_evidence_links.csv,metadata_only,bundled_extraction,2026-08-22,existing_repository_resource,Bibliographic title/year/DOI were not present in the bundled evidence-link resource.
SRC_PMC3288700,builtin,Bundled extracted evidence source,,,,PMC3288700,atom_evidence_links.csv,metadata_only,bundled_extraction,2026-08-22,existing_repository_resource,Bibliographic title/year/DOI were not present in the bundled evidence-link resource.
SRC_PMC3290361,builtin,Bundled extracted evidence source,,,,PMC3290361,atom_evidence_links.csv,metadata_only,bundled_extraction,2026-08-22,existing_repository_resource,Bibliographic title/year/DOI were not present in the bundled evidence-link resource.
SRC_PMC3324313,builtin,Bundled extracted evidence source,,,,PMC3324313,atom_evidence_links.csv,metadata_only,bundled_extraction,2026-08-22,existing_repository_resource,Bibliographic title/year/DOI were not present in the bundled evidence-link resource.
SRC_PMC3335982,builtin,Bundled extracted evidence source,,,,PMC3335982,atom_evidence_links.csv,metadata_only,bundled_extraction,2026-08-22,existing_repository_resource,Bibliographic title/year/DOI were not present in the bundled evidence-link resource.
SRC_PMC3342194,builtin,Bundled extracted evidence source,,,,PMC3342194,atom_evidence_links.csv,metadata_only,bundled_extraction,2026-08-22,existing_repository_resource,Bibliographic title/year/DOI were not present in the bundled evidence-link resource.
SRC_PMC3348501,builtin,Bundled extracted evidence source,,,,PMC3348501,atom_evidence_links.csv,metadata_only,bundled_extraction,2026-08-22,existing_repository_resource,Bibliographic title/year/DOI were not present in the bundled evidence-link resource.
SRC_PMC3359174,builtin,Bundled extracted evidence source,,,,PMC3359174,atom_evidence_links.csv,metadata_only,bundled_extraction,2026-08-22,existing_repository_resource,Bibliographic title/year/DOI were not present in the bundled evidence-link resource.
SRC_PMC3371769,builtin,Bundled extracted evidence source,,,,PMC3371769,atom_evidence_links.csv,metadata_only,bundled_extraction,2026-08-22,existing_repository_resource,Bibliographic title/year/DOI were not present in the bundled evidence-link resource.
SRC_PMC3376221,builtin,Bundled extracted evidence source,,,,PMC3376221,atom_evidence_links.csv,metadata_only,bundled_extraction,2026-08-22,existing_repository_resource,Bibliographic title/year/DOI were not present in the bundled evidence-link resource.
SRC_PMC3377447,builtin,Bundled extracted evidence source,,,,PMC3377447,atom_evidence_links.csv,metadata_only,bundled_extraction,2026-08-22,existing_repository_resource,Bibliographic title/year/DOI were not present in the bundled evidence-link resource.
SRC_PMC3377477,builtin,Bundled extracted evidence source,,,,PMC3377477,atom_evidence_links.csv,metadata_only,bundled_extraction,2026-08-22,existing_repository_resource,Bibliographic title/year/DOI were not present in the bundled evidence-link resource.
SRC_PMC3380819,builtin,Bundled extracted evidence source,,,,PMC3380819,atom_evidence_links.csv,metadata_only,bundled_extraction,2026-08-22,existing_repository_resource,Bibliographic title/year/DOI were not present in the bundled evidence-link resource.
SRC_PMC3395077,builtin,Bundled extracted evidence source,,,,PMC3395077,atom_evidence_links.csv,metadata_only,bundled_extraction,2026-08-22,existing_repository_resource,Bibliographic title/year/DOI were not present in the bundled evidence-link resource.
SRC_PMC3404707,builtin,Bundled extracted evidence source,,,,PMC3404707,atom_evidence_links.csv,metadata_only,bundled_extraction,2026-08-22,existing_repository_resource,Bibliographic title/year/DOI were not present in the bundled evidence-link resource.
SRC_PMC3412596,builtin,Bundled extracted evidence source,,,,PMC3412596,atom_evidence_links.csv,metadata_only,bundled_extraction,2026-08-22,existing_repository_resource,Bibliographic title/year/DOI were not present in the bundled evidence-link resource.
SRC_PMC3454388,builtin,Bundled extracted evidence source,,,,PMC3454388,atom_evidence_links.csv,metadata_only,bundled_extraction,2026-08-22,existing_repository_resource,Bibliographic title/year/DOI were not present in the bundled evidence-link resource.
SRC_PMC3468891,builtin,Bundled extracted evidence source,,,,PMC3468891,atom_evidence_links.csv,metadata_only,bundled_extraction,2026-08-22,existing_repository_resource,Bibliographic title/year/DOI were not present in the bundled evidence-link resource.
SRC_PMC3484604,builtin,Bundled extracted evidence source,,,,PMC3484604,atom_evidence_links.csv,metadata_only,bundled_extraction,2026-08-22,existing_repository_resource,Bibliographic title/year/DOI were not present in the bundled evidence-link resource.
SRC_PMC3524243,builtin,Bundled extracted evidence source,,,,PMC3524243,atom_evidence_links.csv,metadata_only,bundled_extraction,2026-08-22,existing_repository_resource,Bibliographic title/year/DOI were not present in the bundled evidence-link resource.
SRC_PMC3545521,builtin,Bundled extracted evidence source,,,,PMC3545521,atom_evidence_links.csv,metadata_only,bundled_extraction,2026-08-22,existing_repository_resource,Bibliographic title/year/DOI were not present in the bundled evidence-link resource.
SRC_PMC3571984,builtin,Bundled extracted evidence source,,,,PMC3571984,atom_evidence_links.csv,metadata_only,bundled_extraction,2026-08-22,existing_repository_resource,Bibliographic title/year/DOI were not present in the bundled evidence-link resource.
SRC_PMC3581336,builtin,Bundled extracted evidence source,,,,PMC3581336,atom_evidence_links.csv,metadata_only,bundled_extraction,2026-08-22,existing_repository_resource,Bibliographic title/year/DOI were not present in the bundled evidence-link resource.
SRC_PMC3585256,builtin,Bundled extracted evidence source,,,,PMC3585256,atom_evidence_links.csv,metadata_only,bundled_extraction,2026-08-22,existing_repository_resource,Bibliographic title/year/DOI were not present in the bundled evidence-link resource.
SRC_PMC3593078,builtin,Bundled extracted evidence source,,,,PMC3593078,atom_evidence_links.csv,metadata_only,bundled_extraction,2026-08-22,existing_repository_resource,Bibliographic title/year/DOI were not present in the bundled evidence-link resource.
SRC_PMC3593170,builtin,Bundled extracted evidence source,,,,PMC3593170,atom_evidence_links.csv,metadata_only,bundled_extraction,2026-08-22,existing_repository_resource,Bibliographic title/year/DOI were not present in the bundled evidence-link resource.
SRC_PMC3595085,builtin,Bundled extracted evidence source,,,,PMC3595085,atom_evidence_links.csv,metadata_only,bundled_extraction,2026-08-22,existing_repository_resource,Bibliographic title/year/DOI were not present in the bundled evidence-link resource.
SRC_PMC3598807,builtin,Bundled extracted evidence source,,,,PMC3598807,atom_evidence_links.csv,metadata_only,bundled_extraction,2026-08-22,existing_repository_resource,Bibliographic title/year/DOI were not present in the bundled evidence-link resource.
SRC_PMC3620489,builtin,Bundled extracted evidence source,,,,PMC3620489,atom_evidence_links.csv,metadata_only,bundled_extraction,2026-08-22,existing_repository_resource,Bibliographic title/year/DOI were not present in the bundled evidence-link resource.
SRC_PMC3630427,builtin,Bundled extracted evidence source,,,,PMC3630427,atom_evidence_links.csv,metadata_only,bundled_extraction,2026-08-22,existing_repository_resource,Bibliographic title/year/DOI were not present in the bundled evidence-link resource.
SRC_PMC3637588,builtin,Bundled extracted evidence source,,,,PMC3637588,atom_evidence_links.csv,metadata_only,bundled_extraction,2026-08-22,existing_repository_resource,Bibliographic title/year/DOI were not present in the bundled evidence-link resource.
SRC_PMC3639513,builtin,Bundled extracted evidence source,,,,PMC3639513,atom_evidence_links.csv,metadata_only,bundled_extraction,2026-08-22,existing_repository_resource,Bibliographic title/year/DOI were not present in the bundled evidence-link resource.
SRC_PMC3655136,builtin,Bundled extracted evidence source,,,,PMC3655136,atom_evidence_links.csv,metadata_only,bundled_extraction,2026-08-22,existing_repository_resource,Bibliographic title/year/DOI were not present in the bundled evidence-link resource.
SRC_PMC3660388,builtin,Bundled extracted evidence source,,,,PMC3660388,atom_evidence_links.csv,metadata_only,bundled_extraction,2026-08-22,existing_repository_resource,Bibliographic title/year/DOI were not present in the bundled evidence-link resource.
SRC_PMC3665655,builtin,Bundled extracted evidence source,,,,PMC3665655,atom_evidence_links.csv,metadata_only,bundled_extraction,2026-08-22,existing_repository_resource,Bibliographic title/year/DOI were not present in the bundled evidence-link resource.
SRC_PMC3675803,builtin,Bundled extracted evidence source,,,,PMC3675803,atom_evidence_links.csv,metadata_only,bundled_extraction,2026-08-22,existing_repository_resource,Bibliographic title/year/DOI were not present in the bundled evidence-link resource.
SRC_PMC3677721,builtin,Bundled extracted evidence source,,,,PMC3677721,atom_evidence_links.csv,metadata_only,bundled_extraction,2026-08-22,existing_repository_resource,Bibliographic title/year/DOI were not present in the bundled evidence-link resource.
SRC_PMC3678374,builtin,Bundled extracted evidence source,,,,PMC3678374,atom_evidence_links.csv,metadata_only,bundled_extraction,2026-08-22,existing_repository_resource,Bibliographic title/year/DOI were not present in the bundled evidence-link resource.
SRC_PMC3680723,builtin,Bundled extracted evidence source,,,,PMC3680723,atom_evidence_links.csv,metadata_only,bundled_extraction,2026-08-22,existing_repository_resource,Bibliographic title/year/DOI were not present in the bundled evidence-link resource.
SRC_PMC3680969,builtin,Bundled extracted evidence source,,,,PMC3680969,atom_evidence_links.csv,metadata_only,bundled_extraction,2026-08-22,existing_repository_resource,Bibliographic title/year/DOI were not present in the bundled evidence-link resource.
SRC_PMC3713899,builtin,Bundled extracted evidence source,,,,PMC3713899,atom_evidence_links.csv,metadata_only,bundled_extraction,2026-08-22,existing_repository_resource,Bibliographic title/year/DOI were not present in the bundled evidence-link resource.
SRC_PMC3718814,builtin,Bundled extracted evidence source,,,,PMC3718814,atom_evidence_links.csv,metadata_only,bundled_extraction,2026-08-22,existing_repository_resource,Bibliographic title/year/DOI were not present in the bundled evidence-link resource.
SRC_PMC3752675,builtin,Bundled extracted evidence source,,,,PMC3752675,atom_evidence_links.csv,metadata_only,bundled_extraction,2026-08-22,existing_repository_resource,Bibliographic title/year/DOI were not present in the bundled evidence-link resource.
SRC_PMC3756568,builtin,Bundled extracted evidence source,,,,PMC3756568,atom_evidence_links.csv,metadata_only,bundled_extraction,2026-08-22,existing_repository_resource,Bibliographic title/year/DOI were not present in the bundled evidence-link resource.
SRC_PMC3759001,builtin,Bundled extracted evidence source,,,,PMC3759001,atom_evidence_links.csv,metadata_only,bundled_extraction,2026-08-22,existing_repository_resource,Bibliographic title/year/DOI were not present in the bundled evidence-link resource.
SRC_PMC3762942,builtin,Bundled extracted evidence source,,,,PMC3762942,atom_evidence_links.csv,metadata_only,bundled_extraction,2026-08-22,existing_repository_resource,Bibliographic title/year/DOI were not present in the bundled evidence-link resource.
SRC_PMC3763208,builtin,Bundled extracted evidence source,,,,PMC3763208,atom_evidence_links.csv,metadata_only,bundled_extraction,2026-08-22,existing_repository_resource,Bibliographic title/year/DOI were not present in the bundled evidence-link resource.
SRC_PMC3763593,builtin,Bundled extracted evidence source,,,,PMC3763593,atom_evidence_links.csv,metadata_only,bundled_extraction,2026-08-22,existing_repository_resource,Bibliographic title/year/DOI were not present in the bundled evidence-link resource.
SRC_PMC3770165,builtin,Bundled extracted evidence source,,,,PMC3770165,atom_evidence_links.csv,metadata_only,bundled_extraction,2026-08-22,existing_repository_resource,Bibliographic title/year/DOI were not present in the bundled evidence-link resource.
SRC_PMC3776952,builtin,Bundled extracted evidence source,,,,PMC3776952,atom_evidence_links.csv,metadata_only,bundled_extraction,2026-08-22,existing_repository_resource,Bibliographic title/year/DOI were not present in the bundled evidence-link resource.
SRC_PMC3786741,builtin,Bundled extracted evidence source,,,,PMC3786741,atom_evidence_links.csv,metadata_only,bundled_extraction,2026-08-22,existing_repository_resource,Bibliographic title/year/DOI were not present in the bundled evidence-link resource.
SRC_PMC3796135,builtin,Bundled extracted evidence source,,,,PMC3796135,atom_evidence_links.csv,metadata_only,bundled_extraction,2026-08-22,existing_repository_resource,Bibliographic title/year/DOI were not present in the bundled evidence-link resource.
SRC_PMC3799681,builtin,Bundled extracted evidence source,,,,PMC3799681,atom_evidence_links.csv,metadata_only,bundled_extraction,2026-08-22,existing_repository_resource,Bibliographic title/year/DOI were not present in the bundled evidence-link resource.
SRC_PMC3800185,builtin,Bundled extracted evidence source,,,,PMC3800185,atom_evidence_links.csv,metadata_only,bundled_extraction,2026-08-22,existing_repository_resource,Bibliographic title/year/DOI were not present in the bundled evidence-link resource.
SRC_PMC3842411,builtin,Bundled extracted evidence source,,,,PMC3842411,atom_evidence_links.csv,metadata_only,bundled_extraction,2026-08-22,existing_repository_resource,Bibliographic title/year/DOI were not present in the bundled evidence-link resource.
SRC_PMC3859838,builtin,Bundled extracted evidence source,,,,PMC3859838,atom_evidence_links.csv,metadata_only,bundled_extraction,2026-08-22,existing_repository_resource,Bibliographic title/year/DOI were not present in the bundled evidence-link resource.
SRC_PMC3863709,builtin,Bundled extracted evidence source,,,,PMC3863709,atom_evidence_links.csv,metadata_only,bundled_extraction,2026-08-22,existing_repository_resource,Bibliographic title/year/DOI were not present in the bundled evidence-link resource.
SRC_PMC3865602,builtin,Bundled extracted evidence source,,,,PMC3865602,atom_evidence_links.csv,metadata_only,bundled_extraction,2026-08-22,existing_repository_resource,Bibliographic title/year/DOI were not present in the bundled evidence-link resource.
SRC_PMC3866520,builtin,Bundled extracted evidence source,,,,PMC3866520,atom_evidence_links.csv,metadata_only,bundled_extraction,2026-08-22,existing_repository_resource,Bibliographic title/year/DOI were not present in the bundled evidence-link resource.
SRC_PMC3885400,builtin,Bundled extracted evidence source,,,,PMC3885400,atom_evidence_links.csv,metadata_only,bundled_extraction,2026-08-22,existing_repository_resource,Bibliographic title/year/DOI were not present in the bundled evidence-link resource.
SRC_PMC3887346,builtin,Bundled extracted evidence source,,,,PMC3887346,atom_evidence_links.csv,metadata_only,bundled_extraction,2026-08-22,existing_repository_resource,Bibliographic title/year/DOI were not present in the bundled evidence-link resource.
SRC_PMC3913969,builtin,Bundled extracted evidence source,,,,PMC3913969,atom_evidence_links.csv,metadata_only,bundled_extraction,2026-08-22,existing_repository_resource,Bibliographic title/year/DOI were not present in the bundled evidence-link resource.
SRC_PMC3939048,builtin,Bundled extracted evidence source,,,,PMC3939048,atom_evidence_links.csv,metadata_only,bundled_extraction,2026-08-22,existing_repository_resource,Bibliographic title/year/DOI were not present in the bundled evidence-link resource.
SRC_PMC3948119,builtin,Bundled extracted evidence source,,,,PMC3948119,atom_evidence_links.csv,metadata_only,bundled_extraction,2026-08-22,existing_repository_resource,Bibliographic title/year/DOI were not present in the bundled evidence-link resource.
SRC_PMC3949442,builtin,Bundled extracted evidence source,,,,PMC3949442,atom_evidence_links.csv,metadata_only,bundled_extraction,2026-08-22,existing_repository_resource,Bibliographic title/year/DOI were not present in the bundled evidence-link resource.
SRC_PMC3966165,builtin,Bundled extracted evidence source,,,,PMC3966165,atom_evidence_links.csv,metadata_only,bundled_extraction,2026-08-22,existing_repository_resource,Bibliographic title/year/DOI were not present in the bundled evidence-link resource.
SRC_PMC3970785,builtin,Bundled extracted evidence source,,,,PMC3970785,atom_evidence_links.csv,metadata_only,bundled_extraction,2026-08-22,existing_repository_resource,Bibliographic title/year/DOI were not present in the bundled evidence-link resource.
SRC_PMC3972490,builtin,Bundled extracted evidence source,,,,PMC3972490,atom_evidence_links.csv,metadata_only,bundled_extraction,2026-08-22,existing_repository_resource,Bibliographic title/year/DOI were not present in the bundled evidence-link resource.
SRC_PMC3983937,builtin,Bundled extracted evidence source,,,,PMC3983937,atom_evidence_links.csv,metadata_only,bundled_extraction,2026-08-22,existing_repository_resource,Bibliographic title/year/DOI were not present in the bundled evidence-link resource.
SRC_PMC3991554,builtin,Bundled extracted evidence source,,,,PMC3991554,atom_evidence_links.csv,metadata_only,bundled_extraction,2026-08-22,existing_repository_resource,Bibliographic title/year/DOI were not present in the bundled evidence-link resource.
SRC_PMC4023650,builtin,Bundled extracted evidence source,,,,PMC4023650,atom_evidence_links.csv,metadata_only,bundled_extraction,2026-08-22,existing_repository_resource,Bibliographic title/year/DOI were not present in the bundled evidence-link resource.
SRC_PMC4033094,builtin,Bundled extracted evidence source,,,,PMC4033094,atom_evidence_links.csv,metadata_only,bundled_extraction,2026-08-22,existing_repository_resource,Bibliographic title/year/DOI were not present in the bundled evidence-link resource.
SRC_PMC4037984,builtin,Bundled extracted evidence source,,,,PMC4037984,atom_evidence_links.csv,metadata_only,bundled_extraction,2026-08-22,existing_repository_resource,Bibliographic title/year/DOI were not present in the bundled evidence-link resource.
SRC_PMC4038001,builtin,Bundled extracted evidence source,,,,PMC4038001,atom_evidence_links.csv,metadata_only,bundled_extraction,2026-08-22,existing_repository_resource,Bibliographic title/year/DOI were not present in the bundled evidence-link resource.
SRC_PMC4038013,builtin,Bundled extracted evidence source,,,,PMC4038013,atom_evidence_links.csv,metadata_only,bundled_extraction,2026-08-22,existing_repository_resource,Bibliographic title/year/DOI were not present in the bundled evidence-link resource.
SRC_PMC4038019,builtin,Bundled extracted evidence source,,,,PMC4038019,atom_evidence_links.csv,metadata_only,bundled_extraction,2026-08-22,existing_repository_resource,Bibliographic title/year/DOI were not present in the bundled evidence-link resource.
SRC_PMC4078995,builtin,Bundled extracted evidence source,,,,PMC4078995,atom_evidence_links.csv,metadata_only,bundled_extraction,2026-08-22,existing_repository_resource,Bibliographic title/year/DOI were not present in the bundled evidence-link resource.
SRC_PMC4097065,builtin,Bundled extracted evidence source,,,,PMC4097065,atom_evidence_links.csv,metadata_only,bundled_extraction,2026-08-22,existing_repository_resource,Bibliographic title/year/DOI were not present in the bundled evidence-link resource.
SRC_PMC4097403,builtin,Bundled extracted evidence source,,,,PMC4097403,atom_evidence_links.csv,metadata_only,bundled_extraction,2026-08-22,existing_repository_resource,Bibliographic title/year/DOI were not present in the bundled evidence-link resource.
SRC_PMC4112844,builtin,Bundled extracted evidence source,,,,PMC4112844,atom_evidence_links.csv,metadata_only,bundled_extraction,2026-08-22,existing_repository_resource,Bibliographic title/year/DOI were not present in the bundled evidence-link resource.
SRC_PMC4126245,builtin,Bundled extracted evidence source,,,,PMC4126245,atom_evidence_links.csv,metadata_only,bundled_extraction,2026-08-22,existing_repository_resource,Bibliographic title/year/DOI were not present in the bundled evidence-link resource.
SRC_PMC4133622,builtin,Bundled extracted evidence source,,,,PMC4133622,atom_evidence_links.csv,metadata_only,bundled_extraction,2026-08-22,existing_repository_resource,Bibliographic title/year/DOI were not present in the bundled evidence-link resource.
SRC_PMC4142377,builtin,Bundled extracted evidence source,,,,PMC4142377,atom_evidence_links.csv,metadata_only,bundled_extraction,2026-08-22,existing_repository_resource,Bibliographic title/year/DOI were not present in the bundled evidence-link resource.
SRC_PMC4172817,builtin,Bundled extracted evidence source,,,,PMC4172817,atom_evidence_links.csv,metadata_only,bundled_extraction,2026-08-22,existing_repository_resource,Bibliographic title/year/DOI were not present in the bundled evidence-link resource.
SRC_PMC4181281,builtin,Bundled extracted evidence source,,,,PMC4181281,atom_evidence_links.csv,metadata_only,bundled_extraction,2026-08-22,existing_repository_resource,Bibliographic title/year/DOI were not present in the bundled evidence-link resource.
SRC_PMC4189732,builtin,Bundled extracted evidence source,,,,PMC4189732,atom_evidence_links.csv,metadata_only,bundled_extraction,2026-08-22,existing_repository_resource,Bibliographic title/year/DOI were not present in the bundled evidence-link resource.
SRC_PMC4211632,builtin,Bundled extracted evidence source,,,,PMC4211632,atom_evidence_links.csv,metadata_only,bundled_extraction,2026-08-22,existing_repository_resource,Bibliographic title/year/DOI were not present in the bundled evidence-link resource.
SRC_PMC4235375,builtin,Bundled extracted evidence source,,,,PMC4235375,atom_evidence_links.csv,metadata_only,bundled_extraction,2026-08-22,existing_repository_resource,Bibliographic title/year/DOI were not present in the bundled evidence-link resource.
SRC_PMC4235573,builtin,Bundled extracted evidence source,,,,PMC4235573,atom_evidence_links.csv,metadata_only,bundled_extraction,2026-08-22,existing_repository_resource,Bibliographic title/year/DOI were not present in the bundled evidence-link resource.
SRC_PMC4237713,builtin,Bundled extracted evidence source,,,,PMC4237713,atom_evidence_links.csv,metadata_only,bundled_extraction,2026-08-22,existing_repository_resource,Bibliographic title/year/DOI were not present in the bundled evidence-link resource.
SRC_PMC4246015,builtin,Bundled extracted evidence source,,,,PMC4246015,atom_evidence_links.csv,metadata_only,bundled_extraction,2026-08-22,existing_repository_resource,Bibliographic title/year/DOI were not present in the bundled evidence-link resource.
SRC_PMC4252607,builtin,Bundled extracted evidence source,,,,PMC4252607,atom_evidence_links.csv,metadata_only,bundled_extraction,2026-08-22,existing_repository_resource,Bibliographic title/year/DOI were not present in the bundled evidence-link resource.
SRC_PMC4254035,builtin,Bundled extracted evidence source,,,,PMC4254035,atom_evidence_links.csv,metadata_only,bundled_extraction,2026-08-22,existing_repository_resource,Bibliographic title/year/DOI were not present in the bundled evidence-link resource.
SRC_PMC4254376,builtin,Bundled extracted evidence source,,,,PMC4254376,atom_evidence_links.csv,metadata_only,bundled_extraction,2026-08-22,existing_repository_resource,Bibliographic title/year/DOI were not present in the bundled evidence-link resource.
SRC_PMC4258229,builtin,Bundled extracted evidence source,,,,PMC4258229,atom_evidence_links.csv,metadata_only,bundled_extraction,2026-08-22,existing_repository_resource,Bibliographic title/year/DOI were not present in the bundled evidence-link resource.
SRC_PMC4266015,builtin,Bundled extracted evidence source,,,,PMC4266015,atom_evidence_links.csv,metadata_only,bundled_extraction,2026-08-22,existing_repository_resource,Bibliographic title/year/DOI were not present in the bundled evidence-link resource.
SRC_PMC4266293,builtin,Bundled extracted evidence source,,,,PMC4266293,atom_evidence_links.csv,metadata_only,bundled_extraction,2026-08-22,existing_repository_resource,Bibliographic title/year/DOI were not present in the bundled evidence-link resource.
SRC_PMC4280476,builtin,Bundled extracted evidence source,,,,PMC4280476,atom_evidence_links.csv,metadata_only,bundled_extraction,2026-08-22,existing_repository_resource,Bibliographic title/year/DOI were not present in the bundled evidence-link resource.
SRC_PMC4285606,builtin,Bundled extracted evidence source,,,,PMC4285606,atom_evidence_links.csv,metadata_only,bundled_extraction,2026-08-22,existing_repository_resource,Bibliographic title/year/DOI were not present in the bundled evidence-link resource.
SRC_PMC4308465,builtin,Bundled extracted evidence source,,,,PMC4308465,atom_evidence_links.csv,metadata_only,bundled_extraction,2026-08-22,existing_repository_resource,Bibliographic title/year/DOI were not present in the bundled evidence-link resource.
SRC_PMC4309034,builtin,Bundled extracted evidence source,,,,PMC4309034,atom_evidence_links.csv,metadata_only,bundled_extraction,2026-08-22,existing_repository_resource,Bibliographic title/year/DOI were not present in the bundled evidence-link resource.
SRC_PMC4321184,builtin,Bundled extracted evidence source,,,,PMC4321184,atom_evidence_links.csv,metadata_only,bundled_extraction,2026-08-22,existing_repository_resource,Bibliographic title/year/DOI were not present in the bundled evidence-link resource.
SRC_PMC4342321,builtin,Bundled extracted evidence source,,,,PMC4342321,atom_evidence_links.csv,metadata_only,bundled_extraction,2026-08-22,existing_repository_resource,Bibliographic title/year/DOI were not present in the bundled evidence-link resource.
SRC_PMC4361422,builtin,Bundled extracted evidence source,,,,PMC4361422,atom_evidence_links.csv,metadata_only,bundled_extraction,2026-08-22,existing_repository_resource,Bibliographic title/year/DOI were not present in the bundled evidence-link resource.
SRC_PMC4370435,builtin,Bundled extracted evidence source,,,,PMC4370435,atom_evidence_links.csv,metadata_only,bundled_extraction,2026-08-22,existing_repository_resource,Bibliographic title/year/DOI were not present in the bundled evidence-link resource.
SRC_PMC4371729,builtin,Bundled extracted evidence source,,,,PMC4371729,atom_evidence_links.csv,metadata_only,bundled_extraction,2026-08-22,existing_repository_resource,Bibliographic title/year/DOI were not present in the bundled evidence-link resource.
SRC_PMC4376943,builtin,Bundled extracted evidence source,,,,PMC4376943,atom_evidence_links.csv,metadata_only,bundled_extraction,2026-08-22,existing_repository_resource,Bibliographic title/year/DOI were not present in the bundled evidence-link resource.
SRC_PMC4401444,builtin,Bundled extracted evidence source,,,,PMC4401444,atom_evidence_links.csv,metadata_only,bundled_extraction,2026-08-22,existing_repository_resource,Bibliographic title/year/DOI were not present in the bundled evidence-link resource.
SRC_PMC4408240,builtin,Bundled extracted evidence source,,,,PMC4408240,atom_evidence_links.csv,metadata_only,bundled_extraction,2026-08-22,existing_repository_resource,Bibliographic title/year/DOI were not present in the bundled evidence-link resource.
SRC_PMC4412671,builtin,Bundled extracted evidence source,,,,PMC4412671,atom_evidence_links.csv,metadata_only,bundled_extraction,2026-08-22,existing_repository_resource,Bibliographic title/year/DOI were not present in the bundled evidence-link resource.
SRC_PMC4431570,builtin,Bundled extracted evidence source,,,,PMC4431570,atom_evidence_links.csv,metadata_only,bundled_extraction,2026-08-22,existing_repository_resource,Bibliographic title/year/DOI were not present in the bundled evidence-link resource.
SRC_PMC4433751,builtin,Bundled extracted evidence source,,,,PMC4433751,atom_evidence_links.csv,metadata_only,bundled_extraction,2026-08-22,existing_repository_resource,Bibliographic title/year/DOI were not present in the bundled evidence-link resource.
SRC_PMC4476621,builtin,Bundled extracted evidence source,,,,PMC4476621,atom_evidence_links.csv,metadata_only,bundled_extraction,2026-08-22,existing_repository_resource,Bibliographic title/year/DOI were not present in the bundled evidence-link resource.
SRC_PMC4478749,builtin,Bundled extracted evidence source,,,,PMC4478749,atom_evidence_links.csv,metadata_only,bundled_extraction,2026-08-22,existing_repository_resource,Bibliographic title/year/DOI were not present in the bundled evidence-link resource.
SRC_PMC4478783,builtin,Bundled extracted evidence source,,,,PMC4478783,atom_evidence_links.csv,metadata_only,bundled_extraction,2026-08-22,existing_repository_resource,Bibliographic title/year/DOI were not present in the bundled evidence-link resource.
SRC_PMC4478785,builtin,Bundled extracted evidence source,,,,PMC4478785,atom_evidence_links.csv,metadata_only,bundled_extraction,2026-08-22,existing_repository_resource,Bibliographic title/year/DOI were not present in the bundled evidence-link resource.
SRC_PMC4478847,builtin,Bundled extracted evidence source,,,,PMC4478847,atom_evidence_links.csv,metadata_only,bundled_extraction,2026-08-22,existing_repository_resource,Bibliographic title/year/DOI were not present in the bundled evidence-link resource.
SRC_PMC4478880,builtin,Bundled extracted evidence source,,,,PMC4478880,atom_evidence_links.csv,metadata_only,bundled_extraction,2026-08-22,existing_repository_resource,Bibliographic title/year/DOI were not present in the bundled evidence-link resource.
SRC_PMC4480930,builtin,Bundled extracted evidence source,,,,PMC4480930,atom_evidence_links.csv,metadata_only,bundled_extraction,2026-08-22,existing_repository_resource,Bibliographic title/year/DOI were not present in the bundled evidence-link resource.
SRC_PMC4481255,builtin,Bundled extracted evidence source,,,,PMC4481255,atom_evidence_links.csv,metadata_only,bundled_extraction,2026-08-22,existing_repository_resource,Bibliographic title/year/DOI were not present in the bundled evidence-link resource.
SRC_PMC4487623,builtin,Bundled extracted evidence source,,,,PMC4487623,atom_evidence_links.csv,metadata_only,bundled_extraction,2026-08-22,existing_repository_resource,Bibliographic title/year/DOI were not present in the bundled evidence-link resource.
SRC_PMC4497661,builtin,Bundled extracted evidence source,,,,PMC4497661,atom_evidence_links.csv,metadata_only,bundled_extraction,2026-08-22,existing_repository_resource,Bibliographic title/year/DOI were not present in the bundled evidence-link resource.
SRC_PMC4516378,builtin,Bundled extracted evidence source,,,,PMC4516378,atom_evidence_links.csv,metadata_only,bundled_extraction,2026-08-22,existing_repository_resource,Bibliographic title/year/DOI were not present in the bundled evidence-link resource.
SRC_PMC4524535,builtin,Bundled extracted evidence source,,,,PMC4524535,atom_evidence_links.csv,metadata_only,bundled_extraction,2026-08-22,existing_repository_resource,Bibliographic title/year/DOI were not present in the bundled evidence-link resource.
SRC_PMC4524732,builtin,Bundled extracted evidence source,,,,PMC4524732,atom_evidence_links.csv,metadata_only,bundled_extraction,2026-08-22,existing_repository_resource,Bibliographic title/year/DOI were not present in the bundled evidence-link resource.
SRC_PMC4528046,builtin,Bundled extracted evidence source,,,,PMC4528046,atom_evidence_links.csv,metadata_only,bundled_extraction,2026-08-22,existing_repository_resource,Bibliographic title/year/DOI were not present in the bundled evidence-link resource.
SRC_PMC4544944,builtin,Bundled extracted evidence source,,,,PMC4544944,atom_evidence_links.csv,metadata_only,bundled_extraction,2026-08-22,existing_repository_resource,Bibliographic title/year/DOI were not present in the bundled evidence-link resource.
SRC_PMC4548377,builtin,Bundled extracted evidence source,,,,PMC4548377,atom_evidence_links.csv,metadata_only,bundled_extraction,2026-08-22,existing_repository_resource,Bibliographic title/year/DOI were not present in the bundled evidence-link resource.
SRC_PMC4588107,builtin,Bundled extracted evidence source,,,,PMC4588107,atom_evidence_links.csv,metadata_only,bundled_extraction,2026-08-22,existing_repository_resource,Bibliographic title/year/DOI were not present in the bundled evidence-link resource.
SRC_PMC4605050,builtin,Bundled extracted evidence source,,,,PMC4605050,atom_evidence_links.csv,metadata_only,bundled_extraction,2026-08-22,existing_repository_resource,Bibliographic title/year/DOI were not present in the bundled evidence-link resource.
SRC_PMC4614295,builtin,Bundled extracted evidence source,,,,PMC4614295,atom_evidence_links.csv,metadata_only,bundled_extraction,2026-08-22,existing_repository_resource,Bibliographic title/year/DOI were not present in the bundled evidence-link resource.
SRC_PMC4619753,builtin,Bundled extracted evidence source,,,,PMC4619753,atom_evidence_links.csv,metadata_only,bundled_extraction,2026-08-22,existing_repository_resource,Bibliographic title/year/DOI were not present in the bundled evidence-link resource.
SRC_PMC4620280,builtin,Bundled extracted evidence source,,,,PMC4620280,atom_evidence_links.csv,metadata_only,bundled_extraction,2026-08-22,existing_repository_resource,Bibliographic title/year/DOI were not present in the bundled evidence-link resource.
SRC_PMC4630975,builtin,Bundled extracted evidence source,,,,PMC4630975,atom_evidence_links.csv,metadata_only,bundled_extraction,2026-08-22,existing_repository_resource,Bibliographic title/year/DOI were not present in the bundled evidence-link resource.
SRC_PMC4635248,builtin,Bundled extracted evidence source,,,,PMC4635248,atom_evidence_links.csv,metadata_only,bundled_extraction,2026-08-22,existing_repository_resource,Bibliographic title/year/DOI were not present in the bundled evidence-link resource.
SRC_PMC4641917,builtin,Bundled extracted evidence source,,,,PMC4641917,atom_evidence_links.csv,metadata_only,bundled_extraction,2026-08-22,existing_repository_resource,Bibliographic title/year/DOI were not present in the bundled evidence-link resource.
SRC_PMC4659897,builtin,Bundled extracted evidence source,,,,PMC4659897,atom_evidence_links.csv,metadata_only,bundled_extraction,2026-08-22,existing_repository_resource,Bibliographic title/year/DOI were not present in the bundled evidence-link resource.
SRC_PMC4668373,builtin,Bundled extracted evidence source,,,,PMC4668373,atom_evidence_links.csv,metadata_only,bundled_extraction,2026-08-22,existing_repository_resource,Bibliographic title/year/DOI were not present in the bundled evidence-link resource.
SRC_PMC4674798,builtin,Bundled extracted evidence source,,,,PMC4674798,atom_evidence_links.csv,metadata_only,bundled_extraction,2026-08-22,existing_repository_resource,Bibliographic title/year/DOI were not present in the bundled evidence-link resource.
SRC_PMC4679251,builtin,Bundled extracted evidence source,,,,PMC4679251,atom_evidence_links.csv,metadata_only,bundled_extraction,2026-08-22,existing_repository_resource,Bibliographic title/year/DOI were not present in the bundled evidence-link resource.
SRC_PMC4679556,builtin,Bundled extracted evidence source,,,,PMC4679556,atom_evidence_links.csv,metadata_only,bundled_extraction,2026-08-22,existing_repository_resource,Bibliographic title/year/DOI were not present in the bundled evidence-link resource.
SRC_PMC4688865,builtin,Bundled extracted evidence source,,,,PMC4688865,atom_evidence_links.csv,metadata_only,bundled_extraction,2026-08-22,existing_repository_resource,Bibliographic title/year/DOI were not present in the bundled evidence-link resource.
SRC_PMC4704972,builtin,Bundled extracted evidence source,,,,PMC4704972,atom_evidence_links.csv,metadata_only,bundled_extraction,2026-08-22,existing_repository_resource,Bibliographic title/year/DOI were not present in the bundled evidence-link resource.
SRC_PMC4707558,builtin,Bundled extracted evidence source,,,,PMC4707558,atom_evidence_links.csv,metadata_only,bundled_extraction,2026-08-22,existing_repository_resource,Bibliographic title/year/DOI were not present in the bundled evidence-link resource.
SRC_PMC4717232,builtin,Bundled extracted evidence source,,,,PMC4717232,atom_evidence_links.csv,metadata_only,bundled_extraction,2026-08-22,existing_repository_resource,Bibliographic title/year/DOI were not present in the bundled evidence-link resource.
SRC_PMC4718192,builtin,Bundled extracted evidence source,,,,PMC4718192,atom_evidence_links.csv,metadata_only,bundled_extraction,2026-08-22,existing_repository_resource,Bibliographic title/year/DOI were not present in the bundled evidence-link resource.
SRC_PMC4719469,builtin,Bundled extracted evidence source,,,,PMC4719469,atom_evidence_links.csv,metadata_only,bundled_extraction,2026-08-22,existing_repository_resource,Bibliographic title/year/DOI were not present in the bundled evidence-link resource.
SRC_PMC4746294,builtin,Bundled extracted evidence source,,,,PMC4746294,atom_evidence_links.csv,metadata_only,bundled_extraction,2026-08-22,existing_repository_resource,Bibliographic title/year/DOI were not present in the bundled evidence-link resource.
SRC_PMC4748172,builtin,Bundled extracted evidence source,,,,PMC4748172,atom_evidence_links.csv,metadata_only,bundled_extraction,2026-08-22,existing_repository_resource,Bibliographic title/year/DOI were not present in the bundled evidence-link resource.
SRC_PMC4750083,builtin,Bundled extracted evidence source,,,,PMC4750083,atom_evidence_links.csv,metadata_only,bundled_extraction,2026-08-22,existing_repository_resource,Bibliographic title/year/DOI were not present in the bundled evidence-link resource.
SRC_PMC4750425,builtin,Bundled extracted evidence source,,,,PMC4750425,atom_evidence_links.csv,metadata_only,bundled_extraction,2026-08-22,existing_repository_resource,Bibliographic title/year/DOI were not present in the bundled evidence-link resource.
SRC_PMC4753811,builtin,Bundled extracted evidence source,,,,PMC4753811,atom_evidence_links.csv,metadata_only,bundled_extraction,2026-08-22,existing_repository_resource,Bibliographic title/year/DOI were not present in the bundled evidence-link resource.
SRC_PMC4754420,builtin,Bundled extracted evidence source,,,,PMC4754420,atom_evidence_links.csv,metadata_only,bundled_extraction,2026-08-22,existing_repository_resource,Bibliographic title/year/DOI were not present in the bundled evidence-link resource.
SRC_PMC4764713,builtin,Bundled extracted evidence source,,,,PMC4764713,atom_evidence_links.csv,metadata_only,bundled_extraction,2026-08-22,existing_repository_resource,Bibliographic title/year/DOI were not present in the bundled evidence-link resource.
SRC_PMC4772448,builtin,Bundled extracted evidence source,,,,PMC4772448,atom_evidence_links.csv,metadata_only,bundled_extraction,2026-08-22,existing_repository_resource,Bibliographic title/year/DOI were not present in the bundled evidence-link resource.
SRC_PMC4773699,builtin,Bundled extracted evidence source,,,,PMC4773699,atom_evidence_links.csv,metadata_only,bundled_extraction,2026-08-22,existing_repository_resource,Bibliographic title/year/DOI were not present in the bundled evidence-link resource.
SRC_PMC4791457,builtin,Bundled extracted evidence source,,,,PMC4791457,atom_evidence_links.csv,metadata_only,bundled_extraction,2026-08-22,existing_repository_resource,Bibliographic title/year/DOI were not present in the bundled evidence-link resource.
SRC_PMC4799394,builtin,Bundled extracted evidence source,,,,PMC4799394,atom_evidence_links.csv,metadata_only,bundled_extraction,2026-08-22,existing_repository_resource,Bibliographic title/year/DOI were not present in the bundled evidence-link resource.
SRC_PMC4801878,builtin,Bundled extracted evidence source,,,,PMC4801878,atom_evidence_links.csv,metadata_only,bundled_extraction,2026-08-22,existing_repository_resource,Bibliographic title/year/DOI were not present in the bundled evidence-link resource.
SRC_PMC4826640,builtin,Bundled extracted evidence source,,,,PMC4826640,atom_evidence_links.csv,metadata_only,bundled_extraction,2026-08-22,existing_repository_resource,Bibliographic title/year/DOI were not present in the bundled evidence-link resource.
SRC_PMC4835514,builtin,Bundled extracted evidence source,,,,PMC4835514,atom_evidence_links.csv,metadata_only,bundled_extraction,2026-08-22,existing_repository_resource,Bibliographic title/year/DOI were not present in the bundled evidence-link resource.
SRC_PMC4844823,builtin,Bundled extracted evidence source,,,,PMC4844823,atom_evidence_links.csv,metadata_only,bundled_extraction,2026-08-22,existing_repository_resource,Bibliographic title/year/DOI were not present in the bundled evidence-link resource.
SRC_PMC4848058,builtin,Bundled extracted evidence source,,,,PMC4848058,atom_evidence_links.csv,metadata_only,bundled_extraction,2026-08-22,existing_repository_resource,Bibliographic title/year/DOI were not present in the bundled evidence-link resource.
SRC_PMC4848070,builtin,Bundled extracted evidence source,,,,PMC4848070,atom_evidence_links.csv,metadata_only,bundled_extraction,2026-08-22,existing_repository_resource,Bibliographic title/year/DOI were not present in the bundled evidence-link resource.
SRC_PMC4860618,builtin,Bundled extracted evidence source,,,,PMC4860618,atom_evidence_links.csv,metadata_only,bundled_extraction,2026-08-22,existing_repository_resource,Bibliographic title/year/DOI were not present in the bundled evidence-link resource.
SRC_PMC4866469,builtin,Bundled extracted evidence source,,,,PMC4866469,atom_evidence_links.csv,metadata_only,bundled_extraction,2026-08-22,existing_repository_resource,Bibliographic title/year/DOI were not present in the bundled evidence-link resource.
SRC_PMC4867629,builtin,Bundled extracted evidence source,,,,PMC4867629,atom_evidence_links.csv,metadata_only,bundled_extraction,2026-08-22,existing_repository_resource,Bibliographic title/year/DOI were not present in the bundled evidence-link resource.
SRC_PMC4876834,builtin,Bundled extracted evidence source,,,,PMC4876834,atom_evidence_links.csv,metadata_only,bundled_extraction,2026-08-22,existing_repository_resource,Bibliographic title/year/DOI were not present in the bundled evidence-link resource.
SRC_PMC4879140,builtin,Bundled extracted evidence source,,,,PMC4879140,atom_evidence_links.csv,metadata_only,bundled_extraction,2026-08-22,existing_repository_resource,Bibliographic title/year/DOI were not present in the bundled evidence-link resource.
SRC_PMC4893204,builtin,Bundled extracted evidence source,,,,PMC4893204,atom_evidence_links.csv,metadata_only,bundled_extraction,2026-08-22,existing_repository_resource,Bibliographic title/year/DOI were not present in the bundled evidence-link resource.
SRC_PMC4894897,builtin,Bundled extracted evidence source,,,,PMC4894897,atom_evidence_links.csv,metadata_only,bundled_extraction,2026-08-22,existing_repository_resource,Bibliographic title/year/DOI were not present in the bundled evidence-link resource.
SRC_PMC4899446,builtin,Bundled extracted evidence source,,,,PMC4899446,atom_evidence_links.csv,metadata_only,bundled_extraction,2026-08-22,existing_repository_resource,Bibliographic title/year/DOI were not present in the bundled evidence-link resource.
SRC_PMC4913108,builtin,Bundled extracted evidence source,,,,PMC4913108,atom_evidence_links.csv,metadata_only,bundled_extraction,2026-08-22,existing_repository_resource,Bibliographic title/year/DOI were not present in the bundled evidence-link resource.
SRC_PMC4940623,builtin,Bundled extracted evidence source,,,,PMC4940623,atom_evidence_links.csv,metadata_only,bundled_extraction,2026-08-22,existing_repository_resource,Bibliographic title/year/DOI were not present in the bundled evidence-link resource.
SRC_PMC4941140,builtin,Bundled extracted evidence source,,,,PMC4941140,atom_evidence_links.csv,metadata_only,bundled_extraction,2026-08-22,existing_repository_resource,Bibliographic title/year/DOI were not present in the bundled evidence-link resource.
SRC_PMC4949761,builtin,Bundled extracted evidence source,,,,PMC4949761,atom_evidence_links.csv,metadata_only,bundled_extraction,2026-08-22,existing_repository_resource,Bibliographic title/year/DOI were not present in the bundled evidence-link resource.
SRC_PMC4957667,builtin,Bundled extracted evidence source,,,,PMC4957667,atom_evidence_links.csv,metadata_only,bundled_extraction,2026-08-22,existing_repository_resource,Bibliographic title/year/DOI were not present in the bundled evidence-link resource.
SRC_PMC4963382,builtin,Bundled extracted evidence source,,,,PMC4963382,atom_evidence_links.csv,metadata_only,bundled_extraction,2026-08-22,existing_repository_resource,Bibliographic title/year/DOI were not present in the bundled evidence-link resource.
SRC_PMC4965045,builtin,Bundled extracted evidence source,,,,PMC4965045,atom_evidence_links.csv,metadata_only,bundled_extraction,2026-08-22,existing_repository_resource,Bibliographic title/year/DOI were not present in the bundled evidence-link resource.
SRC_PMC4967399,builtin,Bundled extracted evidence source,,,,PMC4967399,atom_evidence_links.csv,metadata_only,bundled_extraction,2026-08-22,existing_repository_resource,Bibliographic title/year/DOI were not present in the bundled evidence-link resource.
SRC_PMC4971496,builtin,Bundled extracted evidence source,,,,PMC4971496,atom_evidence_links.csv,metadata_only,bundled_extraction,2026-08-22,existing_repository_resource,Bibliographic title/year/DOI were not present in the bundled evidence-link resource.
SRC_PMC4974280,builtin,Bundled extracted evidence source,,,,PMC4974280,atom_evidence_links.csv,metadata_only,bundled_extraction,2026-08-22,existing_repository_resource,Bibliographic title/year/DOI were not present in the bundled evidence-link resource.
SRC_PMC4979552,builtin,Bundled extracted evidence source,,,,PMC4979552,atom_evidence_links.csv,metadata_only,bundled_extraction,2026-08-22,existing_repository_resource,Bibliographic title/year/DOI were not present in the bundled evidence-link resource.
SRC_PMC4986815,builtin,Bundled extracted evidence source,,,,PMC4986815,atom_evidence_links.csv,metadata_only,bundled_extraction,2026-08-22,existing_repository_resource,Bibliographic title/year/DOI were not present in the bundled evidence-link resource.
SRC_PMC5001212,builtin,Bundled extracted evidence source,,,,PMC5001212,atom_evidence_links.csv,metadata_only,bundled_extraction,2026-08-22,existing_repository_resource,Bibliographic title/year/DOI were not present in the bundled evidence-link resource.
SRC_PMC5008502,builtin,Bundled extracted evidence source,,,,PMC5008502,atom_evidence_links.csv,metadata_only,bundled_extraction,2026-08-22,existing_repository_resource,Bibliographic title/year/DOI were not present in the bundled evidence-link resource.
SRC_PMC5026156,builtin,Bundled extracted evidence source,,,,PMC5026156,atom_evidence_links.csv,metadata_only,bundled_extraction,2026-08-22,existing_repository_resource,Bibliographic title/year/DOI were not present in the bundled evidence-link resource.
SRC_PMC5048089,builtin,Bundled extracted evidence source,,,,PMC5048089,atom_evidence_links.csv,metadata_only,bundled_extraction,2026-08-22,existing_repository_resource,Bibliographic title/year/DOI were not present in the bundled evidence-link resource.
SRC_PMC5052324,builtin,Bundled extracted evidence source,,,,PMC5052324,atom_evidence_links.csv,metadata_only,bundled_extraction,2026-08-22,existing_repository_resource,Bibliographic title/year/DOI were not present in the bundled evidence-link resource.
SRC_PMC5062837,builtin,Bundled extracted evidence source,,,,PMC5062837,atom_evidence_links.csv,metadata_only,bundled_extraction,2026-08-22,existing_repository_resource,Bibliographic title/year/DOI were not present in the bundled evidence-link resource.
SRC_PMC5086037,builtin,Bundled extracted evidence source,,,,PMC5086037,atom_evidence_links.csv,metadata_only,bundled_extraction,2026-08-22,existing_repository_resource,Bibliographic title/year/DOI were not present in the bundled evidence-link resource.
SRC_PMC5099173,builtin,Bundled extracted evidence source,,,,PMC5099173,atom_evidence_links.csv,metadata_only,bundled_extraction,2026-08-22,existing_repository_resource,Bibliographic title/year/DOI were not present in the bundled evidence-link resource.
SRC_PMC5102517,builtin,Bundled extracted evidence source,,,,PMC5102517,atom_evidence_links.csv,metadata_only,bundled_extraction,2026-08-22,existing_repository_resource,Bibliographic title/year/DOI were not present in the bundled evidence-link resource.
SRC_PMC5104184,builtin,Bundled extracted evidence source,,,,PMC5104184,atom_evidence_links.csv,metadata_only,bundled_extraction,2026-08-22,existing_repository_resource,Bibliographic title/year/DOI were not present in the bundled evidence-link resource.
SRC_PMC5119585,builtin,Bundled extracted evidence source,,,,PMC5119585,atom_evidence_links.csv,metadata_only,bundled_extraction,2026-08-22,existing_repository_resource,Bibliographic title/year/DOI were not present in the bundled evidence-link resource.
SRC_PMC5128848,builtin,Bundled extracted evidence source,,,,PMC5128848,atom_evidence_links.csv,metadata_only,bundled_extraction,2026-08-22,existing_repository_resource,Bibliographic title/year/DOI were not present in the bundled evidence-link resource.
SRC_PMC5167005,builtin,Bundled extracted evidence source,,,,PMC5167005,atom_evidence_links.csv,metadata_only,bundled_extraction,2026-08-22,existing_repository_resource,Bibliographic title/year/DOI were not present in the bundled evidence-link resource.
SRC_PMC5175555,builtin,Bundled extracted evidence source,,,,PMC5175555,atom_evidence_links.csv,metadata_only,bundled_extraction,2026-08-22,existing_repository_resource,Bibliographic title/year/DOI were not present in the bundled evidence-link resource.
SRC_PMC5228211,builtin,Bundled extracted evidence source,,,,PMC5228211,atom_evidence_links.csv,metadata_only,bundled_extraction,2026-08-22,existing_repository_resource,Bibliographic title/year/DOI were not present in the bundled evidence-link resource.
SRC_PMC5231305,builtin,Bundled extracted evidence source,,,,PMC5231305,atom_evidence_links.csv,metadata_only,bundled_extraction,2026-08-22,existing_repository_resource,Bibliographic title/year/DOI were not present in the bundled evidence-link resource.
SRC_PMC5241545,builtin,Bundled extracted evidence source,,,,PMC5241545,atom_evidence_links.csv,metadata_only,bundled_extraction,2026-08-22,existing_repository_resource,Bibliographic title/year/DOI were not present in the bundled evidence-link resource.
SRC_PMC5283652,builtin,Bundled extracted evidence source,,,,PMC5283652,atom_evidence_links.csv,metadata_only,bundled_extraction,2026-08-22,existing_repository_resource,Bibliographic title/year/DOI were not present in the bundled evidence-link resource.
SRC_PMC5322290,builtin,Bundled extracted evidence source,,,,PMC5322290,atom_evidence_links.csv,metadata_only,bundled_extraction,2026-08-22,existing_repository_resource,Bibliographic title/year/DOI were not present in the bundled evidence-link resource.
SRC_PMC5348638,builtin,Bundled extracted evidence source,,,,PMC5348638,atom_evidence_links.csv,metadata_only,bundled_extraction,2026-08-22,existing_repository_resource,Bibliographic title/year/DOI were not present in the bundled evidence-link resource.
SRC_PMC5350545,builtin,Bundled extracted evidence source,,,,PMC5350545,atom_evidence_links.csv,metadata_only,bundled_extraction,2026-08-22,existing_repository_resource,Bibliographic title/year/DOI were not present in the bundled evidence-link resource.
SRC_PMC5357702,builtin,Bundled extracted evidence source,,,,PMC5357702,atom_evidence_links.csv,metadata_only,bundled_extraction,2026-08-22,existing_repository_resource,Bibliographic title/year/DOI were not present in the bundled evidence-link resource.
SRC_PMC5360992,builtin,Bundled extracted evidence source,,,,PMC5360992,atom_evidence_links.csv,metadata_only,bundled_extraction,2026-08-22,existing_repository_resource,Bibliographic title/year/DOI were not present in the bundled evidence-link resource.
SRC_PMC5363470,builtin,Bundled extracted evidence source,,,,PMC5363470,atom_evidence_links.csv,metadata_only,bundled_extraction,2026-08-22,existing_repository_resource,Bibliographic title/year/DOI were not present in the bundled evidence-link resource.
SRC_PMC5380755,builtin,Bundled extracted evidence source,,,,PMC5380755,atom_evidence_links.csv,metadata_only,bundled_extraction,2026-08-22,existing_repository_resource,Bibliographic title/year/DOI were not present in the bundled evidence-link resource.
SRC_PMC5384652,builtin,Bundled extracted evidence source,,,,PMC5384652,atom_evidence_links.csv,metadata_only,bundled_extraction,2026-08-22,existing_repository_resource,Bibliographic title/year/DOI were not present in the bundled evidence-link resource.
SRC_PMC5389909,builtin,Bundled extracted evidence source,,,,PMC5389909,atom_evidence_links.csv,metadata_only,bundled_extraction,2026-08-22,existing_repository_resource,Bibliographic title/year/DOI were not present in the bundled evidence-link resource.
SRC_PMC5398514,builtin,Bundled extracted evidence source,,,,PMC5398514,atom_evidence_links.csv,metadata_only,bundled_extraction,2026-08-22,existing_repository_resource,Bibliographic title/year/DOI were not present in the bundled evidence-link resource.
SRC_PMC5424771,builtin,Bundled extracted evidence source,,,,PMC5424771,atom_evidence_links.csv,metadata_only,bundled_extraction,2026-08-22,existing_repository_resource,Bibliographic title/year/DOI were not present in the bundled evidence-link resource.
SRC_PMC5429780,builtin,Bundled extracted evidence source,,,,PMC5429780,atom_evidence_links.csv,metadata_only,bundled_extraction,2026-08-22,existing_repository_resource,Bibliographic title/year/DOI were not present in the bundled evidence-link resource.
SRC_PMC5435907,builtin,Bundled extracted evidence source,,,,PMC5435907,atom_evidence_links.csv,metadata_only,bundled_extraction,2026-08-22,existing_repository_resource,Bibliographic title/year/DOI were not present in the bundled evidence-link resource.
SRC_PMC5450390,builtin,Bundled extracted evidence source,,,,PMC5450390,atom_evidence_links.csv,metadata_only,bundled_extraction,2026-08-22,existing_repository_resource,Bibliographic title/year/DOI were not present in the bundled evidence-link resource.
SRC_PMC5467838,builtin,Bundled extracted evidence source,,,,PMC5467838,atom_evidence_links.csv,metadata_only,bundled_extraction,2026-08-22,existing_repository_resource,Bibliographic title/year/DOI were not present in the bundled evidence-link resource.
SRC_PMC5469885,builtin,Bundled extracted evidence source,,,,PMC5469885,atom_evidence_links.csv,metadata_only,bundled_extraction,2026-08-22,existing_repository_resource,Bibliographic title/year/DOI were not present in the bundled evidence-link resource.
SRC_PMC5476488,builtin,Bundled extracted evidence source,,,,PMC5476488,atom_evidence_links.csv,metadata_only,bundled_extraction,2026-08-22,existing_repository_resource,Bibliographic title/year/DOI were not present in the bundled evidence-link resource.
SRC_PMC5492023,builtin,Bundled extracted evidence source,,,,PMC5492023,atom_evidence_links.csv,metadata_only,bundled_extraction,2026-08-22,existing_repository_resource,Bibliographic title/year/DOI were not present in the bundled evidence-link resource.
SRC_PMC5496759,builtin,Bundled extracted evidence source,,,,PMC5496759,atom_evidence_links.csv,metadata_only,bundled_extraction,2026-08-22,existing_repository_resource,Bibliographic title/year/DOI were not present in the bundled evidence-link resource.
SRC_PMC5500687,builtin,Bundled extracted evidence source,,,,PMC5500687,atom_evidence_links.csv,metadata_only,bundled_extraction,2026-08-22,existing_repository_resource,Bibliographic title/year/DOI were not present in the bundled evidence-link resource.
SRC_PMC5505736,builtin,Bundled extracted evidence source,,,,PMC5505736,atom_evidence_links.csv,metadata_only,bundled_extraction,2026-08-22,existing_repository_resource,Bibliographic title/year/DOI were not present in the bundled evidence-link resource.
SRC_PMC5507540,builtin,Bundled extracted evidence source,,,,PMC5507540,atom_evidence_links.csv,metadata_only,bundled_extraction,2026-08-22,existing_repository_resource,Bibliographic title/year/DOI were not present in the bundled evidence-link resource.
SRC_PMC5508104,builtin,Bundled extracted evidence source,,,,PMC5508104,atom_evidence_links.csv,metadata_only,bundled_extraction,2026-08-22,existing_repository_resource,Bibliographic title/year/DOI were not present in the bundled evidence-link resource.
SRC_PMC5509792,builtin,Bundled extracted evidence source,,,,PMC5509792,atom_evidence_links.csv,metadata_only,bundled_extraction,2026-08-22,existing_repository_resource,Bibliographic title/year/DOI were not present in the bundled evidence-link resource.
SRC_PMC5512010,builtin,Bundled extracted evidence source,,,,PMC5512010,atom_evidence_links.csv,metadata_only,bundled_extraction,2026-08-22,existing_repository_resource,Bibliographic title/year/DOI were not present in the bundled evidence-link resource.
SRC_PMC5522881,builtin,Bundled extracted evidence source,,,,PMC5522881,atom_evidence_links.csv,metadata_only,bundled_extraction,2026-08-22,existing_repository_resource,Bibliographic title/year/DOI were not present in the bundled evidence-link resource.
SRC_PMC5527813,builtin,Bundled extracted evidence source,,,,PMC5527813,atom_evidence_links.csv,metadata_only,bundled_extraction,2026-08-22,existing_repository_resource,Bibliographic title/year/DOI were not present in the bundled evidence-link resource.
SRC_PMC5538329,builtin,Bundled extracted evidence source,,,,PMC5538329,atom_evidence_links.csv,metadata_only,bundled_extraction,2026-08-22,existing_repository_resource,Bibliographic title/year/DOI were not present in the bundled evidence-link resource.
SRC_PMC5561670,builtin,Bundled extracted evidence source,,,,PMC5561670,atom_evidence_links.csv,metadata_only,bundled_extraction,2026-08-22,existing_repository_resource,Bibliographic title/year/DOI were not present in the bundled evidence-link resource.
SRC_PMC5562388,builtin,Bundled extracted evidence source,,,,PMC5562388,atom_evidence_links.csv,metadata_only,bundled_extraction,2026-08-22,existing_repository_resource,Bibliographic title/year/DOI were not present in the bundled evidence-link resource.
SRC_PMC5562948,builtin,Bundled extracted evidence source,,,,PMC5562948,atom_evidence_links.csv,metadata_only,bundled_extraction,2026-08-22,existing_repository_resource,Bibliographic title/year/DOI were not present in the bundled evidence-link resource.
SRC_PMC5563303,builtin,Bundled extracted evidence source,,,,PMC5563303,atom_evidence_links.csv,metadata_only,bundled_extraction,2026-08-22,existing_repository_resource,Bibliographic title/year/DOI were not present in the bundled evidence-link resource.
SRC_PMC5565675,builtin,Bundled extracted evidence source,,,,PMC5565675,atom_evidence_links.csv,metadata_only,bundled_extraction,2026-08-22,existing_repository_resource,Bibliographic title/year/DOI were not present in the bundled evidence-link resource.
SRC_PMC5566207,builtin,Bundled extracted evidence source,,,,PMC5566207,atom_evidence_links.csv,metadata_only,bundled_extraction,2026-08-22,existing_repository_resource,Bibliographic title/year/DOI were not present in the bundled evidence-link resource.
SRC_PMC5566266,builtin,Bundled extracted evidence source,,,,PMC5566266,atom_evidence_links.csv,metadata_only,bundled_extraction,2026-08-22,existing_repository_resource,Bibliographic title/year/DOI were not present in the bundled evidence-link resource.
SRC_PMC5572678,builtin,Bundled extracted evidence source,,,,PMC5572678,atom_evidence_links.csv,metadata_only,bundled_extraction,2026-08-22,existing_repository_resource,Bibliographic title/year/DOI were not present in the bundled evidence-link resource.
SRC_PMC5577215,builtin,Bundled extracted evidence source,,,,PMC5577215,atom_evidence_links.csv,metadata_only,bundled_extraction,2026-08-22,existing_repository_resource,Bibliographic title/year/DOI were not present in the bundled evidence-link resource.
SRC_PMC5582298,builtin,Bundled extracted evidence source,,,,PMC5582298,atom_evidence_links.csv,metadata_only,bundled_extraction,2026-08-22,existing_repository_resource,Bibliographic title/year/DOI were not present in the bundled evidence-link resource.
SRC_PMC5583743,builtin,Bundled extracted evidence source,,,,PMC5583743,atom_evidence_links.csv,metadata_only,bundled_extraction,2026-08-22,existing_repository_resource,Bibliographic title/year/DOI were not present in the bundled evidence-link resource.
SRC_PMC5585736,builtin,Bundled extracted evidence source,,,,PMC5585736,atom_evidence_links.csv,metadata_only,bundled_extraction,2026-08-22,existing_repository_resource,Bibliographic title/year/DOI were not present in the bundled evidence-link resource.
SRC_PMC5592780,builtin,Bundled extracted evidence source,,,,PMC5592780,atom_evidence_links.csv,metadata_only,bundled_extraction,2026-08-22,existing_repository_resource,Bibliographic title/year/DOI were not present in the bundled evidence-link resource.
SRC_PMC5595187,builtin,Bundled extracted evidence source,,,,PMC5595187,atom_evidence_links.csv,metadata_only,bundled_extraction,2026-08-22,existing_repository_resource,Bibliographic title/year/DOI were not present in the bundled evidence-link resource.
SRC_PMC5599227,builtin,Bundled extracted evidence source,,,,PMC5599227,atom_evidence_links.csv,metadata_only,bundled_extraction,2026-08-22,existing_repository_resource,Bibliographic title/year/DOI were not present in the bundled evidence-link resource.
SRC_PMC5599440,builtin,Bundled extracted evidence source,,,,PMC5599440,atom_evidence_links.csv,metadata_only,bundled_extraction,2026-08-22,existing_repository_resource,Bibliographic title/year/DOI were not present in the bundled evidence-link resource.
SRC_PMC5603769,builtin,Bundled extracted evidence source,,,,PMC5603769,atom_evidence_links.csv,metadata_only,bundled_extraction,2026-08-22,existing_repository_resource,Bibliographic title/year/DOI were not present in the bundled evidence-link resource.
SRC_PMC5605645,builtin,Bundled extracted evidence source,,,,PMC5605645,atom_evidence_links.csv,metadata_only,bundled_extraction,2026-08-22,existing_repository_resource,Bibliographic title/year/DOI were not present in the bundled evidence-link resource.
SRC_PMC5607257,builtin,Bundled extracted evidence source,,,,PMC5607257,atom_evidence_links.csv,metadata_only,bundled_extraction,2026-08-22,existing_repository_resource,Bibliographic title/year/DOI were not present in the bundled evidence-link resource.
SRC_PMC5621582,builtin,Bundled extracted evidence source,,,,PMC5621582,atom_evidence_links.csv,metadata_only,bundled_extraction,2026-08-22,existing_repository_resource,Bibliographic title/year/DOI were not present in the bundled evidence-link resource.
SRC_PMC5629919,builtin,Bundled extracted evidence source,,,,PMC5629919,atom_evidence_links.csv,metadata_only,bundled_extraction,2026-08-22,existing_repository_resource,Bibliographic title/year/DOI were not present in the bundled evidence-link resource.
SRC_PMC5641587,builtin,Bundled extracted evidence source,,,,PMC5641587,atom_evidence_links.csv,metadata_only,bundled_extraction,2026-08-22,existing_repository_resource,Bibliographic title/year/DOI were not present in the bundled evidence-link resource.
SRC_PMC5645241,builtin,Bundled extracted evidence source,,,,PMC5645241,atom_evidence_links.csv,metadata_only,bundled_extraction,2026-08-22,existing_repository_resource,Bibliographic title/year/DOI were not present in the bundled evidence-link resource.
SRC_PMC5678433,builtin,Bundled extracted evidence source,,,,PMC5678433,atom_evidence_links.csv,metadata_only,bundled_extraction,2026-08-22,existing_repository_resource,Bibliographic title/year/DOI were not present in the bundled evidence-link resource.
SRC_PMC5693925,builtin,Bundled extracted evidence source,,,,PMC5693925,atom_evidence_links.csv,metadata_only,bundled_extraction,2026-08-22,existing_repository_resource,Bibliographic title/year/DOI were not present in the bundled evidence-link resource.
SRC_PMC5695650,builtin,Bundled extracted evidence source,,,,PMC5695650,atom_evidence_links.csv,metadata_only,bundled_extraction,2026-08-22,existing_repository_resource,Bibliographic title/year/DOI were not present in the bundled evidence-link resource.
SRC_PMC5695946,builtin,Bundled extracted evidence source,,,,PMC5695946,atom_evidence_links.csv,metadata_only,bundled_extraction,2026-08-22,existing_repository_resource,Bibliographic title/year/DOI were not present in the bundled evidence-link resource.
SRC_PMC5703451,builtin,Bundled extracted evidence source,,,,PMC5703451,atom_evidence_links.csv,metadata_only,bundled_extraction,2026-08-22,existing_repository_resource,Bibliographic title/year/DOI were not present in the bundled evidence-link resource.
SRC_PMC5707382,builtin,Bundled extracted evidence source,,,,PMC5707382,atom_evidence_links.csv,metadata_only,bundled_extraction,2026-08-22,existing_repository_resource,Bibliographic title/year/DOI were not present in the bundled evidence-link resource.
SRC_PMC5718323,builtin,Bundled extracted evidence source,,,,PMC5718323,atom_evidence_links.csv,metadata_only,bundled_extraction,2026-08-22,existing_repository_resource,Bibliographic title/year/DOI were not present in the bundled evidence-link resource.
SRC_PMC5720073,builtin,Bundled extracted evidence source,,,,PMC5720073,atom_evidence_links.csv,metadata_only,bundled_extraction,2026-08-22,existing_repository_resource,Bibliographic title/year/DOI were not present in the bundled evidence-link resource.
SRC_PMC5726862,builtin,Bundled extracted evidence source,,,,PMC5726862,atom_evidence_links.csv,metadata_only,bundled_extraction,2026-08-22,existing_repository_resource,Bibliographic title/year/DOI were not present in the bundled evidence-link resource.
SRC_PMC5742570,builtin,Bundled extracted evidence source,,,,PMC5742570,atom_evidence_links.csv,metadata_only,bundled_extraction,2026-08-22,existing_repository_resource,Bibliographic title/year/DOI were not present in the bundled evidence-link resource.
SRC_PMC5751689,builtin,Bundled extracted evidence source,,,,PMC5751689,atom_evidence_links.csv,metadata_only,bundled_extraction,2026-08-22,existing_repository_resource,Bibliographic title/year/DOI were not present in the bundled evidence-link resource.
SRC_PMC5755852,builtin,Bundled extracted evidence source,,,,PMC5755852,atom_evidence_links.csv,metadata_only,bundled_extraction,2026-08-22,existing_repository_resource,Bibliographic title/year/DOI were not present in the bundled evidence-link resource.
SRC_PMC5761201,builtin,Bundled extracted evidence source,,,,PMC5761201,atom_evidence_links.csv,metadata_only,bundled_extraction,2026-08-22,existing_repository_resource,Bibliographic title/year/DOI were not present in the bundled evidence-link resource.
SRC_PMC5766679,builtin,Bundled extracted evidence source,,,,PMC5766679,atom_evidence_links.csv,metadata_only,bundled_extraction,2026-08-22,existing_repository_resource,Bibliographic title/year/DOI were not present in the bundled evidence-link resource.
SRC_PMC5772591,builtin,Bundled extracted evidence source,,,,PMC5772591,atom_evidence_links.csv,metadata_only,bundled_extraction,2026-08-22,existing_repository_resource,Bibliographic title/year/DOI were not present in the bundled evidence-link resource.
SRC_PMC5772737,builtin,Bundled extracted evidence source,,,,PMC5772737,atom_evidence_links.csv,metadata_only,bundled_extraction,2026-08-22,existing_repository_resource,Bibliographic title/year/DOI were not present in the bundled evidence-link resource.
SRC_PMC5774174,builtin,Bundled extracted evidence source,,,,PMC5774174,atom_evidence_links.csv,metadata_only,bundled_extraction,2026-08-22,existing_repository_resource,Bibliographic title/year/DOI were not present in the bundled evidence-link resource.
SRC_PMC5788966,builtin,Bundled extracted evidence source,,,,PMC5788966,atom_evidence_links.csv,metadata_only,bundled_extraction,2026-08-22,existing_repository_resource,Bibliographic title/year/DOI were not present in the bundled evidence-link resource.
SRC_PMC5795927,builtin,Bundled extracted evidence source,,,,PMC5795927,atom_evidence_links.csv,metadata_only,bundled_extraction,2026-08-22,existing_repository_resource,Bibliographic title/year/DOI were not present in the bundled evidence-link resource.
SRC_PMC5800280,builtin,Bundled extracted evidence source,,,,PMC5800280,atom_evidence_links.csv,metadata_only,bundled_extraction,2026-08-22,existing_repository_resource,Bibliographic title/year/DOI were not present in the bundled evidence-link resource.
SRC_PMC5803523,builtin,Bundled extracted evidence source,,,,PMC5803523,atom_evidence_links.csv,metadata_only,bundled_extraction,2026-08-22,existing_repository_resource,Bibliographic title/year/DOI were not present in the bundled evidence-link resource.
SRC_PMC5810421,builtin,Bundled extracted evidence source,,,,PMC5810421,atom_evidence_links.csv,metadata_only,bundled_extraction,2026-08-22,existing_repository_resource,Bibliographic title/year/DOI were not present in the bundled evidence-link resource.
SRC_PMC5811207,builtin,Bundled extracted evidence source,,,,PMC5811207,atom_evidence_links.csv,metadata_only,bundled_extraction,2026-08-22,existing_repository_resource,Bibliographic title/year/DOI were not present in the bundled evidence-link resource.
SRC_PMC5814422,builtin,Bundled extracted evidence source,,,,PMC5814422,atom_evidence_links.csv,metadata_only,bundled_extraction,2026-08-22,existing_repository_resource,Bibliographic title/year/DOI were not present in the bundled evidence-link resource.
SRC_PMC5816508,builtin,Bundled extracted evidence source,,,,PMC5816508,atom_evidence_links.csv,metadata_only,bundled_extraction,2026-08-22,existing_repository_resource,Bibliographic title/year/DOI were not present in the bundled evidence-link resource.
SRC_PMC5829061,builtin,Bundled extracted evidence source,,,,PMC5829061,atom_evidence_links.csv,metadata_only,bundled_extraction,2026-08-22,existing_repository_resource,Bibliographic title/year/DOI were not present in the bundled evidence-link resource.
SRC_PMC5838152,builtin,Bundled extracted evidence source,,,,PMC5838152,atom_evidence_links.csv,metadata_only,bundled_extraction,2026-08-22,existing_repository_resource,Bibliographic title/year/DOI were not present in the bundled evidence-link resource.
SRC_PMC5845019,builtin,Bundled extracted evidence source,,,,PMC5845019,atom_evidence_links.csv,metadata_only,bundled_extraction,2026-08-22,existing_repository_resource,Bibliographic title/year/DOI were not present in the bundled evidence-link resource.
SRC_PMC5884954,builtin,Bundled extracted evidence source,,,,PMC5884954,atom_evidence_links.csv,metadata_only,bundled_extraction,2026-08-22,existing_repository_resource,Bibliographic title/year/DOI were not present in the bundled evidence-link resource.
SRC_PMC5891614,builtin,Bundled extracted evidence source,,,,PMC5891614,atom_evidence_links.csv,metadata_only,bundled_extraction,2026-08-22,existing_repository_resource,Bibliographic title/year/DOI were not present in the bundled evidence-link resource.
SRC_PMC5896228,builtin,Bundled extracted evidence source,,,,PMC5896228,atom_evidence_links.csv,metadata_only,bundled_extraction,2026-08-22,existing_repository_resource,Bibliographic title/year/DOI were not present in the bundled evidence-link resource.
SRC_PMC5903110,builtin,Bundled extracted evidence source,,,,PMC5903110,atom_evidence_links.csv,metadata_only,bundled_extraction,2026-08-22,existing_repository_resource,Bibliographic title/year/DOI were not present in the bundled evidence-link resource.
SRC_PMC5907468,builtin,Bundled extracted evidence source,,,,PMC5907468,atom_evidence_links.csv,metadata_only,bundled_extraction,2026-08-22,existing_repository_resource,Bibliographic title/year/DOI were not present in the bundled evidence-link resource.
SRC_PMC5908891,builtin,Bundled extracted evidence source,,,,PMC5908891,atom_evidence_links.csv,metadata_only,bundled_extraction,2026-08-22,existing_repository_resource,Bibliographic title/year/DOI were not present in the bundled evidence-link resource.
SRC_PMC5916916,builtin,Bundled extracted evidence source,,,,PMC5916916,atom_evidence_links.csv,metadata_only,bundled_extraction,2026-08-22,existing_repository_resource,Bibliographic title/year/DOI were not present in the bundled evidence-link resource.
SRC_PMC5937739,builtin,Bundled extracted evidence source,,,,PMC5937739,atom_evidence_links.csv,metadata_only,bundled_extraction,2026-08-22,existing_repository_resource,Bibliographic title/year/DOI were not present in the bundled evidence-link resource.
SRC_PMC5941290,builtin,Bundled extracted evidence source,,,,PMC5941290,atom_evidence_links.csv,metadata_only,bundled_extraction,2026-08-22,existing_repository_resource,Bibliographic title/year/DOI were not present in the bundled evidence-link resource.
SRC_PMC5943701,builtin,Bundled extracted evidence source,,,,PMC5943701,atom_evidence_links.csv,metadata_only,bundled_extraction,2026-08-22,existing_repository_resource,Bibliographic title/year/DOI were not present in the bundled evidence-link resource.
SRC_PMC5946767,builtin,Bundled extracted evidence source,,,,PMC5946767,atom_evidence_links.csv,metadata_only,bundled_extraction,2026-08-22,existing_repository_resource,Bibliographic title/year/DOI were not present in the bundled evidence-link resource.
SRC_PMC5960703,builtin,Bundled extracted evidence source,,,,PMC5960703,atom_evidence_links.csv,metadata_only,bundled_extraction,2026-08-22,existing_repository_resource,Bibliographic title/year/DOI were not present in the bundled evidence-link resource.
SRC_PMC5962476,builtin,Bundled extracted evidence source,,,,PMC5962476,atom_evidence_links.csv,metadata_only,bundled_extraction,2026-08-22,existing_repository_resource,Bibliographic title/year/DOI were not present in the bundled evidence-link resource.
SRC_PMC5963607,builtin,Bundled extracted evidence source,,,,PMC5963607,atom_evidence_links.csv,metadata_only,bundled_extraction,2026-08-22,existing_repository_resource,Bibliographic title/year/DOI were not present in the bundled evidence-link resource.
SRC_PMC5971219,builtin,Bundled extracted evidence source,,,,PMC5971219,atom_evidence_links.csv,metadata_only,bundled_extraction,2026-08-22,existing_repository_resource,Bibliographic title/year/DOI were not present in the bundled evidence-link resource.
SRC_PMC5972257,builtin,Bundled extracted evidence source,,,,PMC5972257,atom_evidence_links.csv,metadata_only,bundled_extraction,2026-08-22,existing_repository_resource,Bibliographic title/year/DOI were not present in the bundled evidence-link resource.
SRC_PMC5985469,builtin,Bundled extracted evidence source,,,,PMC5985469,atom_evidence_links.csv,metadata_only,bundled_extraction,2026-08-22,existing_repository_resource,Bibliographic title/year/DOI were not present in the bundled evidence-link resource.
SRC_PMC5990593,builtin,Bundled extracted evidence source,,,,PMC5990593,atom_evidence_links.csv,metadata_only,bundled_extraction,2026-08-22,existing_repository_resource,Bibliographic title/year/DOI were not present in the bundled evidence-link resource.
SRC_PMC6007269,builtin,Bundled extracted evidence source,,,,PMC6007269,atom_evidence_links.csv,metadata_only,bundled_extraction,2026-08-22,existing_repository_resource,Bibliographic title/year/DOI were not present in the bundled evidence-link resource.
SRC_PMC6021956,builtin,Bundled extracted evidence source,,,,PMC6021956,atom_evidence_links.csv,metadata_only,bundled_extraction,2026-08-22,existing_repository_resource,Bibliographic title/year/DOI were not present in the bundled evidence-link resource.
SRC_PMC6032997,builtin,Bundled extracted evidence source,,,,PMC6032997,atom_evidence_links.csv,metadata_only,bundled_extraction,2026-08-22,existing_repository_resource,Bibliographic title/year/DOI were not present in the bundled evidence-link resource.
SRC_PMC6045431,builtin,Bundled extracted evidence source,,,,PMC6045431,atom_evidence_links.csv,metadata_only,bundled_extraction,2026-08-22,existing_repository_resource,Bibliographic title/year/DOI were not present in the bundled evidence-link resource.
SRC_PMC6048780,builtin,Bundled extracted evidence source,,,,PMC6048780,atom_evidence_links.csv,metadata_only,bundled_extraction,2026-08-22,existing_repository_resource,Bibliographic title/year/DOI were not present in the bundled evidence-link resource.
SRC_PMC6125790,builtin,Bundled extracted evidence source,,,,PMC6125790,atom_evidence_links.csv,metadata_only,bundled_extraction,2026-08-22,existing_repository_resource,Bibliographic title/year/DOI were not present in the bundled evidence-link resource.
SRC_PMC6126217,builtin,Bundled extracted evidence source,,,,PMC6126217,atom_evidence_links.csv,metadata_only,bundled_extraction,2026-08-22,existing_repository_resource,Bibliographic title/year/DOI were not present in the bundled evidence-link resource.
SRC_PMC6126425,builtin,Bundled extracted evidence source,,,,PMC6126425,atom_evidence_links.csv,metadata_only,bundled_extraction,2026-08-22,existing_repository_resource,Bibliographic title/year/DOI were not present in the bundled evidence-link resource.
SRC_PMC6126436,builtin,Bundled extracted evidence source,,,,PMC6126436,atom_evidence_links.csv,metadata_only,bundled_extraction,2026-08-22,existing_repository_resource,Bibliographic title/year/DOI were not present in the bundled evidence-link resource.
SRC_PMC6132574,builtin,Bundled extracted evidence source,,,,PMC6132574,atom_evidence_links.csv,metadata_only,bundled_extraction,2026-08-22,existing_repository_resource,Bibliographic title/year/DOI were not present in the bundled evidence-link resource.
SRC_PMC6135986,builtin,Bundled extracted evidence source,,,,PMC6135986,atom_evidence_links.csv,metadata_only,bundled_extraction,2026-08-22,existing_repository_resource,Bibliographic title/year/DOI were not present in the bundled evidence-link resource.
SRC_PMC6136959,builtin,Bundled extracted evidence source,,,,PMC6136959,atom_evidence_links.csv,metadata_only,bundled_extraction,2026-08-22,existing_repository_resource,Bibliographic title/year/DOI were not present in the bundled evidence-link resource.
SRC_PMC6137318,builtin,Bundled extracted evidence source,,,,PMC6137318,atom_evidence_links.csv,metadata_only,bundled_extraction,2026-08-22,existing_repository_resource,Bibliographic title/year/DOI were not present in the bundled evidence-link resource.
SRC_PMC6142855,builtin,Bundled extracted evidence source,,,,PMC6142855,atom_evidence_links.csv,metadata_only,bundled_extraction,2026-08-22,existing_repository_resource,Bibliographic title/year/DOI were not present in the bundled evidence-link resource.
SRC_PMC6164385,builtin,Bundled extracted evidence source,,,,PMC6164385,atom_evidence_links.csv,metadata_only,bundled_extraction,2026-08-22,existing_repository_resource,Bibliographic title/year/DOI were not present in the bundled evidence-link resource.
SRC_PMC6164948,builtin,Bundled extracted evidence source,,,,PMC6164948,atom_evidence_links.csv,metadata_only,bundled_extraction,2026-08-22,existing_repository_resource,Bibliographic title/year/DOI were not present in the bundled evidence-link resource.
SRC_PMC6166233,builtin,Bundled extracted evidence source,,,,PMC6166233,atom_evidence_links.csv,metadata_only,bundled_extraction,2026-08-22,existing_repository_resource,Bibliographic title/year/DOI were not present in the bundled evidence-link resource.
SRC_PMC6170034,builtin,Bundled extracted evidence source,,,,PMC6170034,atom_evidence_links.csv,metadata_only,bundled_extraction,2026-08-22,existing_repository_resource,Bibliographic title/year/DOI were not present in the bundled evidence-link resource.
SRC_PMC6176492,builtin,Bundled extracted evidence source,,,,PMC6176492,atom_evidence_links.csv,metadata_only,bundled_extraction,2026-08-22,existing_repository_resource,Bibliographic title/year/DOI were not present in the bundled evidence-link resource.
SRC_PMC6181242,builtin,Bundled extracted evidence source,,,,PMC6181242,atom_evidence_links.csv,metadata_only,bundled_extraction,2026-08-22,existing_repository_resource,Bibliographic title/year/DOI were not present in the bundled evidence-link resource.
SRC_PMC6189799,builtin,Bundled extracted evidence source,,,,PMC6189799,atom_evidence_links.csv,metadata_only,bundled_extraction,2026-08-22,existing_repository_resource,Bibliographic title/year/DOI were not present in the bundled evidence-link resource.
SRC_PMC6191612,builtin,Bundled extracted evidence source,,,,PMC6191612,atom_evidence_links.csv,metadata_only,bundled_extraction,2026-08-22,existing_repository_resource,Bibliographic title/year/DOI were not present in the bundled evidence-link resource.
SRC_PMC6198082,builtin,Bundled extracted evidence source,,,,PMC6198082,atom_evidence_links.csv,metadata_only,bundled_extraction,2026-08-22,existing_repository_resource,Bibliographic title/year/DOI were not present in the bundled evidence-link resource.
SRC_PMC6212555,builtin,Bundled extracted evidence source,,,,PMC6212555,atom_evidence_links.csv,metadata_only,bundled_extraction,2026-08-22,existing_repository_resource,Bibliographic title/year/DOI were not present in the bundled evidence-link resource.
SRC_PMC6213715,builtin,Bundled extracted evidence source,,,,PMC6213715,atom_evidence_links.csv,metadata_only,bundled_extraction,2026-08-22,existing_repository_resource,Bibliographic title/year/DOI were not present in the bundled evidence-link resource.
SRC_PMC6230489,builtin,Bundled extracted evidence source,,,,PMC6230489,atom_evidence_links.csv,metadata_only,bundled_extraction,2026-08-22,existing_repository_resource,Bibliographic title/year/DOI were not present in the bundled evidence-link resource.
SRC_PMC6236112,builtin,Bundled extracted evidence source,,,,PMC6236112,atom_evidence_links.csv,metadata_only,bundled_extraction,2026-08-22,existing_repository_resource,Bibliographic title/year/DOI were not present in the bundled evidence-link resource.
SRC_PMC6239960,builtin,Bundled extracted evidence source,,,,PMC6239960,atom_evidence_links.csv,metadata_only,bundled_extraction,2026-08-22,existing_repository_resource,Bibliographic title/year/DOI were not present in the bundled evidence-link resource.
SRC_PMC6240506,builtin,Bundled extracted evidence source,,,,PMC6240506,atom_evidence_links.csv,metadata_only,bundled_extraction,2026-08-22,existing_repository_resource,Bibliographic title/year/DOI were not present in the bundled evidence-link resource.
SRC_PMC6242270,builtin,Bundled extracted evidence source,,,,PMC6242270,atom_evidence_links.csv,metadata_only,bundled_extraction,2026-08-22,existing_repository_resource,Bibliographic title/year/DOI were not present in the bundled evidence-link resource.
SRC_PMC6257082,builtin,Bundled extracted evidence source,,,,PMC6257082,atom_evidence_links.csv,metadata_only,bundled_extraction,2026-08-22,existing_repository_resource,Bibliographic title/year/DOI were not present in the bundled evidence-link resource.
SRC_PMC6278088,builtin,Bundled extracted evidence source,,,,PMC6278088,atom_evidence_links.csv,metadata_only,bundled_extraction,2026-08-22,existing_repository_resource,Bibliographic title/year/DOI were not present in the bundled evidence-link resource.
SRC_PMC6281984,builtin,Bundled extracted evidence source,,,,PMC6281984,atom_evidence_links.csv,metadata_only,bundled_extraction,2026-08-22,existing_repository_resource,Bibliographic title/year/DOI were not present in the bundled evidence-link resource.
SRC_PMC6289445,builtin,Bundled extracted evidence source,,,,PMC6289445,atom_evidence_links.csv,metadata_only,bundled_extraction,2026-08-22,existing_repository_resource,Bibliographic title/year/DOI were not present in the bundled evidence-link resource.
SRC_PMC6297380,builtin,Bundled extracted evidence source,,,,PMC6297380,atom_evidence_links.csv,metadata_only,bundled_extraction,2026-08-22,existing_repository_resource,Bibliographic title/year/DOI were not present in the bundled evidence-link resource.
SRC_PMC6302720,builtin,Bundled extracted evidence source,,,,PMC6302720,atom_evidence_links.csv,metadata_only,bundled_extraction,2026-08-22,existing_repository_resource,Bibliographic title/year/DOI were not present in the bundled evidence-link resource.
SRC_PMC6306799,builtin,Bundled extracted evidence source,,,,PMC6306799,atom_evidence_links.csv,metadata_only,bundled_extraction,2026-08-22,existing_repository_resource,Bibliographic title/year/DOI were not present in the bundled evidence-link resource.
SRC_PMC6311664,builtin,Bundled extracted evidence source,,,,PMC6311664,atom_evidence_links.csv,metadata_only,bundled_extraction,2026-08-22,existing_repository_resource,Bibliographic title/year/DOI were not present in the bundled evidence-link resource.
SRC_PMC6323003,builtin,Bundled extracted evidence source,,,,PMC6323003,atom_evidence_links.csv,metadata_only,bundled_extraction,2026-08-22,existing_repository_resource,Bibliographic title/year/DOI were not present in the bundled evidence-link resource.
SRC_PMC6336925,builtin,Bundled extracted evidence source,,,,PMC6336925,atom_evidence_links.csv,metadata_only,bundled_extraction,2026-08-22,existing_repository_resource,Bibliographic title/year/DOI were not present in the bundled evidence-link resource.
SRC_PMC6351455,builtin,Bundled extracted evidence source,,,,PMC6351455,atom_evidence_links.csv,metadata_only,bundled_extraction,2026-08-22,existing_repository_resource,Bibliographic title/year/DOI were not present in the bundled evidence-link resource.
SRC_PMC6357488,builtin,Bundled extracted evidence source,,,,PMC6357488,atom_evidence_links.csv,metadata_only,bundled_extraction,2026-08-22,existing_repository_resource,Bibliographic title/year/DOI were not present in the bundled evidence-link resource.
SRC_PMC6359459,builtin,Bundled extracted evidence source,,,,PMC6359459,atom_evidence_links.csv,metadata_only,bundled_extraction,2026-08-22,existing_repository_resource,Bibliographic title/year/DOI were not present in the bundled evidence-link resource.
SRC_PMC6360878,builtin,Bundled extracted evidence source,,,,PMC6360878,atom_evidence_links.csv,metadata_only,bundled_extraction,2026-08-22,existing_repository_resource,Bibliographic title/year/DOI were not present in the bundled evidence-link resource.
SRC_PMC6362521,builtin,Bundled extracted evidence source,,,,PMC6362521,atom_evidence_links.csv,metadata_only,bundled_extraction,2026-08-22,existing_repository_resource,Bibliographic title/year/DOI were not present in the bundled evidence-link resource.
SRC_PMC6369365,builtin,Bundled extracted evidence source,,,,PMC6369365,atom_evidence_links.csv,metadata_only,bundled_extraction,2026-08-22,existing_repository_resource,Bibliographic title/year/DOI were not present in the bundled evidence-link resource.
SRC_PMC6375904,builtin,Bundled extracted evidence source,,,,PMC6375904,atom_evidence_links.csv,metadata_only,bundled_extraction,2026-08-22,existing_repository_resource,Bibliographic title/year/DOI were not present in the bundled evidence-link resource.
SRC_PMC6387909,builtin,Bundled extracted evidence source,,,,PMC6387909,atom_evidence_links.csv,metadata_only,bundled_extraction,2026-08-22,existing_repository_resource,Bibliographic title/year/DOI were not present in the bundled evidence-link resource.
SRC_PMC6390246,builtin,Bundled extracted evidence source,,,,PMC6390246,atom_evidence_links.csv,metadata_only,bundled_extraction,2026-08-22,existing_repository_resource,Bibliographic title/year/DOI were not present in the bundled evidence-link resource.
SRC_PMC6407664,builtin,Bundled extracted evidence source,,,,PMC6407664,atom_evidence_links.csv,metadata_only,bundled_extraction,2026-08-22,existing_repository_resource,Bibliographic title/year/DOI were not present in the bundled evidence-link resource.
SRC_PMC6411655,builtin,Bundled extracted evidence source,,,,PMC6411655,atom_evidence_links.csv,metadata_only,bundled_extraction,2026-08-22,existing_repository_resource,Bibliographic title/year/DOI were not present in the bundled evidence-link resource.
SRC_PMC6412154,builtin,Bundled extracted evidence source,,,,PMC6412154,atom_evidence_links.csv,metadata_only,bundled_extraction,2026-08-22,existing_repository_resource,Bibliographic title/year/DOI were not present in the bundled evidence-link resource.
SRC_PMC6420417,builtin,Bundled extracted evidence source,,,,PMC6420417,atom_evidence_links.csv,metadata_only,bundled_extraction,2026-08-22,existing_repository_resource,Bibliographic title/year/DOI were not present in the bundled evidence-link resource.
SRC_PMC6427901,builtin,Bundled extracted evidence source,,,,PMC6427901,atom_evidence_links.csv,metadata_only,bundled_extraction,2026-08-22,existing_repository_resource,Bibliographic title/year/DOI were not present in the bundled evidence-link resource.
SRC_PMC6438667,builtin,Bundled extracted evidence source,,,,PMC6438667,atom_evidence_links.csv,metadata_only,bundled_extraction,2026-08-22,existing_repository_resource,Bibliographic title/year/DOI were not present in the bundled evidence-link resource.
SRC_PMC6438879,builtin,Bundled extracted evidence source,,,,PMC6438879,atom_evidence_links.csv,metadata_only,bundled_extraction,2026-08-22,existing_repository_resource,Bibliographic title/year/DOI were not present in the bundled evidence-link resource.
SRC_PMC6448561,builtin,Bundled extracted evidence source,,,,PMC6448561,atom_evidence_links.csv,metadata_only,bundled_extraction,2026-08-22,existing_repository_resource,Bibliographic title/year/DOI were not present in the bundled evidence-link resource.
SRC_PMC6469633,builtin,Bundled extracted evidence source,,,,PMC6469633,atom_evidence_links.csv,metadata_only,bundled_extraction,2026-08-22,existing_repository_resource,Bibliographic title/year/DOI were not present in the bundled evidence-link resource.
SRC_PMC6480144,builtin,Bundled extracted evidence source,,,,PMC6480144,atom_evidence_links.csv,metadata_only,bundled_extraction,2026-08-22,existing_repository_resource,Bibliographic title/year/DOI were not present in the bundled evidence-link resource.
SRC_PMC6491319,builtin,Bundled extracted evidence source,,,,PMC6491319,atom_evidence_links.csv,metadata_only,bundled_extraction,2026-08-22,existing_repository_resource,Bibliographic title/year/DOI were not present in the bundled evidence-link resource.
SRC_PMC6497723,builtin,Bundled extracted evidence source,,,,PMC6497723,atom_evidence_links.csv,metadata_only,bundled_extraction,2026-08-22,existing_repository_resource,Bibliographic title/year/DOI were not present in the bundled evidence-link resource.
SRC_PMC6498509,builtin,Bundled extracted evidence source,,,,PMC6498509,atom_evidence_links.csv,metadata_only,bundled_extraction,2026-08-22,existing_repository_resource,Bibliographic title/year/DOI were not present in the bundled evidence-link resource.
SRC_PMC6501770,builtin,Bundled extracted evidence source,,,,PMC6501770,atom_evidence_links.csv,metadata_only,bundled_extraction,2026-08-22,existing_repository_resource,Bibliographic title/year/DOI were not present in the bundled evidence-link resource.
SRC_PMC6506669,builtin,Bundled extracted evidence source,,,,PMC6506669,atom_evidence_links.csv,metadata_only,bundled_extraction,2026-08-22,existing_repository_resource,Bibliographic title/year/DOI were not present in the bundled evidence-link resource.
SRC_PMC6511202,builtin,Bundled extracted evidence source,,,,PMC6511202,atom_evidence_links.csv,metadata_only,bundled_extraction,2026-08-22,existing_repository_resource,Bibliographic title/year/DOI were not present in the bundled evidence-link resource.
SRC_PMC6518726,builtin,Bundled extracted evidence source,,,,PMC6518726,atom_evidence_links.csv,metadata_only,bundled_extraction,2026-08-22,existing_repository_resource,Bibliographic title/year/DOI were not present in the bundled evidence-link resource.
SRC_PMC6537870,builtin,Bundled extracted evidence source,,,,PMC6537870,atom_evidence_links.csv,metadata_only,bundled_extraction,2026-08-22,existing_repository_resource,Bibliographic title/year/DOI were not present in the bundled evidence-link resource.
SRC_PMC6539212,builtin,Bundled extracted evidence source,,,,PMC6539212,atom_evidence_links.csv,metadata_only,bundled_extraction,2026-08-22,existing_repository_resource,Bibliographic title/year/DOI were not present in the bundled evidence-link resource.
SRC_PMC6540937,builtin,Bundled extracted evidence source,,,,PMC6540937,atom_evidence_links.csv,metadata_only,bundled_extraction,2026-08-22,existing_repository_resource,Bibliographic title/year/DOI were not present in the bundled evidence-link resource.
SRC_PMC6548336,builtin,Bundled extracted evidence source,,,,PMC6548336,atom_evidence_links.csv,metadata_only,bundled_extraction,2026-08-22,existing_repository_resource,Bibliographic title/year/DOI were not present in the bundled evidence-link resource.
SRC_PMC6561323,builtin,Bundled extracted evidence source,,,,PMC6561323,atom_evidence_links.csv,metadata_only,bundled_extraction,2026-08-22,existing_repository_resource,Bibliographic title/year/DOI were not present in the bundled evidence-link resource.
SRC_PMC6581040,builtin,Bundled extracted evidence source,,,,PMC6581040,atom_evidence_links.csv,metadata_only,bundled_extraction,2026-08-22,existing_repository_resource,Bibliographic title/year/DOI were not present in the bundled evidence-link resource.
SRC_PMC6597627,builtin,Bundled extracted evidence source,,,,PMC6597627,atom_evidence_links.csv,metadata_only,bundled_extraction,2026-08-22,existing_repository_resource,Bibliographic title/year/DOI were not present in the bundled evidence-link resource.
SRC_PMC6599245,builtin,Bundled extracted evidence source,,,,PMC6599245,atom_evidence_links.csv,metadata_only,bundled_extraction,2026-08-22,existing_repository_resource,Bibliographic title/year/DOI were not present in the bundled evidence-link resource.
SRC_PMC6602391,builtin,Bundled extracted evidence source,,,,PMC6602391,atom_evidence_links.csv,metadata_only,bundled_extraction,2026-08-22,existing_repository_resource,Bibliographic title/year/DOI were not present in the bundled evidence-link resource.
SRC_PMC6625219,builtin,Bundled extracted evidence source,,,,PMC6625219,atom_evidence_links.csv,metadata_only,bundled_extraction,2026-08-22,existing_repository_resource,Bibliographic title/year/DOI were not present in the bundled evidence-link resource.
SRC_PMC6674167,builtin,Bundled extracted evidence source,,,,PMC6674167,atom_evidence_links.csv,metadata_only,bundled_extraction,2026-08-22,existing_repository_resource,Bibliographic title/year/DOI were not present in the bundled evidence-link resource.
SRC_PMC6676044,builtin,Bundled extracted evidence source,,,,PMC6676044,atom_evidence_links.csv,metadata_only,bundled_extraction,2026-08-22,existing_repository_resource,Bibliographic title/year/DOI were not present in the bundled evidence-link resource.
SRC_PMC6681541,builtin,Bundled extracted evidence source,,,,PMC6681541,atom_evidence_links.csv,metadata_only,bundled_extraction,2026-08-22,existing_repository_resource,Bibliographic title/year/DOI were not present in the bundled evidence-link resource.
SRC_PMC6689143,builtin,Bundled extracted evidence source,,,,PMC6689143,atom_evidence_links.csv,metadata_only,bundled_extraction,2026-08-22,existing_repository_resource,Bibliographic title/year/DOI were not present in the bundled evidence-link resource.
SRC_PMC6692246,builtin,Bundled extracted evidence source,,,,PMC6692246,atom_evidence_links.csv,metadata_only,bundled_extraction,2026-08-22,existing_repository_resource,Bibliographic title/year/DOI were not present in the bundled evidence-link resource.
SRC_PMC6692742,builtin,Bundled extracted evidence source,,,,PMC6692742,atom_evidence_links.csv,metadata_only,bundled_extraction,2026-08-22,existing_repository_resource,Bibliographic title/year/DOI were not present in the bundled evidence-link resource.
SRC_PMC6698343,builtin,Bundled extracted evidence source,,,,PMC6698343,atom_evidence_links.csv,metadata_only,bundled_extraction,2026-08-22,existing_repository_resource,Bibliographic title/year/DOI were not present in the bundled evidence-link resource.
SRC_PMC6701524,builtin,Bundled extracted evidence source,,,,PMC6701524,atom_evidence_links.csv,metadata_only,bundled_extraction,2026-08-22,existing_repository_resource,Bibliographic title/year/DOI were not present in the bundled evidence-link resource.
SRC_PMC6721320,builtin,Bundled extracted evidence source,,,,PMC6721320,atom_evidence_links.csv,metadata_only,bundled_extraction,2026-08-22,existing_repository_resource,Bibliographic title/year/DOI were not present in the bundled evidence-link resource.
SRC_PMC6730485,builtin,Bundled extracted evidence source,,,,PMC6730485,atom_evidence_links.csv,metadata_only,bundled_extraction,2026-08-22,existing_repository_resource,Bibliographic title/year/DOI were not present in the bundled evidence-link resource.
SRC_PMC6743351,builtin,Bundled extracted evidence source,,,,PMC6743351,atom_evidence_links.csv,metadata_only,bundled_extraction,2026-08-22,existing_repository_resource,Bibliographic title/year/DOI were not present in the bundled evidence-link resource.
SRC_PMC6744459,builtin,Bundled extracted evidence source,,,,PMC6744459,atom_evidence_links.csv,metadata_only,bundled_extraction,2026-08-22,existing_repository_resource,Bibliographic title/year/DOI were not present in the bundled evidence-link resource.
SRC_PMC6749052,builtin,Bundled extracted evidence source,,,,PMC6749052,atom_evidence_links.csv,metadata_only,bundled_extraction,2026-08-22,existing_repository_resource,Bibliographic title/year/DOI were not present in the bundled evidence-link resource.
SRC_PMC6757466,builtin,Bundled extracted evidence source,,,,PMC6757466,atom_evidence_links.csv,metadata_only,bundled_extraction,2026-08-22,existing_repository_resource,Bibliographic title/year/DOI were not present in the bundled evidence-link resource.
SRC_PMC6757477,builtin,Bundled extracted evidence source,,,,PMC6757477,atom_evidence_links.csv,metadata_only,bundled_extraction,2026-08-22,existing_repository_resource,Bibliographic title/year/DOI were not present in the bundled evidence-link resource.
SRC_PMC6757481,builtin,Bundled extracted evidence source,,,,PMC6757481,atom_evidence_links.csv,metadata_only,bundled_extraction,2026-08-22,existing_repository_resource,Bibliographic title/year/DOI were not present in the bundled evidence-link resource.
SRC_PMC6760550,builtin,Bundled extracted evidence source,,,,PMC6760550,atom_evidence_links.csv,metadata_only,bundled_extraction,2026-08-22,existing_repository_resource,Bibliographic title/year/DOI were not present in the bundled evidence-link resource.
SRC_PMC6769087,builtin,Bundled extracted evidence source,,,,PMC6769087,atom_evidence_links.csv,metadata_only,bundled_extraction,2026-08-22,existing_repository_resource,Bibliographic title/year/DOI were not present in the bundled evidence-link resource.
SRC_PMC6775592,builtin,Bundled extracted evidence source,,,,PMC6775592,atom_evidence_links.csv,metadata_only,bundled_extraction,2026-08-22,existing_repository_resource,Bibliographic title/year/DOI were not present in the bundled evidence-link resource.
SRC_PMC6784331,builtin,Bundled extracted evidence source,,,,PMC6784331,atom_evidence_links.csv,metadata_only,bundled_extraction,2026-08-22,existing_repository_resource,Bibliographic title/year/DOI were not present in the bundled evidence-link resource.
SRC_PMC6788586,builtin,Bundled extracted evidence source,,,,PMC6788586,atom_evidence_links.csv,metadata_only,bundled_extraction,2026-08-22,existing_repository_resource,Bibliographic title/year/DOI were not present in the bundled evidence-link resource.
SRC_PMC6803538,builtin,Bundled extracted evidence source,,,,PMC6803538,atom_evidence_links.csv,metadata_only,bundled_extraction,2026-08-22,existing_repository_resource,Bibliographic title/year/DOI were not present in the bundled evidence-link resource.
SRC_PMC6820049,builtin,Bundled extracted evidence source,,,,PMC6820049,atom_evidence_links.csv,metadata_only,bundled_extraction,2026-08-22,existing_repository_resource,Bibliographic title/year/DOI were not present in the bundled evidence-link resource.
SRC_PMC6824917,builtin,Bundled extracted evidence source,,,,PMC6824917,atom_evidence_links.csv,metadata_only,bundled_extraction,2026-08-22,existing_repository_resource,Bibliographic title/year/DOI were not present in the bundled evidence-link resource.
SRC_PMC6827212,builtin,Bundled extracted evidence source,,,,PMC6827212,atom_evidence_links.csv,metadata_only,bundled_extraction,2026-08-22,existing_repository_resource,Bibliographic title/year/DOI were not present in the bundled evidence-link resource.
SRC_PMC6832016,builtin,Bundled extracted evidence source,,,,PMC6832016,atom_evidence_links.csv,metadata_only,bundled_extraction,2026-08-22,existing_repository_resource,Bibliographic title/year/DOI were not present in the bundled evidence-link resource.
SRC_PMC6851201,builtin,Bundled extracted evidence source,,,,PMC6851201,atom_evidence_links.csv,metadata_only,bundled_extraction,2026-08-22,existing_repository_resource,Bibliographic title/year/DOI were not present in the bundled evidence-link resource.
SRC_PMC6856557,builtin,Bundled extracted evidence source,,,,PMC6856557,atom_evidence_links.csv,metadata_only,bundled_extraction,2026-08-22,existing_repository_resource,Bibliographic title/year/DOI were not present in the bundled evidence-link resource.
SRC_PMC6866308,builtin,Bundled extracted evidence source,,,,PMC6866308,atom_evidence_links.csv,metadata_only,bundled_extraction,2026-08-22,existing_repository_resource,Bibliographic title/year/DOI were not present in the bundled evidence-link resource.
SRC_PMC6866983,builtin,Bundled extracted evidence source,,,,PMC6866983,atom_evidence_links.csv,metadata_only,bundled_extraction,2026-08-22,existing_repository_resource,Bibliographic title/year/DOI were not present in the bundled evidence-link resource.
SRC_PMC6871457,builtin,Bundled extracted evidence source,,,,PMC6871457,atom_evidence_links.csv,metadata_only,bundled_extraction,2026-08-22,existing_repository_resource,Bibliographic title/year/DOI were not present in the bundled evidence-link resource.
SRC_PMC6872128,builtin,Bundled extracted evidence source,,,,PMC6872128,atom_evidence_links.csv,metadata_only,bundled_extraction,2026-08-22,existing_repository_resource,Bibliographic title/year/DOI were not present in the bundled evidence-link resource.
SRC_PMC6872511,builtin,Bundled extracted evidence source,,,,PMC6872511,atom_evidence_links.csv,metadata_only,bundled_extraction,2026-08-22,existing_repository_resource,Bibliographic title/year/DOI were not present in the bundled evidence-link resource.
SRC_PMC6874396,builtin,Bundled extracted evidence source,,,,PMC6874396,atom_evidence_links.csv,metadata_only,bundled_extraction,2026-08-22,existing_repository_resource,Bibliographic title/year/DOI were not present in the bundled evidence-link resource.
SRC_PMC6892956,builtin,Bundled extracted evidence source,,,,PMC6892956,atom_evidence_links.csv,metadata_only,bundled_extraction,2026-08-22,existing_repository_resource,Bibliographic title/year/DOI were not present in the bundled evidence-link resource.
SRC_PMC6893984,builtin,Bundled extracted evidence source,,,,PMC6893984,atom_evidence_links.csv,metadata_only,bundled_extraction,2026-08-22,existing_repository_resource,Bibliographic title/year/DOI were not present in the bundled evidence-link resource.
SRC_PMC6921567,builtin,Bundled extracted evidence source,,,,PMC6921567,atom_evidence_links.csv,metadata_only,bundled_extraction,2026-08-22,existing_repository_resource,Bibliographic title/year/DOI were not present in the bundled evidence-link resource.
SRC_PMC6953699,builtin,Bundled extracted evidence source,,,,PMC6953699,atom_evidence_links.csv,metadata_only,bundled_extraction,2026-08-22,existing_repository_resource,Bibliographic title/year/DOI were not present in the bundled evidence-link resource.
SRC_PMC6960208,builtin,Bundled extracted evidence source,,,,PMC6960208,atom_evidence_links.csv,metadata_only,bundled_extraction,2026-08-22,existing_repository_resource,Bibliographic title/year/DOI were not present in the bundled evidence-link resource.
SRC_PMC6961052,builtin,Bundled extracted evidence source,,,,PMC6961052,atom_evidence_links.csv,metadata_only,bundled_extraction,2026-08-22,existing_repository_resource,Bibliographic title/year/DOI were not present in the bundled evidence-link resource.
SRC_PMC6975180,builtin,Bundled extracted evidence source,,,,PMC6975180,atom_evidence_links.csv,metadata_only,bundled_extraction,2026-08-22,existing_repository_resource,Bibliographic title/year/DOI were not present in the bundled evidence-link resource.
SRC_PMC6985403,builtin,Bundled extracted evidence source,,,,PMC6985403,atom_evidence_links.csv,metadata_only,bundled_extraction,2026-08-22,existing_repository_resource,Bibliographic title/year/DOI were not present in the bundled evidence-link resource.
SRC_PMC6987554,builtin,Bundled extracted evidence source,,,,PMC6987554,atom_evidence_links.csv,metadata_only,bundled_extraction,2026-08-22,existing_repository_resource,Bibliographic title/year/DOI were not present in the bundled evidence-link resource.
SRC_PMC6992892,builtin,Bundled extracted evidence source,,,,PMC6992892,atom_evidence_links.csv,metadata_only,bundled_extraction,2026-08-22,existing_repository_resource,Bibliographic title/year/DOI were not present in the bundled evidence-link resource.
SRC_PMC7016046,builtin,Bundled extracted evidence source,,,,PMC7016046,atom_evidence_links.csv,metadata_only,bundled_extraction,2026-08-22,existing_repository_resource,Bibliographic title/year/DOI were not present in the bundled evidence-link resource.
SRC_PMC7035879,builtin,Bundled extracted evidence source,,,,PMC7035879,atom_evidence_links.csv,metadata_only,bundled_extraction,2026-08-22,existing_repository_resource,Bibliographic title/year/DOI were not present in the bundled evidence-link resource.
SRC_PMC7040089,builtin,Bundled extracted evidence source,,,,PMC7040089,atom_evidence_links.csv,metadata_only,bundled_extraction,2026-08-22,existing_repository_resource,Bibliographic title/year/DOI were not present in the bundled evidence-link resource.
SRC_PMC7040364,builtin,Bundled extracted evidence source,,,,PMC7040364,atom_evidence_links.csv,metadata_only,bundled_extraction,2026-08-22,existing_repository_resource,Bibliographic title/year/DOI were not present in the bundled evidence-link resource.
SRC_PMC7040446,builtin,Bundled extracted evidence source,,,,PMC7040446,atom_evidence_links.csv,metadata_only,bundled_extraction,2026-08-22,existing_repository_resource,Bibliographic title/year/DOI were not present in the bundled evidence-link resource.
SRC_PMC7045198,builtin,Bundled extracted evidence source,,,,PMC7045198,atom_evidence_links.csv,metadata_only,bundled_extraction,2026-08-22,existing_repository_resource,Bibliographic title/year/DOI were not present in the bundled evidence-link resource.
SRC_PMC7047008,builtin,Bundled extracted evidence source,,,,PMC7047008,atom_evidence_links.csv,metadata_only,bundled_extraction,2026-08-22,existing_repository_resource,Bibliographic title/year/DOI were not present in the bundled evidence-link resource.
SRC_PMC7047398,builtin,Bundled extracted evidence source,,,,PMC7047398,atom_evidence_links.csv,metadata_only,bundled_extraction,2026-08-22,existing_repository_resource,Bibliographic title/year/DOI were not present in the bundled evidence-link resource.
SRC_PMC7064639,builtin,Bundled extracted evidence source,,,,PMC7064639,atom_evidence_links.csv,metadata_only,bundled_extraction,2026-08-22,existing_repository_resource,Bibliographic title/year/DOI were not present in the bundled evidence-link resource.
SRC_PMC7080269,builtin,Bundled extracted evidence source,,,,PMC7080269,atom_evidence_links.csv,metadata_only,bundled_extraction,2026-08-22,existing_repository_resource,Bibliographic title/year/DOI were not present in the bundled evidence-link resource.
SRC_PMC7080680,builtin,Bundled extracted evidence source,,,,PMC7080680,atom_evidence_links.csv,metadata_only,bundled_extraction,2026-08-22,existing_repository_resource,Bibliographic title/year/DOI were not present in the bundled evidence-link resource.
SRC_PMC7125097,builtin,Bundled extracted evidence source,,,,PMC7125097,atom_evidence_links.csv,metadata_only,bundled_extraction,2026-08-22,existing_repository_resource,Bibliographic title/year/DOI were not present in the bundled evidence-link resource.
SRC_PMC7139562,builtin,Bundled extracted evidence source,,,,PMC7139562,atom_evidence_links.csv,metadata_only,bundled_extraction,2026-08-22,existing_repository_resource,Bibliographic title/year/DOI were not present in the bundled evidence-link resource.
SRC_PMC7174771,builtin,Bundled extracted evidence source,,,,PMC7174771,atom_evidence_links.csv,metadata_only,bundled_extraction,2026-08-22,existing_repository_resource,Bibliographic title/year/DOI were not present in the bundled evidence-link resource.
SRC_PMC7189210,builtin,Bundled extracted evidence source,,,,PMC7189210,atom_evidence_links.csv,metadata_only,bundled_extraction,2026-08-22,existing_repository_resource,Bibliographic title/year/DOI were not present in the bundled evidence-link resource.
SRC_PMC7198837,builtin,Bundled extracted evidence source,,,,PMC7198837,atom_evidence_links.csv,metadata_only,bundled_extraction,2026-08-22,existing_repository_resource,Bibliographic title/year/DOI were not present in the bundled evidence-link resource.
SRC_PMC7202715,builtin,Bundled extracted evidence source,,,,PMC7202715,atom_evidence_links.csv,metadata_only,bundled_extraction,2026-08-22,existing_repository_resource,Bibliographic title/year/DOI were not present in the bundled evidence-link resource.
SRC_PMC7204515,builtin,Bundled extracted evidence source,,,,PMC7204515,atom_evidence_links.csv,metadata_only,bundled_extraction,2026-08-22,existing_repository_resource,Bibliographic title/year/DOI were not present in the bundled evidence-link resource.
SRC_PMC7223879,builtin,Bundled extracted evidence source,,,,PMC7223879,atom_evidence_links.csv,metadata_only,bundled_extraction,2026-08-22,existing_repository_resource,Bibliographic title/year/DOI were not present in the bundled evidence-link resource.
SRC_PMC7232562,builtin,Bundled extracted evidence source,,,,PMC7232562,atom_evidence_links.csv,metadata_only,bundled_extraction,2026-08-22,existing_repository_resource,Bibliographic title/year/DOI were not present in the bundled evidence-link resource.
SRC_PMC7253632,builtin,Bundled extracted evidence source,,,,PMC7253632,atom_evidence_links.csv,metadata_only,bundled_extraction,2026-08-22,existing_repository_resource,Bibliographic title/year/DOI were not present in the bundled evidence-link resource.
SRC_PMC7261925,builtin,Bundled extracted evidence source,,,,PMC7261925,atom_evidence_links.csv,metadata_only,bundled_extraction,2026-08-22,existing_repository_resource,Bibliographic title/year/DOI were not present in the bundled evidence-link resource.
SRC_PMC7267214,builtin,Bundled extracted evidence source,,,,PMC7267214,atom_evidence_links.csv,metadata_only,bundled_extraction,2026-08-22,existing_repository_resource,Bibliographic title/year/DOI were not present in the bundled evidence-link resource.
SRC_PMC7280505,builtin,Bundled extracted evidence source,,,,PMC7280505,atom_evidence_links.csv,metadata_only,bundled_extraction,2026-08-22,existing_repository_resource,Bibliographic title/year/DOI were not present in the bundled evidence-link resource.
SRC_PMC7284109,builtin,Bundled extracted evidence source,,,,PMC7284109,atom_evidence_links.csv,metadata_only,bundled_extraction,2026-08-22,existing_repository_resource,Bibliographic title/year/DOI were not present in the bundled evidence-link resource.
SRC_PMC7294062,builtin,Bundled extracted evidence source,,,,PMC7294062,atom_evidence_links.csv,metadata_only,bundled_extraction,2026-08-22,existing_repository_resource,Bibliographic title/year/DOI were not present in the bundled evidence-link resource.
SRC_PMC7298148,builtin,Bundled extracted evidence source,,,,PMC7298148,atom_evidence_links.csv,metadata_only,bundled_extraction,2026-08-22,existing_repository_resource,Bibliographic title/year/DOI were not present in the bundled evidence-link resource.
SRC_PMC7310879,builtin,Bundled extracted evidence source,,,,PMC7310879,atom_evidence_links.csv,metadata_only,bundled_extraction,2026-08-22,existing_repository_resource,Bibliographic title/year/DOI were not present in the bundled evidence-link resource.
SRC_PMC7315225,builtin,Bundled extracted evidence source,,,,PMC7315225,atom_evidence_links.csv,metadata_only,bundled_extraction,2026-08-22,existing_repository_resource,Bibliographic title/year/DOI were not present in the bundled evidence-link resource.
SRC_PMC7319873,builtin,Bundled extracted evidence source,,,,PMC7319873,atom_evidence_links.csv,metadata_only,bundled_extraction,2026-08-22,existing_repository_resource,Bibliographic title/year/DOI were not present in the bundled evidence-link resource.
SRC_PMC7350789,builtin,Bundled extracted evidence source,,,,PMC7350789,atom_evidence_links.csv,metadata_only,bundled_extraction,2026-08-22,existing_repository_resource,Bibliographic title/year/DOI were not present in the bundled evidence-link resource.
SRC_PMC7362764,builtin,Bundled extracted evidence source,,,,PMC7362764,atom_evidence_links.csv,metadata_only,bundled_extraction,2026-08-22,existing_repository_resource,Bibliographic title/year/DOI were not present in the bundled evidence-link resource.
SRC_PMC7363196,builtin,Bundled extracted evidence source,,,,PMC7363196,atom_evidence_links.csv,metadata_only,bundled_extraction,2026-08-22,existing_repository_resource,Bibliographic title/year/DOI were not present in the bundled evidence-link resource.
SRC_PMC7364176,builtin,Bundled extracted evidence source,,,,PMC7364176,atom_evidence_links.csv,metadata_only,bundled_extraction,2026-08-22,existing_repository_resource,Bibliographic title/year/DOI were not present in the bundled evidence-link resource.
SRC_PMC7370369,builtin,Bundled extracted evidence source,,,,PMC7370369,atom_evidence_links.csv,metadata_only,bundled_extraction,2026-08-22,existing_repository_resource,Bibliographic title/year/DOI were not present in the bundled evidence-link resource.
SRC_PMC7370942,builtin,Bundled extracted evidence source,,,,PMC7370942,atom_evidence_links.csv,metadata_only,bundled_extraction,2026-08-22,existing_repository_resource,Bibliographic title/year/DOI were not present in the bundled evidence-link resource.
SRC_PMC7372129,builtin,Bundled extracted evidence source,,,,PMC7372129,atom_evidence_links.csv,metadata_only,bundled_extraction,2026-08-22,existing_repository_resource,Bibliographic title/year/DOI were not present in the bundled evidence-link resource.
SRC_PMC7373176,builtin,Bundled extracted evidence source,,,,PMC7373176,atom_evidence_links.csv,metadata_only,bundled_extraction,2026-08-22,existing_repository_resource,Bibliographic title/year/DOI were not present in the bundled evidence-link resource.
SRC_PMC7373744,builtin,Bundled extracted evidence source,,,,PMC7373744,atom_evidence_links.csv,metadata_only,bundled_extraction,2026-08-22,existing_repository_resource,Bibliographic title/year/DOI were not present in the bundled evidence-link resource.
SRC_PMC7376762,builtin,Bundled extracted evidence source,,,,PMC7376762,atom_evidence_links.csv,metadata_only,bundled_extraction,2026-08-22,existing_repository_resource,Bibliographic title/year/DOI were not present in the bundled evidence-link resource.
SRC_PMC7379867,builtin,Bundled extracted evidence source,,,,PMC7379867,atom_evidence_links.csv,metadata_only,bundled_extraction,2026-08-22,existing_repository_resource,Bibliographic title/year/DOI were not present in the bundled evidence-link resource.
SRC_PMC7383825,builtin,Bundled extracted evidence source,,,,PMC7383825,atom_evidence_links.csv,metadata_only,bundled_extraction,2026-08-22,existing_repository_resource,Bibliographic title/year/DOI were not present in the bundled evidence-link resource.
SRC_PMC7387184,builtin,Bundled extracted evidence source,,,,PMC7387184,atom_evidence_links.csv,metadata_only,bundled_extraction,2026-08-22,existing_repository_resource,Bibliographic title/year/DOI were not present in the bundled evidence-link resource.
SRC_PMC7396619,builtin,Bundled extracted evidence source,,,,PMC7396619,atom_evidence_links.csv,metadata_only,bundled_extraction,2026-08-22,existing_repository_resource,Bibliographic title/year/DOI were not present in the bundled evidence-link resource.
SRC_PMC7399018,builtin,Bundled extracted evidence source,,,,PMC7399018,atom_evidence_links.csv,metadata_only,bundled_extraction,2026-08-22,existing_repository_resource,Bibliographic title/year/DOI were not present in the bundled evidence-link resource.
SRC_PMC7403450,builtin,Bundled extracted evidence source,,,,PMC7403450,atom_evidence_links.csv,metadata_only,bundled_extraction,2026-08-22,existing_repository_resource,Bibliographic title/year/DOI were not present in the bundled evidence-link resource.
SRC_PMC7407524,builtin,Bundled extracted evidence source,,,,PMC7407524,atom_evidence_links.csv,metadata_only,bundled_extraction,2026-08-22,existing_repository_resource,Bibliographic title/year/DOI were not present in the bundled evidence-link resource.
SRC_PMC7416957,builtin,Bundled extracted evidence source,,,,PMC7416957,atom_evidence_links.csv,metadata_only,bundled_extraction,2026-08-22,existing_repository_resource,Bibliographic title/year/DOI were not present in the bundled evidence-link resource.
SRC_PMC7438789,builtin,Bundled extracted evidence source,,,,PMC7438789,atom_evidence_links.csv,metadata_only,bundled_extraction,2026-08-22,existing_repository_resource,Bibliographic title/year/DOI were not present in the bundled evidence-link resource.
SRC_PMC7453261,builtin,Bundled extracted evidence source,,,,PMC7453261,atom_evidence_links.csv,metadata_only,bundled_extraction,2026-08-22,existing_repository_resource,Bibliographic title/year/DOI were not present in the bundled evidence-link resource.
SRC_PMC7454961,builtin,Bundled extracted evidence source,,,,PMC7454961,atom_evidence_links.csv,metadata_only,bundled_extraction,2026-08-22,existing_repository_resource,Bibliographic title/year/DOI were not present in the bundled evidence-link resource.
SRC_PMC7459924,builtin,Bundled extracted evidence source,,,,PMC7459924,atom_evidence_links.csv,metadata_only,bundled_extraction,2026-08-22,existing_repository_resource,Bibliographic title/year/DOI were not present in the bundled evidence-link resource.
SRC_PMC7491293,builtin,Bundled extracted evidence source,,,,PMC7491293,atom_evidence_links.csv,metadata_only,bundled_extraction,2026-08-22,existing_repository_resource,Bibliographic title/year/DOI were not present in the bundled evidence-link resource.
SRC_PMC7492409,builtin,Bundled extracted evidence source,,,,PMC7492409,atom_evidence_links.csv,metadata_only,bundled_extraction,2026-08-22,existing_repository_resource,Bibliographic title/year/DOI were not present in the bundled evidence-link resource.
SRC_PMC7506757,builtin,Bundled extracted evidence source,,,,PMC7506757,atom_evidence_links.csv,metadata_only,bundled_extraction,2026-08-22,existing_repository_resource,Bibliographic title/year/DOI were not present in the bundled evidence-link resource.
SRC_PMC7511246,builtin,Bundled extracted evidence source,,,,PMC7511246,atom_evidence_links.csv,metadata_only,bundled_extraction,2026-08-22,existing_repository_resource,Bibliographic title/year/DOI were not present in the bundled evidence-link resource.
SRC_PMC7519351,builtin,Bundled extracted evidence source,,,,PMC7519351,atom_evidence_links.csv,metadata_only,bundled_extraction,2026-08-22,existing_repository_resource,Bibliographic title/year/DOI were not present in the bundled evidence-link resource.
SRC_PMC7522668,builtin,Bundled extracted evidence source,,,,PMC7522668,atom_evidence_links.csv,metadata_only,bundled_extraction,2026-08-22,existing_repository_resource,Bibliographic title/year/DOI were not present in the bundled evidence-link resource.
SRC_PMC7523733,builtin,Bundled extracted evidence source,,,,PMC7523733,atom_evidence_links.csv,metadata_only,bundled_extraction,2026-08-22,existing_repository_resource,Bibliographic title/year/DOI were not present in the bundled evidence-link resource.
SRC_PMC7530832,builtin,Bundled extracted evidence source,,,,PMC7530832,atom_evidence_links.csv,metadata_only,bundled_extraction,2026-08-22,existing_repository_resource,Bibliographic title/year/DOI were not present in the bundled evidence-link resource.
SRC_PMC7548274,builtin,Bundled extracted evidence source,,,,PMC7548274,atom_evidence_links.csv,metadata_only,bundled_extraction,2026-08-22,existing_repository_resource,Bibliographic title/year/DOI were not present in the bundled evidence-link resource.
SRC_PMC7570614,builtin,Bundled extracted evidence source,,,,PMC7570614,atom_evidence_links.csv,metadata_only,bundled_extraction,2026-08-22,existing_repository_resource,Bibliographic title/year/DOI were not present in the bundled evidence-link resource.
SRC_PMC7573058,builtin,Bundled extracted evidence source,,,,PMC7573058,atom_evidence_links.csv,metadata_only,bundled_extraction,2026-08-22,existing_repository_resource,Bibliographic title/year/DOI were not present in the bundled evidence-link resource.
SRC_PMC7578697,builtin,Bundled extracted evidence source,,,,PMC7578697,atom_evidence_links.csv,metadata_only,bundled_extraction,2026-08-22,existing_repository_resource,Bibliographic title/year/DOI were not present in the bundled evidence-link resource.
SRC_PMC7585116,builtin,Bundled extracted evidence source,,,,PMC7585116,atom_evidence_links.csv,metadata_only,bundled_extraction,2026-08-22,existing_repository_resource,Bibliographic title/year/DOI were not present in the bundled evidence-link resource.
SRC_PMC7586414,builtin,Bundled extracted evidence source,,,,PMC7586414,atom_evidence_links.csv,metadata_only,bundled_extraction,2026-08-22,existing_repository_resource,Bibliographic title/year/DOI were not present in the bundled evidence-link resource.
SRC_PMC7587270,builtin,Bundled extracted evidence source,,,,PMC7587270,atom_evidence_links.csv,metadata_only,bundled_extraction,2026-08-22,existing_repository_resource,Bibliographic title/year/DOI were not present in the bundled evidence-link resource.
SRC_PMC7642297,builtin,Bundled extracted evidence source,,,,PMC7642297,atom_evidence_links.csv,metadata_only,bundled_extraction,2026-08-22,existing_repository_resource,Bibliographic title/year/DOI were not present in the bundled evidence-link resource.
SRC_PMC7656947,builtin,Bundled extracted evidence source,,,,PMC7656947,atom_evidence_links.csv,metadata_only,bundled_extraction,2026-08-22,existing_repository_resource,Bibliographic title/year/DOI were not present in the bundled evidence-link resource.
SRC_PMC7673454,builtin,Bundled extracted evidence source,,,,PMC7673454,atom_evidence_links.csv,metadata_only,bundled_extraction,2026-08-22,existing_repository_resource,Bibliographic title/year/DOI were not present in the bundled evidence-link resource.
SRC_PMC7673564,builtin,Bundled extracted evidence source,,,,PMC7673564,atom_evidence_links.csv,metadata_only,bundled_extraction,2026-08-22,existing_repository_resource,Bibliographic title/year/DOI were not present in the bundled evidence-link resource.
SRC_PMC7677412,builtin,Bundled extracted evidence source,,,,PMC7677412,atom_evidence_links.csv,metadata_only,bundled_extraction,2026-08-22,existing_repository_resource,Bibliographic title/year/DOI were not present in the bundled evidence-link resource.
SRC_PMC7677633,builtin,Bundled extracted evidence source,,,,PMC7677633,atom_evidence_links.csv,metadata_only,bundled_extraction,2026-08-22,existing_repository_resource,Bibliographic title/year/DOI were not present in the bundled evidence-link resource.
SRC_PMC7683416,builtin,Bundled extracted evidence source,,,,PMC7683416,atom_evidence_links.csv,metadata_only,bundled_extraction,2026-08-22,existing_repository_resource,Bibliographic title/year/DOI were not present in the bundled evidence-link resource.
SRC_PMC7692110,builtin,Bundled extracted evidence source,,,,PMC7692110,atom_evidence_links.csv,metadata_only,bundled_extraction,2026-08-22,existing_repository_resource,Bibliographic title/year/DOI were not present in the bundled evidence-link resource.
SRC_PMC7693464,builtin,Bundled extracted evidence source,,,,PMC7693464,atom_evidence_links.csv,metadata_only,bundled_extraction,2026-08-22,existing_repository_resource,Bibliographic title/year/DOI were not present in the bundled evidence-link resource.
SRC_PMC7699439,builtin,Bundled extracted evidence source,,,,PMC7699439,atom_evidence_links.csv,metadata_only,bundled_extraction,2026-08-22,existing_repository_resource,Bibliographic title/year/DOI were not present in the bundled evidence-link resource.
SRC_PMC7703677,builtin,Bundled extracted evidence source,,,,PMC7703677,atom_evidence_links.csv,metadata_only,bundled_extraction,2026-08-22,existing_repository_resource,Bibliographic title/year/DOI were not present in the bundled evidence-link resource.
SRC_PMC7710901,builtin,Bundled extracted evidence source,,,,PMC7710901,atom_evidence_links.csv,metadata_only,bundled_extraction,2026-08-22,existing_repository_resource,Bibliographic title/year/DOI were not present in the bundled evidence-link resource.
SRC_PMC7711108,builtin,Bundled extracted evidence source,,,,PMC7711108,atom_evidence_links.csv,metadata_only,bundled_extraction,2026-08-22,existing_repository_resource,Bibliographic title/year/DOI were not present in the bundled evidence-link resource.
SRC_PMC7718610,builtin,Bundled extracted evidence source,,,,PMC7718610,atom_evidence_links.csv,metadata_only,bundled_extraction,2026-08-22,existing_repository_resource,Bibliographic title/year/DOI were not present in the bundled evidence-link resource.
SRC_PMC7730208,builtin,Bundled extracted evidence source,,,,PMC7730208,atom_evidence_links.csv,metadata_only,bundled_extraction,2026-08-22,existing_repository_resource,Bibliographic title/year/DOI were not present in the bundled evidence-link resource.
SRC_PMC7731966,builtin,Bundled extracted evidence source,,,,PMC7731966,atom_evidence_links.csv,metadata_only,bundled_extraction,2026-08-22,existing_repository_resource,Bibliographic title/year/DOI were not present in the bundled evidence-link resource.
SRC_PMC7734534,builtin,Bundled extracted evidence source,,,,PMC7734534,atom_evidence_links.csv,metadata_only,bundled_extraction,2026-08-22,existing_repository_resource,Bibliographic title/year/DOI were not present in the bundled evidence-link resource.
SRC_PMC7736993,builtin,Bundled extracted evidence source,,,,PMC7736993,atom_evidence_links.csv,metadata_only,bundled_extraction,2026-08-22,existing_repository_resource,Bibliographic title/year/DOI were not present in the bundled evidence-link resource.
SRC_PMC7744464,builtin,Bundled extracted evidence source,,,,PMC7744464,atom_evidence_links.csv,metadata_only,bundled_extraction,2026-08-22,existing_repository_resource,Bibliographic title/year/DOI were not present in the bundled evidence-link resource.
SRC_PMC7745044,builtin,Bundled extracted evidence source,,,,PMC7745044,atom_evidence_links.csv,metadata_only,bundled_extraction,2026-08-22,existing_repository_resource,Bibliographic title/year/DOI were not present in the bundled evidence-link resource.
SRC_PMC7749320,builtin,Bundled extracted evidence source,,,,PMC7749320,atom_evidence_links.csv,metadata_only,bundled_extraction,2026-08-22,existing_repository_resource,Bibliographic title/year/DOI were not present in the bundled evidence-link resource.
SRC_PMC7753369,builtin,Bundled extracted evidence source,,,,PMC7753369,atom_evidence_links.csv,metadata_only,bundled_extraction,2026-08-22,existing_repository_resource,Bibliographic title/year/DOI were not present in the bundled evidence-link resource.
SRC_PMC7767397,builtin,Bundled extracted evidence source,,,,PMC7767397,atom_evidence_links.csv,metadata_only,bundled_extraction,2026-08-22,existing_repository_resource,Bibliographic title/year/DOI were not present in the bundled evidence-link resource.
SRC_PMC7768789,builtin,Bundled extracted evidence source,,,,PMC7768789,atom_evidence_links.csv,metadata_only,bundled_extraction,2026-08-22,existing_repository_resource,Bibliographic title/year/DOI were not present in the bundled evidence-link resource.
SRC_PMC7787009,builtin,Bundled extracted evidence source,,,,PMC7787009,atom_evidence_links.csv,metadata_only,bundled_extraction,2026-08-22,existing_repository_resource,Bibliographic title/year/DOI were not present in the bundled evidence-link resource.
SRC_PMC7790273,builtin,Bundled extracted evidence source,,,,PMC7790273,atom_evidence_links.csv,metadata_only,bundled_extraction,2026-08-22,existing_repository_resource,Bibliographic title/year/DOI were not present in the bundled evidence-link resource.
SRC_PMC7793661,builtin,Bundled extracted evidence source,,,,PMC7793661,atom_evidence_links.csv,metadata_only,bundled_extraction,2026-08-22,existing_repository_resource,Bibliographic title/year/DOI were not present in the bundled evidence-link resource.
SRC_PMC7812623,builtin,Bundled extracted evidence source,,,,PMC7812623,atom_evidence_links.csv,metadata_only,bundled_extraction,2026-08-22,existing_repository_resource,Bibliographic title/year/DOI were not present in the bundled evidence-link resource.
SRC_PMC7812626,builtin,Bundled extracted evidence source,,,,PMC7812626,atom_evidence_links.csv,metadata_only,bundled_extraction,2026-08-22,existing_repository_resource,Bibliographic title/year/DOI were not present in the bundled evidence-link resource.
SRC_PMC7815930,builtin,Bundled extracted evidence source,,,,PMC7815930,atom_evidence_links.csv,metadata_only,bundled_extraction,2026-08-22,existing_repository_resource,Bibliographic title/year/DOI were not present in the bundled evidence-link resource.
SRC_PMC7821565,builtin,Bundled extracted evidence source,,,,PMC7821565,atom_evidence_links.csv,metadata_only,bundled_extraction,2026-08-22,existing_repository_resource,Bibliographic title/year/DOI were not present in the bundled evidence-link resource.
SRC_PMC7824905,builtin,Bundled extracted evidence source,,,,PMC7824905,atom_evidence_links.csv,metadata_only,bundled_extraction,2026-08-22,existing_repository_resource,Bibliographic title/year/DOI were not present in the bundled evidence-link resource.
SRC_PMC7827826,builtin,Bundled extracted evidence source,,,,PMC7827826,atom_evidence_links.csv,metadata_only,bundled_extraction,2026-08-22,existing_repository_resource,Bibliographic title/year/DOI were not present in the bundled evidence-link resource.
SRC_PMC7829673,builtin,Bundled extracted evidence source,,,,PMC7829673,atom_evidence_links.csv,metadata_only,bundled_extraction,2026-08-22,existing_repository_resource,Bibliographic title/year/DOI were not present in the bundled evidence-link resource.
SRC_PMC7843457,builtin,Bundled extracted evidence source,,,,PMC7843457,atom_evidence_links.csv,metadata_only,bundled_extraction,2026-08-22,existing_repository_resource,Bibliographic title/year/DOI were not present in the bundled evidence-link resource.
SRC_PMC7859523,builtin,Bundled extracted evidence source,,,,PMC7859523,atom_evidence_links.csv,metadata_only,bundled_extraction,2026-08-22,existing_repository_resource,Bibliographic title/year/DOI were not present in the bundled evidence-link resource.
SRC_PMC7865258,builtin,Bundled extracted evidence source,,,,PMC7865258,atom_evidence_links.csv,metadata_only,bundled_extraction,2026-08-22,existing_repository_resource,Bibliographic title/year/DOI were not present in the bundled evidence-link resource.
SRC_PMC7865841,builtin,Bundled extracted evidence source,,,,PMC7865841,atom_evidence_links.csv,metadata_only,bundled_extraction,2026-08-22,existing_repository_resource,Bibliographic title/year/DOI were not present in the bundled evidence-link resource.
SRC_PMC7868344,builtin,Bundled extracted evidence source,,,,PMC7868344,atom_evidence_links.csv,metadata_only,bundled_extraction,2026-08-22,existing_repository_resource,Bibliographic title/year/DOI were not present in the bundled evidence-link resource.
SRC_PMC7881368,builtin,Bundled extracted evidence source,,,,PMC7881368,atom_evidence_links.csv,metadata_only,bundled_extraction,2026-08-22,existing_repository_resource,Bibliographic title/year/DOI were not present in the bundled evidence-link resource.
SRC_PMC7889942,builtin,Bundled extracted evidence source,,,,PMC7889942,atom_evidence_links.csv,metadata_only,bundled_extraction,2026-08-22,existing_repository_resource,Bibliographic title/year/DOI were not present in the bundled evidence-link resource.
SRC_PMC7892769,builtin,Bundled extracted evidence source,,,,PMC7892769,atom_evidence_links.csv,metadata_only,bundled_extraction,2026-08-22,existing_repository_resource,Bibliographic title/year/DOI were not present in the bundled evidence-link resource.
SRC_PMC7893520,builtin,Bundled extracted evidence source,,,,PMC7893520,atom_evidence_links.csv,metadata_only,bundled_extraction,2026-08-22,existing_repository_resource,Bibliographic title/year/DOI were not present in the bundled evidence-link resource.
SRC_PMC7897842,builtin,Bundled extracted evidence source,,,,PMC7897842,atom_evidence_links.csv,metadata_only,bundled_extraction,2026-08-22,existing_repository_resource,Bibliographic title/year/DOI were not present in the bundled evidence-link resource.
SRC_PMC7899043,builtin,Bundled extracted evidence source,,,,PMC7899043,atom_evidence_links.csv,metadata_only,bundled_extraction,2026-08-22,existing_repository_resource,Bibliographic title/year/DOI were not present in the bundled evidence-link resource.
SRC_PMC7901317,builtin,Bundled extracted evidence source,,,,PMC7901317,atom_evidence_links.csv,metadata_only,bundled_extraction,2026-08-22,existing_repository_resource,Bibliographic title/year/DOI were not present in the bundled evidence-link resource.
SRC_PMC7901851,builtin,Bundled extracted evidence source,,,,PMC7901851,atom_evidence_links.csv,metadata_only,bundled_extraction,2026-08-22,existing_repository_resource,Bibliographic title/year/DOI were not present in the bundled evidence-link resource.
SRC_PMC7920718,builtin,Bundled extracted evidence source,,,,PMC7920718,atom_evidence_links.csv,metadata_only,bundled_extraction,2026-08-22,existing_repository_resource,Bibliographic title/year/DOI were not present in the bundled evidence-link resource.
SRC_PMC7921020,builtin,Bundled extracted evidence source,,,,PMC7921020,atom_evidence_links.csv,metadata_only,bundled_extraction,2026-08-22,existing_repository_resource,Bibliographic title/year/DOI were not present in the bundled evidence-link resource.
SRC_PMC7923646,builtin,Bundled extracted evidence source,,,,PMC7923646,atom_evidence_links.csv,metadata_only,bundled_extraction,2026-08-22,existing_repository_resource,Bibliographic title/year/DOI were not present in the bundled evidence-link resource.
SRC_PMC7927423,builtin,Bundled extracted evidence source,,,,PMC7927423,atom_evidence_links.csv,metadata_only,bundled_extraction,2026-08-22,existing_repository_resource,Bibliographic title/year/DOI were not present in the bundled evidence-link resource.
SRC_PMC7946992,builtin,Bundled extracted evidence source,,,,PMC7946992,atom_evidence_links.csv,metadata_only,bundled_extraction,2026-08-22,existing_repository_resource,Bibliographic title/year/DOI were not present in the bundled evidence-link resource.
SRC_PMC7952449,builtin,Bundled extracted evidence source,,,,PMC7952449,atom_evidence_links.csv,metadata_only,bundled_extraction,2026-08-22,existing_repository_resource,Bibliographic title/year/DOI were not present in the bundled evidence-link resource.
SRC_PMC7966407,builtin,Bundled extracted evidence source,,,,PMC7966407,atom_evidence_links.csv,metadata_only,bundled_extraction,2026-08-22,existing_repository_resource,Bibliographic title/year/DOI were not present in the bundled evidence-link resource.
SRC_PMC7979429,builtin,Bundled extracted evidence source,,,,PMC7979429,atom_evidence_links.csv,metadata_only,bundled_extraction,2026-08-22,existing_repository_resource,Bibliographic title/year/DOI were not present in the bundled evidence-link resource.
SRC_PMC7981275,builtin,Bundled extracted evidence source,,,,PMC7981275,atom_evidence_links.csv,metadata_only,bundled_extraction,2026-08-22,existing_repository_resource,Bibliographic title/year/DOI were not present in the bundled evidence-link resource.
SRC_PMC7984774,builtin,Bundled extracted evidence source,,,,PMC7984774,atom_evidence_links.csv,metadata_only,bundled_extraction,2026-08-22,existing_repository_resource,Bibliographic title/year/DOI were not present in the bundled evidence-link resource.
SRC_PMC7985709,builtin,Bundled extracted evidence source,,,,PMC7985709,atom_evidence_links.csv,metadata_only,bundled_extraction,2026-08-22,existing_repository_resource,Bibliographic title/year/DOI were not present in the bundled evidence-link resource.
SRC_PMC7994252,builtin,Bundled extracted evidence source,,,,PMC7994252,atom_evidence_links.csv,metadata_only,bundled_extraction,2026-08-22,existing_repository_resource,Bibliographic title/year/DOI were not present in the bundled evidence-link resource.
SRC_PMC8006181,builtin,Bundled extracted evidence source,,,,PMC8006181,atom_evidence_links.csv,metadata_only,bundled_extraction,2026-08-22,existing_repository_resource,Bibliographic title/year/DOI were not present in the bundled evidence-link resource.
SRC_PMC8011719,builtin,Bundled extracted evidence source,,,,PMC8011719,atom_evidence_links.csv,metadata_only,bundled_extraction,2026-08-22,existing_repository_resource,Bibliographic title/year/DOI were not present in the bundled evidence-link resource.
SRC_PMC8022277,builtin,Bundled extracted evidence source,,,,PMC8022277,atom_evidence_links.csv,metadata_only,bundled_extraction,2026-08-22,existing_repository_resource,Bibliographic title/year/DOI were not present in the bundled evidence-link resource.
SRC_PMC8033536,builtin,Bundled extracted evidence source,,,,PMC8033536,atom_evidence_links.csv,metadata_only,bundled_extraction,2026-08-22,existing_repository_resource,Bibliographic title/year/DOI were not present in the bundled evidence-link resource.
SRC_PMC8043135,builtin,Bundled extracted evidence source,,,,PMC8043135,atom_evidence_links.csv,metadata_only,bundled_extraction,2026-08-22,existing_repository_resource,Bibliographic title/year/DOI were not present in the bundled evidence-link resource.
SRC_PMC8058208,builtin,Bundled extracted evidence source,,,,PMC8058208,atom_evidence_links.csv,metadata_only,bundled_extraction,2026-08-22,existing_repository_resource,Bibliographic title/year/DOI were not present in the bundled evidence-link resource.
SRC_PMC8062863,builtin,Bundled extracted evidence source,,,,PMC8062863,atom_evidence_links.csv,metadata_only,bundled_extraction,2026-08-22,existing_repository_resource,Bibliographic title/year/DOI were not present in the bundled evidence-link resource.
SRC_PMC8066873,builtin,Bundled extracted evidence source,,,,PMC8066873,atom_evidence_links.csv,metadata_only,bundled_extraction,2026-08-22,existing_repository_resource,Bibliographic title/year/DOI were not present in the bundled evidence-link resource.
SRC_PMC8081903,builtin,Bundled extracted evidence source,,,,PMC8081903,atom_evidence_links.csv,metadata_only,bundled_extraction,2026-08-22,existing_repository_resource,Bibliographic title/year/DOI were not present in the bundled evidence-link resource.
SRC_PMC8081971,builtin,Bundled extracted evidence source,,,,PMC8081971,atom_evidence_links.csv,metadata_only,bundled_extraction,2026-08-22,existing_repository_resource,Bibliographic title/year/DOI were not present in the bundled evidence-link resource.
SRC_PMC8093202,builtin,Bundled extracted evidence source,,,,PMC8093202,atom_evidence_links.csv,metadata_only,bundled_extraction,2026-08-22,existing_repository_resource,Bibliographic title/year/DOI were not present in the bundled evidence-link resource.
SRC_PMC8098731,builtin,Bundled extracted evidence source,,,,PMC8098731,atom_evidence_links.csv,metadata_only,bundled_extraction,2026-08-22,existing_repository_resource,Bibliographic title/year/DOI were not present in the bundled evidence-link resource.
SRC_PMC8104035,builtin,Bundled extracted evidence source,,,,PMC8104035,atom_evidence_links.csv,metadata_only,bundled_extraction,2026-08-22,existing_repository_resource,Bibliographic title/year/DOI were not present in the bundled evidence-link resource.
SRC_PMC8111015,builtin,Bundled extracted evidence source,,,,PMC8111015,atom_evidence_links.csv,metadata_only,bundled_extraction,2026-08-22,existing_repository_resource,Bibliographic title/year/DOI were not present in the bundled evidence-link resource.
SRC_PMC8113412,builtin,Bundled extracted evidence source,,,,PMC8113412,atom_evidence_links.csv,metadata_only,bundled_extraction,2026-08-22,existing_repository_resource,Bibliographic title/year/DOI were not present in the bundled evidence-link resource.
SRC_PMC8114820,builtin,Bundled extracted evidence source,,,,PMC8114820,atom_evidence_links.csv,metadata_only,bundled_extraction,2026-08-22,existing_repository_resource,Bibliographic title/year/DOI were not present in the bundled evidence-link resource.
SRC_PMC8121150,builtin,Bundled extracted evidence source,,,,PMC8121150,atom_evidence_links.csv,metadata_only,bundled_extraction,2026-08-22,existing_repository_resource,Bibliographic title/year/DOI were not present in the bundled evidence-link resource.
SRC_PMC8137814,builtin,Bundled extracted evidence source,,,,PMC8137814,atom_evidence_links.csv,metadata_only,bundled_extraction,2026-08-22,existing_repository_resource,Bibliographic title/year/DOI were not present in the bundled evidence-link resource.
SRC_PMC8140612,builtin,Bundled extracted evidence source,,,,PMC8140612,atom_evidence_links.csv,metadata_only,bundled_extraction,2026-08-22,existing_repository_resource,Bibliographic title/year/DOI were not present in the bundled evidence-link resource.
SRC_PMC8167970,builtin,Bundled extracted evidence source,,,,PMC8167970,atom_evidence_links.csv,metadata_only,bundled_extraction,2026-08-22,existing_repository_resource,Bibliographic title/year/DOI were not present in the bundled evidence-link resource.
SRC_PMC8170390,builtin,Bundled extracted evidence source,,,,PMC8170390,atom_evidence_links.csv,metadata_only,bundled_extraction,2026-08-22,existing_repository_resource,Bibliographic title/year/DOI were not present in the bundled evidence-link resource.
SRC_PMC8199521,builtin,Bundled extracted evidence source,,,,PMC8199521,atom_evidence_links.csv,metadata_only,bundled_extraction,2026-08-22,existing_repository_resource,Bibliographic title/year/DOI were not present in the bundled evidence-link resource.
SRC_PMC8200331,builtin,Bundled extracted evidence source,,,,PMC8200331,atom_evidence_links.csv,metadata_only,bundled_extraction,2026-08-22,existing_repository_resource,Bibliographic title/year/DOI were not present in the bundled evidence-link resource.
SRC_PMC8202129,builtin,Bundled extracted evidence source,,,,PMC8202129,atom_evidence_links.csv,metadata_only,bundled_extraction,2026-08-22,existing_repository_resource,Bibliographic title/year/DOI were not present in the bundled evidence-link resource.
SRC_PMC8203002,builtin,Bundled extracted evidence source,,,,PMC8203002,atom_evidence_links.csv,metadata_only,bundled_extraction,2026-08-22,existing_repository_resource,Bibliographic title/year/DOI were not present in the bundled evidence-link resource.
SRC_PMC8205450,builtin,Bundled extracted evidence source,,,,PMC8205450,atom_evidence_links.csv,metadata_only,bundled_extraction,2026-08-22,existing_repository_resource,Bibliographic title/year/DOI were not present in the bundled evidence-link resource.
SRC_PMC8205658,builtin,Bundled extracted evidence source,,,,PMC8205658,atom_evidence_links.csv,metadata_only,bundled_extraction,2026-08-22,existing_repository_resource,Bibliographic title/year/DOI were not present in the bundled evidence-link resource.
SRC_PMC8211086,builtin,Bundled extracted evidence source,,,,PMC8211086,atom_evidence_links.csv,metadata_only,bundled_extraction,2026-08-22,existing_repository_resource,Bibliographic title/year/DOI were not present in the bundled evidence-link resource.
SRC_PMC8224741,builtin,Bundled extracted evidence source,,,,PMC8224741,atom_evidence_links.csv,metadata_only,bundled_extraction,2026-08-22,existing_repository_resource,Bibliographic title/year/DOI were not present in the bundled evidence-link resource.
SRC_PMC8227788,builtin,Bundled extracted evidence source,,,,PMC8227788,atom_evidence_links.csv,metadata_only,bundled_extraction,2026-08-22,existing_repository_resource,Bibliographic title/year/DOI were not present in the bundled evidence-link resource.
SRC_PMC8228245,builtin,Bundled extracted evidence source,,,,PMC8228245,atom_evidence_links.csv,metadata_only,bundled_extraction,2026-08-22,existing_repository_resource,Bibliographic title/year/DOI were not present in the bundled evidence-link resource.
SRC_PMC8231828,builtin,Bundled extracted evidence source,,,,PMC8231828,atom_evidence_links.csv,metadata_only,bundled_extraction,2026-08-22,existing_repository_resource,Bibliographic title/year/DOI were not present in the bundled evidence-link resource.
SRC_PMC8244529,builtin,Bundled extracted evidence source,,,,PMC8244529,atom_evidence_links.csv,metadata_only,bundled_extraction,2026-08-22,existing_repository_resource,Bibliographic title/year/DOI were not present in the bundled evidence-link resource.
SRC_PMC8258375,builtin,Bundled extracted evidence source,,,,PMC8258375,atom_evidence_links.csv,metadata_only,bundled_extraction,2026-08-22,existing_repository_resource,Bibliographic title/year/DOI were not present in the bundled evidence-link resource.
SRC_PMC8263279,builtin,Bundled extracted evidence source,,,,PMC8263279,atom_evidence_links.csv,metadata_only,bundled_extraction,2026-08-22,existing_repository_resource,Bibliographic title/year/DOI were not present in the bundled evidence-link resource.
SRC_PMC8268432,builtin,Bundled extracted evidence source,,,,PMC8268432,atom_evidence_links.csv,metadata_only,bundled_extraction,2026-08-22,existing_repository_resource,Bibliographic title/year/DOI were not present in the bundled evidence-link resource.
SRC_PMC8271381,builtin,Bundled extracted evidence source,,,,PMC8271381,atom_evidence_links.csv,metadata_only,bundled_extraction,2026-08-22,existing_repository_resource,Bibliographic title/year/DOI were not present in the bundled evidence-link resource.
SRC_PMC8274006,builtin,Bundled extracted evidence source,,,,PMC8274006,atom_evidence_links.csv,metadata_only,bundled_extraction,2026-08-22,existing_repository_resource,Bibliographic title/year/DOI were not present in the bundled evidence-link resource.
SRC_PMC8279383,builtin,Bundled extracted evidence source,,,,PMC8279383,atom_evidence_links.csv,metadata_only,bundled_extraction,2026-08-22,existing_repository_resource,Bibliographic title/year/DOI were not present in the bundled evidence-link resource.
SRC_PMC8304823,builtin,Bundled extracted evidence source,,,,PMC8304823,atom_evidence_links.csv,metadata_only,bundled_extraction,2026-08-22,existing_repository_resource,Bibliographic title/year/DOI were not present in the bundled evidence-link resource.
SRC_PMC8311503,builtin,Bundled extracted evidence source,,,,PMC8311503,atom_evidence_links.csv,metadata_only,bundled_extraction,2026-08-22,existing_repository_resource,Bibliographic title/year/DOI were not present in the bundled evidence-link resource.
SRC_PMC8346954,builtin,Bundled extracted evidence source,,,,PMC8346954,atom_evidence_links.csv,metadata_only,bundled_extraction,2026-08-22,existing_repository_resource,Bibliographic title/year/DOI were not present in the bundled evidence-link resource.
SRC_PMC8350669,builtin,Bundled extracted evidence source,,,,PMC8350669,atom_evidence_links.csv,metadata_only,bundled_extraction,2026-08-22,existing_repository_resource,Bibliographic title/year/DOI were not present in the bundled evidence-link resource.
SRC_PMC8362663,builtin,Bundled extracted evidence source,,,,PMC8362663,atom_evidence_links.csv,metadata_only,bundled_extraction,2026-08-22,existing_repository_resource,Bibliographic title/year/DOI were not present in the bundled evidence-link resource.
SRC_PMC8362892,builtin,Bundled extracted evidence source,,,,PMC8362892,atom_evidence_links.csv,metadata_only,bundled_extraction,2026-08-22,existing_repository_resource,Bibliographic title/year/DOI were not present in the bundled evidence-link resource.
SRC_PMC8363082,builtin,Bundled extracted evidence source,,,,PMC8363082,atom_evidence_links.csv,metadata_only,bundled_extraction,2026-08-22,existing_repository_resource,Bibliographic title/year/DOI were not present in the bundled evidence-link resource.
SRC_PMC8372874,builtin,Bundled extracted evidence source,,,,PMC8372874,atom_evidence_links.csv,metadata_only,bundled_extraction,2026-08-22,existing_repository_resource,Bibliographic title/year/DOI were not present in the bundled evidence-link resource.
SRC_PMC8375660,builtin,Bundled extracted evidence source,,,,PMC8375660,atom_evidence_links.csv,metadata_only,bundled_extraction,2026-08-22,existing_repository_resource,Bibliographic title/year/DOI were not present in the bundled evidence-link resource.
SRC_PMC8395024,builtin,Bundled extracted evidence source,,,,PMC8395024,atom_evidence_links.csv,metadata_only,bundled_extraction,2026-08-22,existing_repository_resource,Bibliographic title/year/DOI were not present in the bundled evidence-link resource.
SRC_PMC8404480,builtin,Bundled extracted evidence source,,,,PMC8404480,atom_evidence_links.csv,metadata_only,bundled_extraction,2026-08-22,existing_repository_resource,Bibliographic title/year/DOI were not present in the bundled evidence-link resource.
SRC_PMC8407079,builtin,Bundled extracted evidence source,,,,PMC8407079,atom_evidence_links.csv,metadata_only,bundled_extraction,2026-08-22,existing_repository_resource,Bibliographic title/year/DOI were not present in the bundled evidence-link resource.
SRC_PMC8414570,builtin,Bundled extracted evidence source,,,,PMC8414570,atom_evidence_links.csv,metadata_only,bundled_extraction,2026-08-22,existing_repository_resource,Bibliographic title/year/DOI were not present in the bundled evidence-link resource.
SRC_PMC8456080,builtin,Bundled extracted evidence source,,,,PMC8456080,atom_evidence_links.csv,metadata_only,bundled_extraction,2026-08-22,existing_repository_resource,Bibliographic title/year/DOI were not present in the bundled evidence-link resource.
SRC_PMC8466732,builtin,Bundled extracted evidence source,,,,PMC8466732,atom_evidence_links.csv,metadata_only,bundled_extraction,2026-08-22,existing_repository_resource,Bibliographic title/year/DOI were not present in the bundled evidence-link resource.
SRC_PMC8481532,builtin,Bundled extracted evidence source,,,,PMC8481532,atom_evidence_links.csv,metadata_only,bundled_extraction,2026-08-22,existing_repository_resource,Bibliographic title/year/DOI were not present in the bundled evidence-link resource.
SRC_PMC8484538,builtin,Bundled extracted evidence source,,,,PMC8484538,atom_evidence_links.csv,metadata_only,bundled_extraction,2026-08-22,existing_repository_resource,Bibliographic title/year/DOI were not present in the bundled evidence-link resource.
SRC_PMC8490425,builtin,Bundled extracted evidence source,,,,PMC8490425,atom_evidence_links.csv,metadata_only,bundled_extraction,2026-08-22,existing_repository_resource,Bibliographic title/year/DOI were not present in the bundled evidence-link resource.
SRC_PMC8490487,builtin,Bundled extracted evidence source,,,,PMC8490487,atom_evidence_links.csv,metadata_only,bundled_extraction,2026-08-22,existing_repository_resource,Bibliographic title/year/DOI were not present in the bundled evidence-link resource.
SRC_PMC8499647,builtin,Bundled extracted evidence source,,,,PMC8499647,atom_evidence_links.csv,metadata_only,bundled_extraction,2026-08-22,existing_repository_resource,Bibliographic title/year/DOI were not present in the bundled evidence-link resource.
SRC_PMC8517226,builtin,Bundled extracted evidence source,,,,PMC8517226,atom_evidence_links.csv,metadata_only,bundled_extraction,2026-08-22,existing_repository_resource,Bibliographic title/year/DOI were not present in the bundled evidence-link resource.
SRC_PMC8522266,builtin,Bundled extracted evidence source,,,,PMC8522266,atom_evidence_links.csv,metadata_only,bundled_extraction,2026-08-22,existing_repository_resource,Bibliographic title/year/DOI were not present in the bundled evidence-link resource.
SRC_PMC8547991,builtin,Bundled extracted evidence source,,,,PMC8547991,atom_evidence_links.csv,metadata_only,bundled_extraction,2026-08-22,existing_repository_resource,Bibliographic title/year/DOI were not present in the bundled evidence-link resource.
SRC_PMC8548017,builtin,Bundled extracted evidence source,,,,PMC8548017,atom_evidence_links.csv,metadata_only,bundled_extraction,2026-08-22,existing_repository_resource,Bibliographic title/year/DOI were not present in the bundled evidence-link resource.
SRC_PMC8551359,builtin,Bundled extracted evidence source,,,,PMC8551359,atom_evidence_links.csv,metadata_only,bundled_extraction,2026-08-22,existing_repository_resource,Bibliographic title/year/DOI were not present in the bundled evidence-link resource.
SRC_PMC8558484,builtin,Bundled extracted evidence source,,,,PMC8558484,atom_evidence_links.csv,metadata_only,bundled_extraction,2026-08-22,existing_repository_resource,Bibliographic title/year/DOI were not present in the bundled evidence-link resource.
SRC_PMC8562714,builtin,Bundled extracted evidence source,,,,PMC8562714,atom_evidence_links.csv,metadata_only,bundled_extraction,2026-08-22,existing_repository_resource,Bibliographic title/year/DOI were not present in the bundled evidence-link resource.
SRC_PMC8564674,builtin,Bundled extracted evidence source,,,,PMC8564674,atom_evidence_links.csv,metadata_only,bundled_extraction,2026-08-22,existing_repository_resource,Bibliographic title/year/DOI were not present in the bundled evidence-link resource.
SRC_PMC8573420,builtin,Bundled extracted evidence source,,,,PMC8573420,atom_evidence_links.csv,metadata_only,bundled_extraction,2026-08-22,existing_repository_resource,Bibliographic title/year/DOI were not present in the bundled evidence-link resource.
SRC_PMC8645544,builtin,Bundled extracted evidence source,,,,PMC8645544,atom_evidence_links.csv,metadata_only,bundled_extraction,2026-08-22,existing_repository_resource,Bibliographic title/year/DOI were not present in the bundled evidence-link resource.
SRC_PMC8648757,builtin,Bundled extracted evidence source,,,,PMC8648757,atom_evidence_links.csv,metadata_only,bundled_extraction,2026-08-22,existing_repository_resource,Bibliographic title/year/DOI were not present in the bundled evidence-link resource.
SRC_PMC8650081,builtin,Bundled extracted evidence source,,,,PMC8650081,atom_evidence_links.csv,metadata_only,bundled_extraction,2026-08-22,existing_repository_resource,Bibliographic title/year/DOI were not present in the bundled evidence-link resource.
SRC_PMC8652088,builtin,Bundled extracted evidence source,,,,PMC8652088,atom_evidence_links.csv,metadata_only,bundled_extraction,2026-08-22,existing_repository_resource,Bibliographic title/year/DOI were not present in the bundled evidence-link resource.
SRC_PMC8652350,builtin,Bundled extracted evidence source,,,,PMC8652350,atom_evidence_links.csv,metadata_only,bundled_extraction,2026-08-22,existing_repository_resource,Bibliographic title/year/DOI were not present in the bundled evidence-link resource.
SRC_PMC8656008,builtin,Bundled extracted evidence source,,,,PMC8656008,atom_evidence_links.csv,metadata_only,bundled_extraction,2026-08-22,existing_repository_resource,Bibliographic title/year/DOI were not present in the bundled evidence-link resource.
SRC_PMC8659988,builtin,Bundled extracted evidence source,,,,PMC8659988,atom_evidence_links.csv,metadata_only,bundled_extraction,2026-08-22,existing_repository_resource,Bibliographic title/year/DOI were not present in the bundled evidence-link resource.
SRC_PMC8663721,builtin,Bundled extracted evidence source,,,,PMC8663721,atom_evidence_links.csv,metadata_only,bundled_extraction,2026-08-22,existing_repository_resource,Bibliographic title/year/DOI were not present in the bundled evidence-link resource.
SRC_PMC8669425,builtin,Bundled extracted evidence source,,,,PMC8669425,atom_evidence_links.csv,metadata_only,bundled_extraction,2026-08-22,existing_repository_resource,Bibliographic title/year/DOI were not present in the bundled evidence-link resource.
SRC_PMC8673635,builtin,Bundled extracted evidence source,,,,PMC8673635,atom_evidence_links.csv,metadata_only,bundled_extraction,2026-08-22,existing_repository_resource,Bibliographic title/year/DOI were not present in the bundled evidence-link resource.
SRC_PMC8677723,builtin,Bundled extracted evidence source,,,,PMC8677723,atom_evidence_links.csv,metadata_only,bundled_extraction,2026-08-22,existing_repository_resource,Bibliographic title/year/DOI were not present in the bundled evidence-link resource.
SRC_PMC8681021,builtin,Bundled extracted evidence source,,,,PMC8681021,atom_evidence_links.csv,metadata_only,bundled_extraction,2026-08-22,existing_repository_resource,Bibliographic title/year/DOI were not present in the bundled evidence-link resource.
SRC_PMC8695976,builtin,Bundled extracted evidence source,,,,PMC8695976,atom_evidence_links.csv,metadata_only,bundled_extraction,2026-08-22,existing_repository_resource,Bibliographic title/year/DOI were not present in the bundled evidence-link resource.
SRC_PMC8712652,builtin,Bundled extracted evidence source,,,,PMC8712652,atom_evidence_links.csv,metadata_only,bundled_extraction,2026-08-22,existing_repository_resource,Bibliographic title/year/DOI were not present in the bundled evidence-link resource.
SRC_PMC8741949,builtin,Bundled extracted evidence source,,,,PMC8741949,atom_evidence_links.csv,metadata_only,bundled_extraction,2026-08-22,existing_repository_resource,Bibliographic title/year/DOI were not present in the bundled evidence-link resource.
SRC_PMC8762121,builtin,Bundled extracted evidence source,,,,PMC8762121,atom_evidence_links.csv,metadata_only,bundled_extraction,2026-08-22,existing_repository_resource,Bibliographic title/year/DOI were not present in the bundled evidence-link resource.
SRC_PMC8765292,builtin,Bundled extracted evidence source,,,,PMC8765292,atom_evidence_links.csv,metadata_only,bundled_extraction,2026-08-22,existing_repository_resource,Bibliographic title/year/DOI were not present in the bundled evidence-link resource.
SRC_PMC8778041,builtin,Bundled extracted evidence source,,,,PMC8778041,atom_evidence_links.csv,metadata_only,bundled_extraction,2026-08-22,existing_repository_resource,Bibliographic title/year/DOI were not present in the bundled evidence-link resource.
SRC_PMC8781620,builtin,Bundled extracted evidence source,,,,PMC8781620,atom_evidence_links.csv,metadata_only,bundled_extraction,2026-08-22,existing_repository_resource,Bibliographic title/year/DOI were not present in the bundled evidence-link resource.
SRC_PMC8801602,builtin,Bundled extracted evidence source,,,,PMC8801602,atom_evidence_links.csv,metadata_only,bundled_extraction,2026-08-22,existing_repository_resource,Bibliographic title/year/DOI were not present in the bundled evidence-link resource.
SRC_PMC8804104,builtin,Bundled extracted evidence source,,,,PMC8804104,atom_evidence_links.csv,metadata_only,bundled_extraction,2026-08-22,existing_repository_resource,Bibliographic title/year/DOI were not present in the bundled evidence-link resource.
SRC_PMC8820726,builtin,Bundled extracted evidence source,,,,PMC8820726,atom_evidence_links.csv,metadata_only,bundled_extraction,2026-08-22,existing_repository_resource,Bibliographic title/year/DOI were not present in the bundled evidence-link resource.
SRC_PMC8823693,builtin,Bundled extracted evidence source,,,,PMC8823693,atom_evidence_links.csv,metadata_only,bundled_extraction,2026-08-22,existing_repository_resource,Bibliographic title/year/DOI were not present in the bundled evidence-link resource.
SRC_PMC8831678,builtin,Bundled extracted evidence source,,,,PMC8831678,atom_evidence_links.csv,metadata_only,bundled_extraction,2026-08-22,existing_repository_resource,Bibliographic title/year/DOI were not present in the bundled evidence-link resource.
SRC_PMC8844436,builtin,Bundled extracted evidence source,,,,PMC8844436,atom_evidence_links.csv,metadata_only,bundled_extraction,2026-08-22,existing_repository_resource,Bibliographic title/year/DOI were not present in the bundled evidence-link resource.
SRC_PMC8845219,builtin,Bundled extracted evidence source,,,,PMC8845219,atom_evidence_links.csv,metadata_only,bundled_extraction,2026-08-22,existing_repository_resource,Bibliographic title/year/DOI were not present in the bundled evidence-link resource.
SRC_PMC8851356,builtin,Bundled extracted evidence source,,,,PMC8851356,atom_evidence_links.csv,metadata_only,bundled_extraction,2026-08-22,existing_repository_resource,Bibliographic title/year/DOI were not present in the bundled evidence-link resource.
SRC_PMC8857363,builtin,Bundled extracted evidence source,,,,PMC8857363,atom_evidence_links.csv,metadata_only,bundled_extraction,2026-08-22,existing_repository_resource,Bibliographic title/year/DOI were not present in the bundled evidence-link resource.
SRC_PMC8869971,builtin,Bundled extracted evidence source,,,,PMC8869971,atom_evidence_links.csv,metadata_only,bundled_extraction,2026-08-22,existing_repository_resource,Bibliographic title/year/DOI were not present in the bundled evidence-link resource.
SRC_PMC8870181,builtin,Bundled extracted evidence source,,,,PMC8870181,atom_evidence_links.csv,metadata_only,bundled_extraction,2026-08-22,existing_repository_resource,Bibliographic title/year/DOI were not present in the bundled evidence-link resource.
SRC_PMC8871689,builtin,Bundled extracted evidence source,,,,PMC8871689,atom_evidence_links.csv,metadata_only,bundled_extraction,2026-08-22,existing_repository_resource,Bibliographic title/year/DOI were not present in the bundled evidence-link resource.
SRC_PMC8877487,builtin,Bundled extracted evidence source,,,,PMC8877487,atom_evidence_links.csv,metadata_only,bundled_extraction,2026-08-22,existing_repository_resource,Bibliographic title/year/DOI were not present in the bundled evidence-link resource.
SRC_PMC8881080,builtin,Bundled extracted evidence source,,,,PMC8881080,atom_evidence_links.csv,metadata_only,bundled_extraction,2026-08-22,existing_repository_resource,Bibliographic title/year/DOI were not present in the bundled evidence-link resource.
SRC_PMC8882180,builtin,Bundled extracted evidence source,,,,PMC8882180,atom_evidence_links.csv,metadata_only,bundled_extraction,2026-08-22,existing_repository_resource,Bibliographic title/year/DOI were not present in the bundled evidence-link resource.
SRC_PMC8886122,builtin,Bundled extracted evidence source,,,,PMC8886122,atom_evidence_links.csv,metadata_only,bundled_extraction,2026-08-22,existing_repository_resource,Bibliographic title/year/DOI were not present in the bundled evidence-link resource.
SRC_PMC8888846,builtin,Bundled extracted evidence source,,,,PMC8888846,atom_evidence_links.csv,metadata_only,bundled_extraction,2026-08-22,existing_repository_resource,Bibliographic title/year/DOI were not present in the bundled evidence-link resource.
SRC_PMC8889124,builtin,Bundled extracted evidence source,,,,PMC8889124,atom_evidence_links.csv,metadata_only,bundled_extraction,2026-08-22,existing_repository_resource,Bibliographic title/year/DOI were not present in the bundled evidence-link resource.
SRC_PMC8891065,builtin,Bundled extracted evidence source,,,,PMC8891065,atom_evidence_links.csv,metadata_only,bundled_extraction,2026-08-22,existing_repository_resource,Bibliographic title/year/DOI were not present in the bundled evidence-link resource.
SRC_PMC8901194,builtin,Bundled extracted evidence source,,,,PMC8901194,atom_evidence_links.csv,metadata_only,bundled_extraction,2026-08-22,existing_repository_resource,Bibliographic title/year/DOI were not present in the bundled evidence-link resource.
SRC_PMC8901827,builtin,Bundled extracted evidence source,,,,PMC8901827,atom_evidence_links.csv,metadata_only,bundled_extraction,2026-08-22,existing_repository_resource,Bibliographic title/year/DOI were not present in the bundled evidence-link resource.
SRC_PMC8905677,builtin,Bundled extracted evidence source,,,,PMC8905677,atom_evidence_links.csv,metadata_only,bundled_extraction,2026-08-22,existing_repository_resource,Bibliographic title/year/DOI were not present in the bundled evidence-link resource.
SRC_PMC8914987,builtin,Bundled extracted evidence source,,,,PMC8914987,atom_evidence_links.csv,metadata_only,bundled_extraction,2026-08-22,existing_repository_resource,Bibliographic title/year/DOI were not present in the bundled evidence-link resource.
SRC_PMC8918582,builtin,Bundled extracted evidence source,,,,PMC8918582,atom_evidence_links.csv,metadata_only,bundled_extraction,2026-08-22,existing_repository_resource,Bibliographic title/year/DOI were not present in the bundled evidence-link resource.
SRC_PMC8938964,builtin,Bundled extracted evidence source,,,,PMC8938964,atom_evidence_links.csv,metadata_only,bundled_extraction,2026-08-22,existing_repository_resource,Bibliographic title/year/DOI were not present in the bundled evidence-link resource.
SRC_PMC8948464,builtin,Bundled extracted evidence source,,,,PMC8948464,atom_evidence_links.csv,metadata_only,bundled_extraction,2026-08-22,existing_repository_resource,Bibliographic title/year/DOI were not present in the bundled evidence-link resource.
SRC_PMC8957952,builtin,Bundled extracted evidence source,,,,PMC8957952,atom_evidence_links.csv,metadata_only,bundled_extraction,2026-08-22,existing_repository_resource,Bibliographic title/year/DOI were not present in the bundled evidence-link resource.
SRC_PMC8961404,builtin,Bundled extracted evidence source,,,,PMC8961404,atom_evidence_links.csv,metadata_only,bundled_extraction,2026-08-22,existing_repository_resource,Bibliographic title/year/DOI were not present in the bundled evidence-link resource.
SRC_PMC8964790,builtin,Bundled extracted evidence source,,,,PMC8964790,atom_evidence_links.csv,metadata_only,bundled_extraction,2026-08-22,existing_repository_resource,Bibliographic title/year/DOI were not present in the bundled evidence-link resource.
SRC_PMC8970051,builtin,Bundled extracted evidence source,,,,PMC8970051,atom_evidence_links.csv,metadata_only,bundled_extraction,2026-08-22,existing_repository_resource,Bibliographic title/year/DOI were not present in the bundled evidence-link resource.
SRC_PMC8973170,builtin,Bundled extracted evidence source,,,,PMC8973170,atom_evidence_links.csv,metadata_only,bundled_extraction,2026-08-22,existing_repository_resource,Bibliographic title/year/DOI were not present in the bundled evidence-link resource.
SRC_PMC8984110,builtin,Bundled extracted evidence source,,,,PMC8984110,atom_evidence_links.csv,metadata_only,bundled_extraction,2026-08-22,existing_repository_resource,Bibliographic title/year/DOI were not present in the bundled evidence-link resource.
SRC_PMC8987120,builtin,Bundled extracted evidence source,,,,PMC8987120,atom_evidence_links.csv,metadata_only,bundled_extraction,2026-08-22,existing_repository_resource,Bibliographic title/year/DOI were not present in the bundled evidence-link resource.
SRC_PMC9003428,builtin,Bundled extracted evidence source,,,,PMC9003428,atom_evidence_links.csv,metadata_only,bundled_extraction,2026-08-22,existing_repository_resource,Bibliographic title/year/DOI were not present in the bundled evidence-link resource.
SRC_PMC9008886,builtin,Bundled extracted evidence source,,,,PMC9008886,atom_evidence_links.csv,metadata_only,bundled_extraction,2026-08-22,existing_repository_resource,Bibliographic title/year/DOI were not present in the bundled evidence-link resource.
SRC_PMC9015002,builtin,Bundled extracted evidence source,,,,PMC9015002,atom_evidence_links.csv,metadata_only,bundled_extraction,2026-08-22,existing_repository_resource,Bibliographic title/year/DOI were not present in the bundled evidence-link resource.
SRC_PMC9016073,builtin,Bundled extracted evidence source,,,,PMC9016073,atom_evidence_links.csv,metadata_only,bundled_extraction,2026-08-22,existing_repository_resource,Bibliographic title/year/DOI were not present in the bundled evidence-link resource.
SRC_PMC9021696,builtin,Bundled extracted evidence source,,,,PMC9021696,atom_evidence_links.csv,metadata_only,bundled_extraction,2026-08-22,existing_repository_resource,Bibliographic title/year/DOI were not present in the bundled evidence-link resource.
SRC_PMC9034734,builtin,Bundled extracted evidence source,,,,PMC9034734,atom_evidence_links.csv,metadata_only,bundled_extraction,2026-08-22,existing_repository_resource,Bibliographic title/year/DOI were not present in the bundled evidence-link resource.
SRC_PMC9037936,builtin,Bundled extracted evidence source,,,,PMC9037936,atom_evidence_links.csv,metadata_only,bundled_extraction,2026-08-22,existing_repository_resource,Bibliographic title/year/DOI were not present in the bundled evidence-link resource.
SRC_PMC9039301,builtin,Bundled extracted evidence source,,,,PMC9039301,atom_evidence_links.csv,metadata_only,bundled_extraction,2026-08-22,existing_repository_resource,Bibliographic title/year/DOI were not present in the bundled evidence-link resource.
SRC_PMC9045899,builtin,Bundled extracted evidence source,,,,PMC9045899,atom_evidence_links.csv,metadata_only,bundled_extraction,2026-08-22,existing_repository_resource,Bibliographic title/year/DOI were not present in the bundled evidence-link resource.
SRC_PMC9046278,builtin,Bundled extracted evidence source,,,,PMC9046278,atom_evidence_links.csv,metadata_only,bundled_extraction,2026-08-22,existing_repository_resource,Bibliographic title/year/DOI were not present in the bundled evidence-link resource.
SRC_PMC9047047,builtin,Bundled extracted evidence source,,,,PMC9047047,atom_evidence_links.csv,metadata_only,bundled_extraction,2026-08-22,existing_repository_resource,Bibliographic title/year/DOI were not present in the bundled evidence-link resource.
SRC_PMC9058760,builtin,Bundled extracted evidence source,,,,PMC9058760,atom_evidence_links.csv,metadata_only,bundled_extraction,2026-08-22,existing_repository_resource,Bibliographic title/year/DOI were not present in the bundled evidence-link resource.
SRC_PMC9058861,builtin,Bundled extracted evidence source,,,,PMC9058861,atom_evidence_links.csv,metadata_only,bundled_extraction,2026-08-22,existing_repository_resource,Bibliographic title/year/DOI were not present in the bundled evidence-link resource.
SRC_PMC9062216,builtin,Bundled extracted evidence source,,,,PMC9062216,atom_evidence_links.csv,metadata_only,bundled_extraction,2026-08-22,existing_repository_resource,Bibliographic title/year/DOI were not present in the bundled evidence-link resource.
SRC_PMC9062667,builtin,Bundled extracted evidence source,,,,PMC9062667,atom_evidence_links.csv,metadata_only,bundled_extraction,2026-08-22,existing_repository_resource,Bibliographic title/year/DOI were not present in the bundled evidence-link resource.
SRC_PMC9075662,builtin,Bundled extracted evidence source,,,,PMC9075662,atom_evidence_links.csv,metadata_only,bundled_extraction,2026-08-22,existing_repository_resource,Bibliographic title/year/DOI were not present in the bundled evidence-link resource.
SRC_PMC9076342,builtin,Bundled extracted evidence source,,,,PMC9076342,atom_evidence_links.csv,metadata_only,bundled_extraction,2026-08-22,existing_repository_resource,Bibliographic title/year/DOI were not present in the bundled evidence-link resource.
SRC_PMC9087351,builtin,Bundled extracted evidence source,,,,PMC9087351,atom_evidence_links.csv,metadata_only,bundled_extraction,2026-08-22,existing_repository_resource,Bibliographic title/year/DOI were not present in the bundled evidence-link resource.
SRC_PMC9116886,builtin,Bundled extracted evidence source,,,,PMC9116886,atom_evidence_links.csv,metadata_only,bundled_extraction,2026-08-22,existing_repository_resource,Bibliographic title/year/DOI were not present in the bundled evidence-link resource.
SRC_PMC9134944,builtin,Bundled extracted evidence source,,,,PMC9134944,atom_evidence_links.csv,metadata_only,bundled_extraction,2026-08-22,existing_repository_resource,Bibliographic title/year/DOI were not present in the bundled evidence-link resource.
SRC_PMC9135309,builtin,Bundled extracted evidence source,,,,PMC9135309,atom_evidence_links.csv,metadata_only,bundled_extraction,2026-08-22,existing_repository_resource,Bibliographic title/year/DOI were not present in the bundled evidence-link resource.
SRC_PMC9139038,builtin,Bundled extracted evidence source,,,,PMC9139038,atom_evidence_links.csv,metadata_only,bundled_extraction,2026-08-22,existing_repository_resource,Bibliographic title/year/DOI were not present in the bundled evidence-link resource.
SRC_PMC9163532,builtin,Bundled extracted evidence source,,,,PMC9163532,atom_evidence_links.csv,metadata_only,bundled_extraction,2026-08-22,existing_repository_resource,Bibliographic title/year/DOI were not present in the bundled evidence-link resource.
SRC_PMC9174890,builtin,Bundled extracted evidence source,,,,PMC9174890,atom_evidence_links.csv,metadata_only,bundled_extraction,2026-08-22,existing_repository_resource,Bibliographic title/year/DOI were not present in the bundled evidence-link resource.
SRC_PMC9177139,builtin,Bundled extracted evidence source,,,,PMC9177139,atom_evidence_links.csv,metadata_only,bundled_extraction,2026-08-22,existing_repository_resource,Bibliographic title/year/DOI were not present in the bundled evidence-link resource.
SRC_PMC9183003,builtin,Bundled extracted evidence source,,,,PMC9183003,atom_evidence_links.csv,metadata_only,bundled_extraction,2026-08-22,existing_repository_resource,Bibliographic title/year/DOI were not present in the bundled evidence-link resource.
SRC_PMC9205639,builtin,Bundled extracted evidence source,,,,PMC9205639,atom_evidence_links.csv,metadata_only,bundled_extraction,2026-08-22,existing_repository_resource,Bibliographic title/year/DOI were not present in the bundled evidence-link resource.
SRC_PMC9224851,builtin,Bundled extracted evidence source,,,,PMC9224851,atom_evidence_links.csv,metadata_only,bundled_extraction,2026-08-22,existing_repository_resource,Bibliographic title/year/DOI were not present in the bundled evidence-link resource.
SRC_PMC9245014,builtin,Bundled extracted evidence source,,,,PMC9245014,atom_evidence_links.csv,metadata_only,bundled_extraction,2026-08-22,existing_repository_resource,Bibliographic title/year/DOI were not present in the bundled evidence-link resource.
SRC_PMC9271890,builtin,Bundled extracted evidence source,,,,PMC9271890,atom_evidence_links.csv,metadata_only,bundled_extraction,2026-08-22,existing_repository_resource,Bibliographic title/year/DOI were not present in the bundled evidence-link resource.
SRC_PMC9272976,builtin,Bundled extracted evidence source,,,,PMC9272976,atom_evidence_links.csv,metadata_only,bundled_extraction,2026-08-22,existing_repository_resource,Bibliographic title/year/DOI were not present in the bundled evidence-link resource.
SRC_PMC9277676,builtin,Bundled extracted evidence source,,,,PMC9277676,atom_evidence_links.csv,metadata_only,bundled_extraction,2026-08-22,existing_repository_resource,Bibliographic title/year/DOI were not present in the bundled evidence-link resource.
SRC_PMC9298794,builtin,Bundled extracted evidence source,,,,PMC9298794,atom_evidence_links.csv,metadata_only,bundled_extraction,2026-08-22,existing_repository_resource,Bibliographic title/year/DOI were not present in the bundled evidence-link resource.
SRC_PMC9298853,builtin,Bundled extracted evidence source,,,,PMC9298853,atom_evidence_links.csv,metadata_only,bundled_extraction,2026-08-22,existing_repository_resource,Bibliographic title/year/DOI were not present in the bundled evidence-link resource.
SRC_PMC9301871,builtin,Bundled extracted evidence source,,,,PMC9301871,atom_evidence_links.csv,metadata_only,bundled_extraction,2026-08-22,existing_repository_resource,Bibliographic title/year/DOI were not present in the bundled evidence-link resource.
SRC_PMC9304617,builtin,Bundled extracted evidence source,,,,PMC9304617,atom_evidence_links.csv,metadata_only,bundled_extraction,2026-08-22,existing_repository_resource,Bibliographic title/year/DOI were not present in the bundled evidence-link resource.
SRC_PMC9309379,builtin,Bundled extracted evidence source,,,,PMC9309379,atom_evidence_links.csv,metadata_only,bundled_extraction,2026-08-22,existing_repository_resource,Bibliographic title/year/DOI were not present in the bundled evidence-link resource.
SRC_PMC9312707,builtin,Bundled extracted evidence source,,,,PMC9312707,atom_evidence_links.csv,metadata_only,bundled_extraction,2026-08-22,existing_repository_resource,Bibliographic title/year/DOI were not present in the bundled evidence-link resource.
SRC_PMC9314640,builtin,Bundled extracted evidence source,,,,PMC9314640,atom_evidence_links.csv,metadata_only,bundled_extraction,2026-08-22,existing_repository_resource,Bibliographic title/year/DOI were not present in the bundled evidence-link resource.
SRC_PMC9314789,builtin,Bundled extracted evidence source,,,,PMC9314789,atom_evidence_links.csv,metadata_only,bundled_extraction,2026-08-22,existing_repository_resource,Bibliographic title/year/DOI were not present in the bundled evidence-link resource.
SRC_PMC9322944,builtin,Bundled extracted evidence source,,,,PMC9322944,atom_evidence_links.csv,metadata_only,bundled_extraction,2026-08-22,existing_repository_resource,Bibliographic title/year/DOI were not present in the bundled evidence-link resource.
SRC_PMC9323243,builtin,Bundled extracted evidence source,,,,PMC9323243,atom_evidence_links.csv,metadata_only,bundled_extraction,2026-08-22,existing_repository_resource,Bibliographic title/year/DOI were not present in the bundled evidence-link resource.
SRC_PMC9335366,builtin,Bundled extracted evidence source,,,,PMC9335366,atom_evidence_links.csv,metadata_only,bundled_extraction,2026-08-22,existing_repository_resource,Bibliographic title/year/DOI were not present in the bundled evidence-link resource.
SRC_PMC9339604,builtin,Bundled extracted evidence source,,,,PMC9339604,atom_evidence_links.csv,metadata_only,bundled_extraction,2026-08-22,existing_repository_resource,Bibliographic title/year/DOI were not present in the bundled evidence-link resource.
SRC_PMC9342630,builtin,Bundled extracted evidence source,,,,PMC9342630,atom_evidence_links.csv,metadata_only,bundled_extraction,2026-08-22,existing_repository_resource,Bibliographic title/year/DOI were not present in the bundled evidence-link resource.
SRC_PMC9343616,builtin,Bundled extracted evidence source,,,,PMC9343616,atom_evidence_links.csv,metadata_only,bundled_extraction,2026-08-22,existing_repository_resource,Bibliographic title/year/DOI were not present in the bundled evidence-link resource.
SRC_PMC9343657,builtin,Bundled extracted evidence source,,,,PMC9343657,atom_evidence_links.csv,metadata_only,bundled_extraction,2026-08-22,existing_repository_resource,Bibliographic title/year/DOI were not present in the bundled evidence-link resource.
SRC_PMC9366124,builtin,Bundled extracted evidence source,,,,PMC9366124,atom_evidence_links.csv,metadata_only,bundled_extraction,2026-08-22,existing_repository_resource,Bibliographic title/year/DOI were not present in the bundled evidence-link resource.
SRC_PMC9373433,builtin,Bundled extracted evidence source,,,,PMC9373433,atom_evidence_links.csv,metadata_only,bundled_extraction,2026-08-22,existing_repository_resource,Bibliographic title/year/DOI were not present in the bundled evidence-link resource.
SRC_PMC9377452,builtin,Bundled extracted evidence source,,,,PMC9377452,atom_evidence_links.csv,metadata_only,bundled_extraction,2026-08-22,existing_repository_resource,Bibliographic title/year/DOI were not present in the bundled evidence-link resource.
SRC_PMC9382234,builtin,Bundled extracted evidence source,,,,PMC9382234,atom_evidence_links.csv,metadata_only,bundled_extraction,2026-08-22,existing_repository_resource,Bibliographic title/year/DOI were not present in the bundled evidence-link resource.
SRC_PMC9386281,builtin,Bundled extracted evidence source,,,,PMC9386281,atom_evidence_links.csv,metadata_only,bundled_extraction,2026-08-22,existing_repository_resource,Bibliographic title/year/DOI were not present in the bundled evidence-link resource.
SRC_PMC9388144,builtin,Bundled extracted evidence source,,,,PMC9388144,atom_evidence_links.csv,metadata_only,bundled_extraction,2026-08-22,existing_repository_resource,Bibliographic title/year/DOI were not present in the bundled evidence-link resource.
SRC_PMC9391196,builtin,Bundled extracted evidence source,,,,PMC9391196,atom_evidence_links.csv,metadata_only,bundled_extraction,2026-08-22,existing_repository_resource,Bibliographic title/year/DOI were not present in the bundled evidence-link resource.
SRC_PMC9399579,builtin,Bundled extracted evidence source,,,,PMC9399579,atom_evidence_links.csv,metadata_only,bundled_extraction,2026-08-22,existing_repository_resource,Bibliographic title/year/DOI were not present in the bundled evidence-link resource.
SRC_PMC9411170,builtin,Bundled extracted evidence source,,,,PMC9411170,atom_evidence_links.csv,metadata_only,bundled_extraction,2026-08-22,existing_repository_resource,Bibliographic title/year/DOI were not present in the bundled evidence-link resource.
SRC_PMC9411744,builtin,Bundled extracted evidence source,,,,PMC9411744,atom_evidence_links.csv,metadata_only,bundled_extraction,2026-08-22,existing_repository_resource,Bibliographic title/year/DOI were not present in the bundled evidence-link resource.
SRC_PMC9421505,builtin,Bundled extracted evidence source,,,,PMC9421505,atom_evidence_links.csv,metadata_only,bundled_extraction,2026-08-22,existing_repository_resource,Bibliographic title/year/DOI were not present in the bundled evidence-link resource.
SRC_PMC9433536,builtin,Bundled extracted evidence source,,,,PMC9433536,atom_evidence_links.csv,metadata_only,bundled_extraction,2026-08-22,existing_repository_resource,Bibliographic title/year/DOI were not present in the bundled evidence-link resource.
SRC_PMC9433808,builtin,Bundled extracted evidence source,,,,PMC9433808,atom_evidence_links.csv,metadata_only,bundled_extraction,2026-08-22,existing_repository_resource,Bibliographic title/year/DOI were not present in the bundled evidence-link resource.
SRC_PMC9433974,builtin,Bundled extracted evidence source,,,,PMC9433974,atom_evidence_links.csv,metadata_only,bundled_extraction,2026-08-22,existing_repository_resource,Bibliographic title/year/DOI were not present in the bundled evidence-link resource.
SRC_PMC9442204,builtin,Bundled extracted evidence source,,,,PMC9442204,atom_evidence_links.csv,metadata_only,bundled_extraction,2026-08-22,existing_repository_resource,Bibliographic title/year/DOI were not present in the bundled evidence-link resource.
SRC_PMC9453479,builtin,Bundled extracted evidence source,,,,PMC9453479,atom_evidence_links.csv,metadata_only,bundled_extraction,2026-08-22,existing_repository_resource,Bibliographic title/year/DOI were not present in the bundled evidence-link resource.
SRC_PMC9464803,builtin,Bundled extracted evidence source,,,,PMC9464803,atom_evidence_links.csv,metadata_only,bundled_extraction,2026-08-22,existing_repository_resource,Bibliographic title/year/DOI were not present in the bundled evidence-link resource.
SRC_PMC9472125,builtin,Bundled extracted evidence source,,,,PMC9472125,atom_evidence_links.csv,metadata_only,bundled_extraction,2026-08-22,existing_repository_resource,Bibliographic title/year/DOI were not present in the bundled evidence-link resource.
SRC_PMC9472706,builtin,Bundled extracted evidence source,,,,PMC9472706,atom_evidence_links.csv,metadata_only,bundled_extraction,2026-08-22,existing_repository_resource,Bibliographic title/year/DOI were not present in the bundled evidence-link resource.
SRC_PMC9482766,builtin,Bundled extracted evidence source,,,,PMC9482766,atom_evidence_links.csv,metadata_only,bundled_extraction,2026-08-22,existing_repository_resource,Bibliographic title/year/DOI were not present in the bundled evidence-link resource.
SRC_PMC9483634,builtin,Bundled extracted evidence source,,,,PMC9483634,atom_evidence_links.csv,metadata_only,bundled_extraction,2026-08-22,existing_repository_resource,Bibliographic title/year/DOI were not present in the bundled evidence-link resource.
SRC_PMC9489908,builtin,Bundled extracted evidence source,,,,PMC9489908,atom_evidence_links.csv,metadata_only,bundled_extraction,2026-08-22,existing_repository_resource,Bibliographic title/year/DOI were not present in the bundled evidence-link resource.
SRC_PMC9494720,builtin,Bundled extracted evidence source,,,,PMC9494720,atom_evidence_links.csv,metadata_only,bundled_extraction,2026-08-22,existing_repository_resource,Bibliographic title/year/DOI were not present in the bundled evidence-link resource.
SRC_PMC9499323,builtin,Bundled extracted evidence source,,,,PMC9499323,atom_evidence_links.csv,metadata_only,bundled_extraction,2026-08-22,existing_repository_resource,Bibliographic title/year/DOI were not present in the bundled evidence-link resource.
SRC_PMC9502461,builtin,Bundled extracted evidence source,,,,PMC9502461,atom_evidence_links.csv,metadata_only,bundled_extraction,2026-08-22,existing_repository_resource,Bibliographic title/year/DOI were not present in the bundled evidence-link resource.
SRC_PMC9505443,builtin,Bundled extracted evidence source,,,,PMC9505443,atom_evidence_links.csv,metadata_only,bundled_extraction,2026-08-22,existing_repository_resource,Bibliographic title/year/DOI were not present in the bundled evidence-link resource.
SRC_PMC9511429,builtin,Bundled extracted evidence source,,,,PMC9511429,atom_evidence_links.csv,metadata_only,bundled_extraction,2026-08-22,existing_repository_resource,Bibliographic title/year/DOI were not present in the bundled evidence-link resource.
SRC_PMC9523102,builtin,Bundled extracted evidence source,,,,PMC9523102,atom_evidence_links.csv,metadata_only,bundled_extraction,2026-08-22,existing_repository_resource,Bibliographic title/year/DOI were not present in the bundled evidence-link resource.
SRC_PMC9540519,builtin,Bundled extracted evidence source,,,,PMC9540519,atom_evidence_links.csv,metadata_only,bundled_extraction,2026-08-22,existing_repository_resource,Bibliographic title/year/DOI were not present in the bundled evidence-link resource.
SRC_PMC9547786,builtin,Bundled extracted evidence source,,,,PMC9547786,atom_evidence_links.csv,metadata_only,bundled_extraction,2026-08-22,existing_repository_resource,Bibliographic title/year/DOI were not present in the bundled evidence-link resource.
SRC_PMC9555616,builtin,Bundled extracted evidence source,,,,PMC9555616,atom_evidence_links.csv,metadata_only,bundled_extraction,2026-08-22,existing_repository_resource,Bibliographic title/year/DOI were not present in the bundled evidence-link resource.
SRC_PMC9565129,builtin,Bundled extracted evidence source,,,,PMC9565129,atom_evidence_links.csv,metadata_only,bundled_extraction,2026-08-22,existing_repository_resource,Bibliographic title/year/DOI were not present in the bundled evidence-link resource.
SRC_PMC9571712,builtin,Bundled extracted evidence source,,,,PMC9571712,atom_evidence_links.csv,metadata_only,bundled_extraction,2026-08-22,existing_repository_resource,Bibliographic title/year/DOI were not present in the bundled evidence-link resource.
SRC_PMC9576156,builtin,Bundled extracted evidence source,,,,PMC9576156,atom_evidence_links.csv,metadata_only,bundled_extraction,2026-08-22,existing_repository_resource,Bibliographic title/year/DOI were not present in the bundled evidence-link resource.
SRC_PMC9587749,builtin,Bundled extracted evidence source,,,,PMC9587749,atom_evidence_links.csv,metadata_only,bundled_extraction,2026-08-22,existing_repository_resource,Bibliographic title/year/DOI were not present in the bundled evidence-link resource.
SRC_PMC9587758,builtin,Bundled extracted evidence source,,,,PMC9587758,atom_evidence_links.csv,metadata_only,bundled_extraction,2026-08-22,existing_repository_resource,Bibliographic title/year/DOI were not present in the bundled evidence-link resource.
SRC_PMC9589107,builtin,Bundled extracted evidence source,,,,PMC9589107,atom_evidence_links.csv,metadata_only,bundled_extraction,2026-08-22,existing_repository_resource,Bibliographic title/year/DOI were not present in the bundled evidence-link resource.
SRC_PMC9589108,builtin,Bundled extracted evidence source,,,,PMC9589108,atom_evidence_links.csv,metadata_only,bundled_extraction,2026-08-22,existing_repository_resource,Bibliographic title/year/DOI were not present in the bundled evidence-link resource.
SRC_PMC9593203,builtin,Bundled extracted evidence source,,,,PMC9593203,atom_evidence_links.csv,metadata_only,bundled_extraction,2026-08-22,existing_repository_resource,Bibliographic title/year/DOI were not present in the bundled evidence-link resource.
SRC_PMC9606125,builtin,Bundled extracted evidence source,,,,PMC9606125,atom_evidence_links.csv,metadata_only,bundled_extraction,2026-08-22,existing_repository_resource,Bibliographic title/year/DOI were not present in the bundled evidence-link resource.
SRC_PMC9630718,builtin,Bundled extracted evidence source,,,,PMC9630718,atom_evidence_links.csv,metadata_only,bundled_extraction,2026-08-22,existing_repository_resource,Bibliographic title/year/DOI were not present in the bundled evidence-link resource.
SRC_PMC9645655,builtin,Bundled extracted evidence source,,,,PMC9645655,atom_evidence_links.csv,metadata_only,bundled_extraction,2026-08-22,existing_repository_resource,Bibliographic title/year/DOI were not present in the bundled evidence-link resource.
SRC_PMC9646496,builtin,Bundled extracted evidence source,,,,PMC9646496,atom_evidence_links.csv,metadata_only,bundled_extraction,2026-08-22,existing_repository_resource,Bibliographic title/year/DOI were not present in the bundled evidence-link resource.
SRC_PMC9647535,builtin,Bundled extracted evidence source,,,,PMC9647535,atom_evidence_links.csv,metadata_only,bundled_extraction,2026-08-22,existing_repository_resource,Bibliographic title/year/DOI were not present in the bundled evidence-link resource.
SRC_PMC9653646,builtin,Bundled extracted evidence source,,,,PMC9653646,atom_evidence_links.csv,metadata_only,bundled_extraction,2026-08-22,existing_repository_resource,Bibliographic title/year/DOI were not present in the bundled evidence-link resource.
SRC_PMC9657988,builtin,Bundled extracted evidence source,,,,PMC9657988,atom_evidence_links.csv,metadata_only,bundled_extraction,2026-08-22,existing_repository_resource,Bibliographic title/year/DOI were not present in the bundled evidence-link resource.
SRC_PMC9665873,builtin,Bundled extracted evidence source,,,,PMC9665873,atom_evidence_links.csv,metadata_only,bundled_extraction,2026-08-22,existing_repository_resource,Bibliographic title/year/DOI were not present in the bundled evidence-link resource.
SRC_PMC9682186,builtin,Bundled extracted evidence source,,,,PMC9682186,atom_evidence_links.csv,metadata_only,bundled_extraction,2026-08-22,existing_repository_resource,Bibliographic title/year/DOI were not present in the bundled evidence-link resource.
SRC_PMC9688708,builtin,Bundled extracted evidence source,,,,PMC9688708,atom_evidence_links.csv,metadata_only,bundled_extraction,2026-08-22,existing_repository_resource,Bibliographic title/year/DOI were not present in the bundled evidence-link resource.
SRC_PMC9692288,builtin,Bundled extracted evidence source,,,,PMC9692288,atom_evidence_links.csv,metadata_only,bundled_extraction,2026-08-22,existing_repository_resource,Bibliographic title/year/DOI were not present in the bundled evidence-link resource.
SRC_PMC9703974,builtin,Bundled extracted evidence source,,,,PMC9703974,atom_evidence_links.csv,metadata_only,bundled_extraction,2026-08-22,existing_repository_resource,Bibliographic title/year/DOI were not present in the bundled evidence-link resource.
SRC_PMC9713166,builtin,Bundled extracted evidence source,,,,PMC9713166,atom_evidence_links.csv,metadata_only,bundled_extraction,2026-08-22,existing_repository_resource,Bibliographic title/year/DOI were not present in the bundled evidence-link resource.
SRC_PMC9720858,builtin,Bundled extracted evidence source,,,,PMC9720858,atom_evidence_links.csv,metadata_only,bundled_extraction,2026-08-22,existing_repository_resource,Bibliographic title/year/DOI were not present in the bundled evidence-link resource.
SRC_PMC9722394,builtin,Bundled extracted evidence source,,,,PMC9722394,atom_evidence_links.csv,metadata_only,bundled_extraction,2026-08-22,existing_repository_resource,Bibliographic title/year/DOI were not present in the bundled evidence-link resource.
SRC_PMC9731572,builtin,Bundled extracted evidence source,,,,PMC9731572,atom_evidence_links.csv,metadata_only,bundled_extraction,2026-08-22,existing_repository_resource,Bibliographic title/year/DOI were not present in the bundled evidence-link resource.
SRC_PMC9732807,builtin,Bundled extracted evidence source,,,,PMC9732807,atom_evidence_links.csv,metadata_only,bundled_extraction,2026-08-22,existing_repository_resource,Bibliographic title/year/DOI were not present in the bundled evidence-link resource.
SRC_PMC9733771,builtin,Bundled extracted evidence source,,,,PMC9733771,atom_evidence_links.csv,metadata_only,bundled_extraction,2026-08-22,existing_repository_resource,Bibliographic title/year/DOI were not present in the bundled evidence-link resource.
SRC_PMC9742284,builtin,Bundled extracted evidence source,,,,PMC9742284,atom_evidence_links.csv,metadata_only,bundled_extraction,2026-08-22,existing_repository_resource,Bibliographic title/year/DOI were not present in the bundled evidence-link resource.
SRC_PMC9762051,builtin,Bundled extracted evidence source,,,,PMC9762051,atom_evidence_links.csv,metadata_only,bundled_extraction,2026-08-22,existing_repository_resource,Bibliographic title/year/DOI were not present in the bundled evidence-link resource.
SRC_PMC9775029,builtin,Bundled extracted evidence source,,,,PMC9775029,atom_evidence_links.csv,metadata_only,bundled_extraction,2026-08-22,existing_repository_resource,Bibliographic title/year/DOI were not present in the bundled evidence-link resource.
SRC_PMC9780687,builtin,Bundled extracted evidence source,,,,PMC9780687,atom_evidence_links.csv,metadata_only,bundled_extraction,2026-08-22,existing_repository_resource,Bibliographic title/year/DOI were not present in the bundled evidence-link resource.
SRC_PMC9793407,builtin,Bundled extracted evidence source,,,,PMC9793407,atom_evidence_links.csv,metadata_only,bundled_extraction,2026-08-22,existing_repository_resource,Bibliographic title/year/DOI were not present in the bundled evidence-link resource.
SRC_PMC9815777,builtin,Bundled extracted evidence source,,,,PMC9815777,atom_evidence_links.csv,metadata_only,bundled_extraction,2026-08-22,existing_repository_resource,Bibliographic title/year/DOI were not present in the bundled evidence-link resource.
SRC_PMC9823873,builtin,Bundled extracted evidence source,,,,PMC9823873,atom_evidence_links.csv,metadata_only,bundled_extraction,2026-08-22,existing_repository_resource,Bibliographic title/year/DOI were not present in the bundled evidence-link resource.
SRC_PMC9832127,builtin,Bundled extracted evidence source,,,,PMC9832127,atom_evidence_links.csv,metadata_only,bundled_extraction,2026-08-22,existing_repository_resource,Bibliographic title/year/DOI were not present in the bundled evidence-link resource.
SRC_PMC9837245,builtin,Bundled extracted evidence source,,,,PMC9837245,atom_evidence_links.csv,metadata_only,bundled_extraction,2026-08-22,existing_repository_resource,Bibliographic title/year/DOI were not present in the bundled evidence-link resource.
SRC_PMC9853339,builtin,Bundled extracted evidence source,,,,PMC9853339,atom_evidence_links.csv,metadata_only,bundled_extraction,2026-08-22,existing_repository_resource,Bibliographic title/year/DOI were not present in the bundled evidence-link resource.
SRC_PMC9869134,builtin,Bundled extracted evidence source,,,,PMC9869134,atom_evidence_links.csv,metadata_only,bundled_extraction,2026-08-22,existing_repository_resource,Bibliographic title/year/DOI were not present in the bundled evidence-link resource.
SRC_PMC9869382,builtin,Bundled extracted evidence source,,,,PMC9869382,atom_evidence_links.csv,metadata_only,bundled_extraction,2026-08-22,existing_repository_resource,Bibliographic title/year/DOI were not present in the bundled evidence-link resource.
SRC_PMC9871806,builtin,Bundled extracted evidence source,,,,PMC9871806,atom_evidence_links.csv,metadata_only,bundled_extraction,2026-08-22,existing_repository_resource,Bibliographic title/year/DOI were not present in the bundled evidence-link resource.
SRC_PMC9892761,builtin,Bundled extracted evidence source,,,,PMC9892761,atom_evidence_links.csv,metadata_only,bundled_extraction,2026-08-22,existing_repository_resource,Bibliographic title/year/DOI were not present in the bundled evidence-link resource.
SRC_PMC9896013,builtin,Bundled extracted evidence source,,,,PMC9896013,atom_evidence_links.csv,metadata_only,bundled_extraction,2026-08-22,existing_repository_resource,Bibliographic title/year/DOI were not present in the bundled evidence-link resource.
SRC_PMC9900395,builtin,Bundled extracted evidence source,,,,PMC9900395,atom_evidence_links.csv,metadata_only,bundled_extraction,2026-08-22,existing_repository_resource,Bibliographic title/year/DOI were not present in the bundled evidence-link resource.
SRC_PMC9910791,builtin,Bundled extracted evidence source,,,,PMC9910791,atom_evidence_links.csv,metadata_only,bundled_extraction,2026-08-22,existing_repository_resource,Bibliographic title/year/DOI were not present in the bundled evidence-link resource.
SRC_PMC9911305,builtin,Bundled extracted evidence source,,,,PMC9911305,atom_evidence_links.csv,metadata_only,bundled_extraction,2026-08-22,existing_repository_resource,Bibliographic title/year/DOI were not present in the bundled evidence-link resource.
SRC_PMC9917717,builtin,Bundled extracted evidence source,,,,PMC9917717,atom_evidence_links.csv,metadata_only,bundled_extraction,2026-08-22,existing_repository_resource,Bibliographic title/year/DOI were not present in the bundled evidence-link resource.
SRC_PMC9917719,builtin,Bundled extracted evidence source,,,,PMC9917719,atom_evidence_links.csv,metadata_only,bundled_extraction,2026-08-22,existing_repository_resource,Bibliographic title/year/DOI were not present in the bundled evidence-link resource.
SRC_PMC9925470,builtin,Bundled extracted evidence source,,,,PMC9925470,atom_evidence_links.csv,metadata_only,bundled_extraction,2026-08-22,existing_repository_resource,Bibliographic title/year/DOI were not present in the bundled evidence-link resource.
SRC_PMC9927597,builtin,Bundled extracted evidence source,,,,PMC9927597,atom_evidence_links.csv,metadata_only,bundled_extraction,2026-08-22,existing_repository_resource,Bibliographic title/year/DOI were not present in the bundled evidence-link resource.
SRC_PMC9934728,builtin,Bundled extracted evidence source,,,,PMC9934728,atom_evidence_links.csv,metadata_only,bundled_extraction,2026-08-22,existing_repository_resource,Bibliographic title/year/DOI were not present in the bundled evidence-link resource.
SRC_PMC9950900,builtin,Bundled extracted evidence source,,,,PMC9950900,atom_evidence_links.csv,metadata_only,bundled_extraction,2026-08-22,existing_repository_resource,Bibliographic title/year/DOI were not present in the bundled evidence-link resource.
SRC_PMC9965810,builtin,Bundled extracted evidence source,,,,PMC9965810,atom_evidence_links.csv,metadata_only,bundled_extraction,2026-08-22,existing_repository_resource,Bibliographic title/year/DOI were not present in the bundled evidence-link resource.
SRC_PMC9975578,builtin,Bundled extracted evidence source,,,,PMC9975578,atom_evidence_links.csv,metadata_only,bundled_extraction,2026-08-22,existing_repository_resource,Bibliographic title/year/DOI were not present in the bundled evidence-link resource.
SRC_PMC9980909,builtin,Bundled extracted evidence source,,,,PMC9980909,atom_evidence_links.csv,metadata_only,bundled_extraction,2026-08-22,existing_repository_resource,Bibliographic title/year/DOI were not present in the bundled evidence-link resource.
SRC_PMC9995819,builtin,Bundled extracted evidence source,,,,PMC9995819,atom_evidence_links.csv,metadata_only,bundled_extraction,2026-08-22,existing_repository_resource,Bibliographic title/year/DOI were not present in the bundled evidence-link resource.
SRC_PMC9997722,builtin,Bundled extracted evidence source,,,,PMC9997722,atom_evidence_links.csv,metadata_only,bundled_extraction,2026-08-22,existing_repository_resource,Bibliographic title/year/DOI were not present in the bundled evidence-link resource.
SRC_PMC9999014,builtin,Bundled extracted evidence source,,,,PMC9999014,atom_evidence_links.csv,metadata_only,bundled_extraction,2026-08-22,existing_repository_resource,Bibliographic title/year/DOI were not present in the bundled evidence-link resource.
SRC_PMID35065956,builtin,Bundled extracted evidence source,,,,,atom_evidence_links.csv,metadata_only,bundled_extraction,2026-08-22,existing_repository_resource,Bibliographic title/year/DOI were not present in the bundled evidence-link resource.
SRC_PMID36404217,builtin,Bundled extracted evidence source,,,,,atom_evidence_links.csv,metadata_only,bundled_extraction,2026-08-22,existing_repository_resource,Bibliographic title/year/DOI were not present in the bundled evidence-link resource.
SRC_PMID39667979,builtin,Bundled extracted evidence source,,,,,atom_evidence_links.csv,metadata_only,bundled_extraction,2026-08-22,existing_repository_resource,Bibliographic title/year/DOI were not present in the bundled evidence-link resource.
SRC_PMID39734141,builtin,Bundled extracted evidence source,,,,,atom_evidence_links.csv,metadata_only,bundled_extraction,2026-08-22,existing_repository_resource,Bibliographic title/year/DOI were not present in the bundled evidence-link resource.
SRC_PMID40306761,builtin,Bundled extracted evidence source,,,,,atom_evidence_links.csv,metadata_only,bundled_extraction,2026-08-22,existing_repository_resource,Bibliographic title/year/DOI were not present in the bundled evidence-link resource.
SRC_PMID40605912,builtin,Bundled extracted evidence source,,,,,atom_evidence_links.csv,metadata_only,bundled_extraction,2026-08-22,existing_repository_resource,Bibliographic title/year/DOI were not present in the bundled evidence-link resource.
SRC_PMID40629211,builtin,Bundled extracted evidence source,,,,,atom_evidence_links.csv,metadata_only,bundled_extraction,2026-08-22,existing_repository_resource,Bibliographic title/year/DOI were not present in the bundled evidence-link resource.
SRC_PMID40816923,builtin,Bundled extracted evidence source,,,,,atom_evidence_links.csv,metadata_only,bundled_extraction,2026-08-22,existing_repository_resource,Bibliographic title/year/DOI were not present in the bundled evidence-link resource.
SRC_PMID40843107,builtin,Bundled extracted evidence source,,,,,atom_evidence_links.csv,metadata_only,bundled_extraction,2026-08-22,existing_repository_resource,Bibliographic title/year/DOI were not present in the bundled evidence-link resource.
SRC_PMID41196800,builtin,Bundled extracted evidence source,,,,,atom_evidence_links.csv,metadata_only,bundled_extraction,2026-08-22,existing_repository_resource,Bibliographic title/year/DOI were not present in the bundled evidence-link resource.
SRC_PMID41771364,builtin,Bundled extracted evidence source,,,,,atom_evidence_links.csv,metadata_only,bundled_extraction,2026-08-22,existing_repository_resource,Bibliographic title/year/DOI were not present in the bundled evidence-link resource.
SRC_PMID42025243,builtin,Bundled extracted evidence source,,,,,atom_evidence_links.csv,metadata_only,bundled_extraction,2026-08-22,existing_repository_resource,Bibliographic title/year/DOI were not present in the bundled evidence-link resource.
SRC_PMID42255351,builtin,Bundled extracted evidence source,,,,,atom_evidence_links.csv,metadata_only,bundled_extraction,2026-08-22,existing_repository_resource,Bibliographic title/year/DOI were not present in the bundled evidence-link resource.
SRC_PMID42313692,builtin,Bundled extracted evidence source,,,,,atom_evidence_links.csv,metadata_only,bundled_extraction,2026-08-22,existing_repository_resource,Bibliographic title/year/DOI were not present in the bundled evidence-link resource.
SRC_PMID_33512913,builtin,Bundled extracted evidence source,,,,,atom_evidence_links.csv,metadata_only,bundled_extraction,2026-08-22,existing_repository_resource,Bibliographic title/year/DOI were not present in the bundled evidence-link resource.
SRC_PMID_34284934,builtin,Bundled extracted evidence source,,,,,atom_evidence_links.csv,metadata_only,bundled_extraction,2026-08-22,existing_repository_resource,Bibliographic title/year/DOI were not present in the bundled evidence-link resource.
SRC_PMID_34411803,builtin,Bundled extracted evidence source,,,,,atom_evidence_links.csv,metadata_only,bundled_extraction,2026-08-22,existing_repository_resource,Bibliographic title/year/DOI were not present in the bundled evidence-link resource.
builtin,builtin,Bundled extracted evidence source,,,,,atom_evidence_links.csv,metadata_only,bundled_extraction,2026-08-22,existing_repository_resource,Bibliographic title/year/DOI were not present in the bundled evidence-link resource.
